particle_size,std_after_125_1_1_00,std_after_125_1_1_01,std_after_125_1_1_02,std_after_125_1_2_00,std_after_125_1_2_01,std_after_125_1_2_02,std_before_125_1_1_00,std_before_125_1_1_01,std_before_125_1_1_02,std_before_125_1_2_00,std_before_125_1_2_01,std_before_125_1_2_02
0.5,0,0,0,0,0,0,0,0,0,0,0,0
1.5,0,0,0,0,0,0,0,0,0,0,0,0
2.5,0,0,0,0,0,0,0,0,0,0,0,0
3.5,0,0,0,0,0,0,0,0,0,0,0,0
4.5,0,0,0,0,0,0,0,0,0,0,0,0
5.5,0,0,0,0,0,0,0,0,0,0,0,0
6.5,0,0,0,0,0,0,0,0,0,0,0,0
7.5,0,0,0,0,0,0,0,0,0,0,0,0
8.5,0,0,0,0,0,0,0,0,0,0,0,0
9.5,0,0,0,0,0,0,0,0,0,0,0,0
10.5,0,0,0,0,0,0,0,0,0,0,0,0
11.5,0,0,0,0,0,0,0,0,0,0,0,0
12.5,0,0,0,0,0,0,0,0,0,0,0,0
13.5,0,0,0,0,0,0,0,0,0,0,0,0
14.5,0,0,0,0,0,0,0,0,0,0,0,0
15.5,0,0,0,0,0,0,0,0,0,0,0,0
16.5,0,0,0,0,0,0,0,0,0,0,0,0
17.5,0,0,0,0,0,0,0,0,0,0,0,0
18.5,0,0,0,0,0,0,0,0,0,0,0,0
19.5,0,0,0,0,0,0,0,0,0,0,0,0
20.5,0,0,0,0,0,0,0,0,0,0,0,0
21.5,0,0,0,0,0,0,0,0,0,0,0,0
22.5,0,0,0,0,0,0,0,0,0,0,0,0
23.5,0,0,0,0,0,0,0,0,0,0,0,0
24.5,0,0,0,0,0,0,0,0,0,0,0,0
25.5,0,0,0,0,0,0,0,0,0,0,0,0
26.5,0,0,0,0,0,0,0,0,0,0,0,0
27.5,0,0,0,0,0,0,0,0,0,0,0,0
28.5,0,0,0,0,0,0,0,0,0,0,0,0
29.5,0,0,0,0,0,0,0,0,0,0,0,0
30.5,0,0,0,0,0,0,0,0,0,0,0,0
31.5,0,0,0,0,0,0,0,0,0,0,0,0
32.5,0,0,0,0,0,0,0,0,0,0,0,0
33.5,0,0,0,0,0,0,0,0,0,0,0,0
34.5,0,0,0,0,0,0,0,0,0,0,0,0
35.5,0,0,0,0,0,0,0,0,0,0,0,0
36.5,0,0,0,0,0,0,0,0,0,0,0,0
37.5,0,0,0,0,0,0,0,0,0,0,0,0
38.5,0,0,0,0,0,0,0,0,0,0,0,0
39.5,0,0,0,0,0,0,0,0,0,0,0,0
40.5,0,0,0,0,0,0,0,0,0,0,0,0
41.5,0,0,0,0,0,0,0,0,0,0,0,0
42.5,0,0,0,0,0,0,0,0,2,0,0,0
43.5,0,0,0,0,0,0,0,0,10,0,0,0
44.5,0,0,0,0,0,0,0,0,48,0,0,0
45.5,0,0,0,0,0,0,0,0,182,0,0,0
46.5,0,0,0,0,0,119,0,0,575,0,0,0
47.5,0,0,0,0,0,4781,0,0,1496,0,0,0
48.5,0,0,0,0,0,54234,0,0,3242,0,0,0
49.5,0,0,0,0,0,198545,0,0,5914,0,0,0
50.5,0,0,0,0,0,271269,0,3,9206,0,0,0
51.5,0,0,1,0,0,162042,0,14,12418,0,0,0
52.5,0,0,3,0,0,50099,0,53,14770,0,0,0
53.5,0,0,5,0,0,9555,0,159,15776,0,0,0
54.5,0,0,10,0,0,1342,0,375,15429,0,0,0
55.5,0,0,19,0,0,165,0,714,14090,0,0,0
56.5,0,0,35,0,2,21,0,1123,12255,0,0,0
57.5,0,0,67,0,4,3,0,1503,10348,0,0,0
58.5,0,0,125,0,9,0,0,1765,8640,0,0,0
59.5,0,0,232,0,20,0,0,1878,7256,0,0,0
60.5,0,0,427,0,41,0,0,1872,6221,0,0,0
61.5,0,0,777,0,86,0,0,1806,5517,0,0,0
62.5,0,0,1400,0,178,0,0,1738,5112,0,0,0
63.5,0,0,2487,0,364,0,0,1718,4986,0,0,0
64.5,0,0,4352,0,731,0,0,1785,5144,0,0,2
65.5,0,0,7490,0,1439,0,0,1986,5621,0,0,6
66.5,0,0,12655,0,2769,0,0,2397,6497,0,0,16
67.5,0,0,20958,0,5196,1,0,3153,7919,0,0,41
68.5,0,0,33971,0,9489,3,0,4518,10119,2,0,107
69.5,0,0,53838,0,16835,10,0,7001,13467,4,0,270
70.5,0,0,83357,0,28989,30,1,11593,18527,11,0,672
71.5,2,0,126025,2,48432,84,5,20198,26143,28,0,1630
72.5,11,0,186022,7,78524,227,18,36386,37558,64,2,3838
73.5,59,0,268132,25,123635,587,64,66575,54570,146,12,8723
74.5,285,0,377579,85,189247,1440,231,121632,79730,322,60,19037
75.5,1201,2,519818,276,282016,3351,802,218566,116608,699,260,39714
76.5,4453,13,700276,842,409786,7431,2656,381509,170128,1491,1019,78919
77.5,14596,72,924087,2402,581553,15752,8289,640789,247018,3140,3564,149038
78.5,42496,365,1195828,6389,807362,32043,24127,1029120,356384,6524,11140,267187
79.5,110556,1631,1519274,15853,1098103,62770,65027,1575078,510452,13359,31168,454767
80.5,258709,6439,1897168,36760,1465168,118733,161510,2295699,725458,26914,78274,735772
81.5,548304,22439,2331004,79908,1919918,217251,368873,3191158,1022640,53208,177253,1133993
82.5,1059796,69131,2820813,163469,2472902,384842,774766,4243964,1429165,102880,364085,1669671
83.5,1880910,188690,3364938,315985,3132807,659901,1499391,5423111,1978705,193872,683137,2356430
84.5,3085366,457705,3959807,579381,3905129,1094326,2682480,6691299,2711155,354762,1180175,3199180
85.5,4707074,990774,4599717,1011058,4790631,1752266,4454985,8012287,3670832,628149,1893108,4193305
86.5,6718413,1923558,5276659,1683577,5783718,2703730,6900016,9355827,4902359,1072656,2843882,5324989
87.5,9021469,3369271,5980221,2679833,6870921,4011073,10013586,10699131,6443569,1761440,4034417,6572245
88.5,11457158,5359820,6697623,4081471,8029785,5708329,13677942,12025150,8315280,2774743,5447281,7906124
89.5,13830835,7800291,7413933,5949225,9228455,7776871,17657744,13318848,10508764,4184969,7049593,9291807
90.5,15947098,10466562,8112481,8296431,10426256,10125133,21623375,14562796,12973189,6035134,8797613,10689450
91.5,17643681,13055108,8775505,11061130,11575470,12582576,25198463,15733286,15606664,8315090,10639951,12054948
92.5,18815546,15264813,9384998,14086594,12624349,14916091,28022191,16797879,18255228,10943136,12518572,13340865
93.5,19424424,16874205,9923694,17122028,13521163,16869654,29812477,17715064,20723333,13761424,14368098,14497823
94.5,19494080,17784018,10376121,19851784,14218879,18217813,30414966,18436423,22796742,16550662,16114743,15476572
95.5,19095393,18016321,10729605,21951872,14679842,18815980,29825763,18911356,24274818,19063319,17676565,16230789
96.5,18326952,17681673,10975106,23160084,14879757,18630229,28182859,19093872,25005320,21067493,18966461,16720478
97.5,17296324,16934359,11107799,23337242,14810323,17737287,25730019,18950381,24912774,22389120,19898711,16915666
98.5,16105396,15932728,11127311,22497861,14480060,16297306,22764508,18466916,24012557,22940599,20398781,16799875
99.5,14841095,14813173,11037615,20799811,13913193,14511473,19583284,17654023,22406803,22728948,20414883,16372825
100.5,13571192,13678453,10846574,18498706,13146789,12579465,16440380,16547914,20263699,21843667,19928727,15651789
101.5,12344009,12596667,10565228,15885299,12226640,10668119,13522481,15207319,17786357,20430570,18962458,14671194
102.5,11190552,11606171,10206895,13227182,11202580,8895916,10943098,13706527,15179653,18660494,17579295,13480289
103.5,10127810,10722614,9786211,10729972,10123931,7331706,8750855,12126149,12622636,16701057,15876911,12139064
104.5,9162284,9945746,9318191,8522709,9035668,6002732,6945397,10543598,10251154,14696543,13974584,10712900
105.5,8293198,9264959,8817411,6663264,7975691,4906571,5494994,9025175,8151737,12757417,11996996,9266708
106.5,7515141,8663364,8297352,5155228,6973327,4022926,4351894,7621035,6364833,10958246,10058378,7859420
107.5,6820081,8120655,7769943,3967935,6049002,3323115,3463640,6363389,4893931,9341377,8250362,6539613
108.5,6198814,7615186,7245286,3054009,5214821,2776587,2780199,5267528,3717002,7923593,6635472,5342789
109.5,5641942,7125660,6731565,2361986,4475784,2354781,2257662,4334765,2797453,6703483,5246480,4290526
110.5,5140509,6632755,6235086,1843872,3831291,2032987,1859550,3556259,2092982,5668133,4090361,3391319
111.5,4686369,6120831,5760419,1458715,3276721,1790911,1556676,2916845,1561744,4798437,3154872,2642710
112.5,4272391,5579660,5310608,1173544,2804860,1612504,1326289,2398311,1166006,4072922,2415764,2034109
113.5,3892533,5005934,4887411,962855,2407110,1485452,1150954,1981853,873823,3470229,1843189,1549792
114.5,3541847,4404147,4491543,807467,2074404,1400547,1017436,1649680,659367,2970555,1406516,1171594
115.5,3216421,3786411,4122918,693237,1797865,1351061,915713,1385918,502467,2556349,1077427,881055
116.5,2913290,3170968,3780852,609879,1569224,1332181,838159,1176971,387785,2212531,831499,660909
117.5,2630317,2579432,3464251,549992,1381049,1340496,778886,1011536,303892,1926418,648710,495950
118.5,2366058,2033262,3171757,508296,1226843,1373518,733247,880408,242399,1687502,513243,373399
119.5,2119613,1550245,2901867,481048,1101049,1429221,697458,776197,197218,1487167,412961,282907
120.5,1890476,1141834,2653025,465622,998987,1505566,668327,693022,163969,1318390,338742,216340
121.5,1678390,811966,2423690,460189,916773,1599992,643083,626211,139516,1175473,283842,167457
122.5,1483215,557487,2212376,463486,851214,1708916,619285,572048,121627,1053791,243334,131568
123.5,1304814,369849,2017686,474632,799709,1827257,594813,527561,108723,949590,213649,105194
124.5,1142964,237432,1838325,492987,760153,1948105,567918,490350,99694,859811,192227,85793
125.5,997301,147814,1673106,518027,730847,2062644,537314,458468,93774,781950,177243,71521
126.5,867286,89491,1520953,549237,710421,2160460,502281,430323,90449,713945,167410,61052
127.5,752200,52872,1380890,586014,697770,2230345,462744,404628,89394,654086,161836,53440
128.5,651164,30607,1252033,627580,691987,2261558,419277,380357,90434,600945,159918,48016
129.5,563168,17440,1133584,672915,692321,2245431,373032,356734,93508,553321,161263,44313
130.5,487112,9831,1024813,720714,698120,2176980,325570,333223,98652,510197,165632,42017
131.5,421849,5512,925056,769381,708801,2056141,278633,309514,105982,470718,172892,40925
132.5,366229,3091,833698,817067,723803,1888247,233900,285515,115677,434162,182977,40926
133.5,319133,1745,750167,861761,742562,1683528,192770,261320,127964,399929,195851,41983
134.5,279507,997,673931,901414,764475,1455680,156222,237174,143095,367536,211473,44123
135.5,246376,580,604485,934110,788880,1219814,124764,213423,161313,336605,229760,47435
136.5,218865,346,541354,958231,815036,990278,98466,190459,182813,306868,250555,52069
137.5,196202,212,484087,972618,842111,778834,77046,168667,207686,278157,273596,58240
138.5,177719,135,432252,976681,869175,593553,59994,148385,235851,250402,298488,66227
139.5,162851,90,385440,970454,895212,438520,46679,129867,266987,223621,324692,76379
140.5,151134,62,343260,954569,919133,314257,36448,113274,300458,197902,351531,89113
141.5,142193,45,305340,930180,939809,218589,28689,98670,335261,173394,378205,104906
142.5,135743,35,271330,898823,956103,147677,22865,86034,370008,150274,403840,124282
143.5,131576,28,240896,862256,966931,96964,18535,75280,402955,128731,427540,147775
144.5,129563,24,213723,822304,971308,61910,15346,66275,432094,108938,448456,175888
145.5,129650,22,189518,780711,968411,38454,13028,58862,455322,91031,465858,209017
146.5,131855,21,168004,739036,957636,23241,11379,52879,470653,75097,479198,247363
147.5,136269,22,148925,698589,938643,13669,10256,48170,476470,61157,488148,290819
148.5,143059,24,132040,660396,911398,7823,9562,44600,471759,49174,492627,338851
149.5,152472,28,117130,625205,876184,4355,9236,42057,456290,39053,492795,390392
150.5,164832,34,103991,593506,833607,2357,9253,40463,430691,30650,489024,443758
151.5,180544,43,92436,565572,784563,1240,9616,39770,396415,23790,481851,496635
152.5,200086,59,82295,541491,730201,633,10360,39969,355571,18279,471924,546147
153.5,223991,84,73413,521213,671856,314,11559,41090,310671,13918,459944,589036
154.5,252821,124,65650,504574,610976,151,13330,43208,264334,10516,446613,621950
155.5,287103,190,58877,491325,549043,70,15845,46446,218990,7895,432587,641815
156.5,327257,303,52982,481149,487490,32,19353,50980,176651,5899,418450,646259
157.5,373469,496,47863,473670,427629,14,24198,57045,138764,4394,404690,633990
158.5,425536,830,43429,468461,370599,6,30845,64941,106172,3269,391694,605077
159.5,482683,1413,39599,465040,317315,2,39899,75027,79150,2432,379746,561046
160.5,543367,2434,36303,462879,268452,0,52122,87714,57512,1814,369028,504764
161.5,605107,4216,33479,461408,224439,0,68418,103441,40752,1359,359633,440103
162.5,664413,7299,31074,460022,185471,0,89779,122626,28172,1024,351567,371453
163.5,716863,12557,29040,458100,151537,0,117155,145601,19010,778,344755,303163
164.5,757405,21334,27338,455033,122453,0,151245,172502,12529,597,339048,239026
165.5,780925,35588,25934,450252,97906,0,192185,203137,8070,464,334222,181894
166.5,783028,57940,24800,443272,77489,0,239178,236846,5082,365,329979,133487
167.5,760932,91532,23912,433723,60743,0,290142,272366,3131,292,325950,94402
168.5,714263,139513,23252,421389,47190,0,341516,307759,1888,237,321698,64293
169.5,645502,204022,22806,406233,36358,0,388378,340451,1115,197,316725,42145
170.5,559889,284715,22563,388397,27803,0,425005,367422,645,166,310495,26577
171.5,464700,377168,22516,368202,21120,0,445875,385574,366,143,302460,16118
172.5,368035,471913,22662,346114,15953,0,446916,392228,204,126,292102,9398
173.5,277405,554997,22999,322703,11993,0,426663,385667,111,114,278992,5267
174.5,198521,610686,23530,298597,8985,0,386881,365588,60,106,262853,2838
175.5,134597,625955,24260,274422,6716,0,332376,333309,31,100,243621,1469
176.5,86292,595214,25196,250763,5015,0,269960,291651,16,97,221501,732
177.5,52230,523030,26346,228124,3746,0,206910,244477,8,97,196991,350
178.5,29805,423189,27723,206903,2804,0,149415,196011,4,100,170869,161
179.5,16020,314230,29338,187390,2106,0,101527,150111,2,104,144130,72
180.5,8104,213468,31203,169764,1590,0,64850,109690,0,112,117886,31
181.5,3857,132307,33332,154108,1209,0,38909,76415,0,124,93227,13
182.5,1727,74630,35736,140428,927,0,21918,50721,0,140,71087,5
183.5,728,38225,38426,128670,718,0,11589,32066,0,162,52123,2
184.5,289,17744,41408,118744,563,0,5752,19306,0,191,36655,0
185.5,108,7453,44686,110535,448,0,2680,11070,0,230,24662,0
186.5,38,2829,48258,103924,362,0,1173,6047,0,283,15838,0
187.5,13,969,52114,98795,298,0,482,3148,0,354,9688,0
188.5,4,299,56236,95040,250,0,187,1563,0,449,5633,0
189.5,1,83,60597,92567,214,0,68,741,0,578,3107,0
190.5,0,21,65158,91300,187,0,23,335,0,754,1624,0
191.5,0,5,69868,91177,168,0,8,145,0,992,802,0
192.5,0,0,74666,92147,154,0,2,60,0,1316,375,0
193.5,0,0,79478,94162,145,0,0,24,0,1756,165,0
194.5,0,0,84219,97173,140,0,0,9,0,2350,69,0
195.5,0,0,88794,101114,139,0,0,3,0,3148,27,0
196.5,0,0,93104,105887,141,0,0,1,0,4212,10,0
197.5,0,0,97043,111350,148,0,0,0,0,5615,3,0
198.5,0,0,100508,117295,158,0,0,0,0,7441,1,0
199.5,0,0,103399,123434,174,0,0,0,0,9782,0,0
200.5,0,0,105626,129386,196,1,0,0,0,12726,0,0
201.5,0,0,107110,134679,225,4,0,0,0,16349,0,0
202.5,0,0,107791,138763,265,13,0,0,0,20700,0,0
203.5,0,0,107631,141052,317,43,0,0,0,25774,0,0
204.5,0,0,106611,140983,387,137,0,0,0,31499,0,0
205.5,0,0,104740,138094,479,407,0,0,0,37714,0,0
206.5,0,0,102050,132117,602,1135,0,0,0,44159,0,0
207.5,0,0,98597,123054,765,2937,0,0,0,50478,0,0
208.5,0,0,94458,111224,982,7023,0,0,0,56242,0,0
209.5,0,0,89725,97261,1270,15419,0,0,0,60985,0,0
210.5,0,0,84507,82043,1650,30936,0,0,0,64267,0,0
211.5,0,0,78919,66572,2152,56463,0,0,0,65733,0,0
212.5,0,0,73080,51828,2811,93376,0,0,0,65173,0,0
213.5,0,0,67109,38620,3669,139421,0,0,0,62568,0,0
214.5,0,0,61117,27483,4777,187366,0,0,0,58103,0,0
215.5,0,0,55207,18640,6192,226013,0,0,0,52143,0,0
216.5,0,0,49470,12028,7979,244132,0,0,0,45183,0,0
217.5,0,0,43983,7372,10203,235653,0,0,0,37775,0,0
218.5,0,0,38805,4286,12928,202919,0,0,0,30450,0,0
219.5,0,0,33982,2361,16210,155644,0,0,0,23653,0,0
220.5,0,0,29543,1231,20085,106212,0,0,0,17696,0,0
221.5,0,0,25505,607,24563,64420,0,0,0,12746,0,0
222.5,0,0,21871,283,29618,34700,0,0,0,8835,0,0
223.5,0,0,18634,125,35173,16590,0,0,0,5892,0,0
224.5,0,0,15778,52,41102,7037,0,0,0,3780,0,0
225.5,0,0,13282,20,47221,2648,0,0,0,2332,0,0
226.5,0,0,11118,8,53297,883,0,0,0,1384,0,0
227.5,0,0,9259,3,59056,261,0,0,0,790,0,0
228.5,0,0,7673,0,64204,69,0,0,0,433,0,0
229.5,0,0,6330,0,68446,16,0,0,0,229,0,0
230.5,0,0,5200,0,71519,3,0,0,0,116,0,0
231.5,0,0,4256,0,73215,0,0,0,0,57,0,0
232.5,0,0,3471,0,73405,0,0,0,0,27,0,0
233.5,0,0,2822,0,72057,0,0,0,0,12,0,0
234.5,0,0,2289,0,69236,0,0,0,0,5,0,0
235.5,0,0,1851,0,65104,0,0,0,0,2,0,0
236.5,0,0,1495,0,59901,0,0,0,0,0,0,0
237.5,0,0,1205,0,53922,0,0,0,0,0,0,0
238.5,0,0,970,0,47485,0,0,0,0,0,0,0
239.5,0,0,781,0,40907,0,0,0,0,0,0,0
240.5,0,0,628,0,34474,0,0,0,0,0,0,0
241.5,0,0,505,0,28421,0,0,0,0,0,0,0
242.5,0,0,406,0,22924,0,0,0,0,0,0,0
243.5,0,0,326,0,18091,0,0,0,0,0,0,0
244.5,0,0,263,0,13971,0,0,0,0,0,0,0
245.5,0,0,212,0,10559,0,0,0,0,0,0,0
246.5,0,0,171,0,7812,0,0,0,0,0,0,0
247.5,0,0,138,0,5658,0,0,0,0,0,0,0
248.5,0,0,112,0,4014,0,0,0,0,0,0,0
249.5,0,0,91,0,2789,0,0,0,0,0,0,0
250.5,0,0,74,0,1899,0,0,0,0,0,0,0
251.5,0,0,60,0,1267,0,0,0,0,0,0,0
252.5,0,0,49,0,829,0,0,0,0,0,0,0
253.5,0,0,40,0,532,0,0,0,0,0,0,0
254.5,0,0,33,0,335,0,0,0,0,0,0,0
255.5,0,0,27,0,207,0,0,0,0,0,0,0
256.5,0,0,22,0,126,0,0,0,0,0,0,0
257.5,0,0,18,0,75,0,0,0,0,0,0,0
258.5,0,0,15,0,44,0,0,0,0,0,0,0
259.5,0,0,13,0,25,0,0,0,0,0,0,0
260.5,0,0,11,0,14,0,0,0,0,0,0,0
261.5,0,0,9,0,8,0,0,0,0,0,0,0
262.5,0,0,7,0,4,0,0,0,0,0,0,0
263.5,0,0,6,0,2,0,0,0,0,0,0,0
264.5,0,0,5,0,1,0,0,0,0,0,0,0
265.5,0,0,4,0,0,0,0,0,0,0,0,0
266.5,0,0,4,0,0,0,0,0,0,0,0,0
267.5,0,0,3,0,0,0,0,0,0,0,0,0
268.5,0,0,3,0,0,0,0,0,0,0,0,0
269.5,0,0,2,0,0,0,0,0,0,0,0,0
270.5,0,0,2,0,0,0,0,0,0,0,0,0
271.5,0,0,2,0,0,0,0,0,0,0,0,0
272.5,0,0,1,0,0,0,0,0,0,0,0,0
273.5,0,0,1,0,0,0,0,0,0,0,0,0
274.5,0,0,0,0,0,0,0,0,0,0,0,0
275.5,0,0,0,0,0,0,0,0,0,0,0,0
276.5,0,0,0,0,0,0,0,0,0,0,0,0
277.5,0,0,0,0,0,0,0,0,0,0,0,0
278.5,0,0,0,0,0,0,0,0,0,0,0,0
279.5,0,0,0,0,0,0,0,0,0,0,0,0
280.5,0,0,0,0,0,0,0,0,0,0,0,0
281.5,0,0,0,0,0,0,0,0,0,0,0,0
282.5,0,0,0,0,0,0,0,0,0,0,0,0
283.5,0,0,0,0,0,0,0,0,0,0,0,0
284.5,0,0,0,0,0,0,0,0,0,0,0,0
285.5,1,0,0,0,0,0,0,0,0,0,0,0
286.5,3,0,0,0,0,0,0,0,0,0,0,0
287.5,5,0,0,0,0,0,0,0,0,0,0,0
288.5,9,0,0,0,0,0,0,0,0,0,0,0
289.5,17,0,0,0,0,0,0,0,0,0,0,0
290.5,30,0,0,0,0,0,0,0,0,0,0,0
291.5,52,0,0,0,0,0,0,0,0,0,0,0
292.5,90,0,0,0,0,0,0,0,0,0,0,0
293.5,151,0,0,0,0,0,0,0,0,0,0,0
294.5,247,0,0,0,0,0,0,0,0,0,0,0
295.5,398,0,0,0,0,0,0,0,0,0,0,0
296.5,627,0,0,0,0,0,0,0,0,0,0,0
297.5,968,0,0,0,0,0,0,0,0,0,0,0
298.5,1463,0,0,0,0,0,0,0,0,0,0,0
299.5,2165,0,0,0,0,0,0,0,0,0,0,0
300.5,3138,0,0,0,0,0,0,0,0,0,0,0
301.5,4455,0,0,0,0,0,0,0,0,0,0,0
302.5,6194,0,0,0,0,0,0,0,0,0,0,0
303.5,8434,0,0,0,0,0,0,0,0,0,0,0
304.5,11248,0,0,0,0,0,0,0,0,0,0,0
305.5,14693,0,0,0,0,0,0,0,0,0,0,0
306.5,18800,0,0,0,0,0,0,0,0,0,0,0
307.5,23563,0,0,0,0,0,0,0,0,0,0,0
308.5,28931,0,0,0,0,0,0,0,0,0,0,0
309.5,34799,0,0,0,0,0,0,0,0,0,0,0
310.5,41006,0,0,0,0,0,0,0,0,0,0,0
311.5,47339,0,0,0,0,0,0,0,0,0,0,0
312.5,53546,0,0,0,0,0,0,0,0,0,0,0
313.5,59342,0,0,0,0,0,0,0,0,0,0,0
314.5,64439,0,0,0,0,0,0,0,0,0,0,0
315.5,68565,0,0,0,0,0,0,0,0,0,0,0
316.5,71490,0,0,0,0,0,0,0,0,0,0,0
317.5,73043,0,0,0,0,0,0,0,0,0,0,0
318.5,73133,0,0,0,0,0,0,0,0,0,0,0
319.5,71758,0,0,0,0,0,0,0,0,0,0,0
320.5,69000,0,0,0,0,0,0,0,0,0,2,0
321.5,65021,0,0,0,0,0,0,0,0,0,4,0
322.5,60048,0,0,0,0,0,0,0,0,0,9,0
323.5,54348,0,0,0,0,0,0,0,0,0,20,0
324.5,48206,0,0,0,0,0,0,0,0,0,42,0
325.5,41905,0,0,0,0,0,0,0,0,0,86,0
326.5,35700,0,0,0,0,0,0,0,0,0,172,0
327.5,29806,0,0,0,0,0,0,0,0,0,331,0
328.5,24387,0,0,0,0,0,0,0,0,0,617,0
329.5,19554,0,0,0,0,0,0,0,0,0,1110,0
330.5,15365,0,0,0,0,0,0,0,0,0,1929,0
331.5,11831,0,0,0,0,0,0,0,0,0,3239,0
332.5,8927,0,0,0,0,0,0,0,0,0,5253,0
333.5,6600,0,0,0,0,0,0,0,0,0,8229,0
334.5,4781,0,0,0,0,0,0,0,0,0,12449,0
335.5,3394,0,0,0,0,0,0,0,0,0,18187,0
336.5,2360,0,0,0,0,0,0,0,0,0,25656,0
337.5,1608,0,0,0,0,0,0,0,0,0,34942,0
338.5,1073,0,0,0,0,0,0,0,0,0,45944,0
339.5,702,0,0,0,0,0,0,0,0,0,58320,0
340.5,450,0,0,0,0,0,0,0,0,0,71462,0
341.5,282,0,0,0,0,0,0,0,0,0,84526,0
342.5,173,0,0,0,0,0,0,0,0,0,96506,0
343.5,104,0,0,0,0,0,0,0,0,0,106352,0
344.5,61,0,0,0,0,0,0,0,0,0,113126,0
345.5,35,0,0,0,0,0,0,0,0,0,116143,0
346.5,20,0,0,0,0,0,0,0,0,0,115089,0
347.5,11,0,0,0,0,0,0,0,0,0,110075,0
348.5,6,0,0,0,0,0,0,0,0,0,101615,0
349.5,3,0,0,0,0,0,0,0,0,0,90540,0
350.5,2,0,0,0,0,0,0,0,0,0,77866,0
351.5,0,0,0,0,0,0,0,0,0,0,64637,0
352.5,0,0,0,0,0,0,0,0,0,0,51792,0
353.5,0,0,0,0,0,0,0,0,0,0,40058,0
354.5,0,0,0,0,0,0,0,0,0,0,29908,0
355.5,0,0,0,0,0,0,0,0,0,0,21556,0
356.5,0,0,0,0,0,0,0,0,0,0,14999,0
357.5,0,0,0,0,0,0,0,0,0,0,10075,0
358.5,0,0,0,0,0,0,0,0,0,0,6534,0
359.5,0,0,0,0,0,0,0,0,0,0,4092,0
360.5,0,0,0,0,0,0,0,0,0,0,2474,0
361.5,0,0,0,0,0,0,0,0,0,0,1445,0
362.5,0,0,0,0,0,0,0,0,0,0,814,0
363.5,0,0,0,0,0,0,0,0,0,0,444,0
364.5,0,0,0,0,0,0,0,0,0,0,233,0
365.5,0,0,0,0,0,0,0,0,0,0,118,0
366.5,0,0,0,0,0,0,0,0,0,0,58,0
367.5,0,0,0,0,0,0,0,0,0,0,28,0
368.5,0,0,0,0,0,0,0,0,0,0,13,0
369.5,0,0,0,0,0,0,0,0,0,0,6,0
370.5,0,0,0,0,0,0,0,0,0,0,2,0
371.5,0,0,0,0,0,0,0,0,0,0,0,0
372.5,0,0,0,0,0,0,0,0,0,0,0,0
373.5,0,0,0,0,0,0,0,0,0,0,0,0
374.5,0,0,0,0,0,0,0,0,0,0,0,0
375.5,0,0,0,0,0,0,0,0,0,0,0,0
376.5,0,0,0,0,0,0,0,0,0,0,0,0
377.5,0,0,0,0,0,0,0,0,0,0,0,0
378.5,0,0,0,0,0,0,0,0,0,0,0,0
379.5,0,0,0,0,0,0,0,0,0,0,0,0
380.5,0,0,0,0,0,0,0,0,0,0,0,0
381.5,0,0,0,0,0,0,0,0,0,0,0,0
382.5,0,0,0,0,0,0,0,0,0,0,0,0
383.5,0,0,0,0,0,0,0,0,0,0,0,0
384.5,0,0,0,0,0,0,0,0,0,0,0,0
385.5,0,0,0,0,0,0,0,0,0,0,0,0
386.5,0,0,0,0,0,0,0,0,0,0,0,0
387.5,0,0,0,0,0,0,0,0,0,0,0,0
388.5,0,0,0,0,0,0,0,0,0,0,0,0
389.5,0,0,0,0,0,0,0,0,0,0,0,0
390.5,0,0,0,0,0,0,0,0,0,0,0,0
391.5,0,0,0,0,0,0,0,0,0,0,0,0
392.5,0,0,0,0,0,0,0,0,0,0,0,0
393.5,0,0,0,0,0,0,0,0,0,0,0,0
394.5,0,0,0,0,0,0,0,0,0,0,0,0
395.5,0,0,0,0,0,0,0,0,0,0,0,0
396.5,0,0,0,0,0,0,0,0,0,0,0,0
397.5,0,0,0,0,0,0,0,0,0,0,0,0
398.5,0,0,0,0,0,0,0,0,0,0,0,0
399.5,0,0,0,0,0,0,0,0,0,0,0,0
400.5,0,0,0,0,0,0,0,0,0,0,0,0
401.5,0,0,0,0,0,0,0,0,0,0,0,0
402.5,0,0,0,0,0,0,0,0,0,0,0,0
403.5,0,0,0,0,0,0,0,0,0,0,0,0
404.5,0,0,0,0,0,0,0,0,0,0,0,0
405.5,0,0,0,0,0,0,0,0,0,0,0,0
406.5,0,0,0,0,0,0,0,0,0,0,0,0
407.5,0,0,0,0,0,0,0,0,0,0,0,0
408.5,0,0,0,0,0,0,0,0,0,0,0,0
409.5,0,0,0,0,0,0,0,0,0,0,0,0
410.5,0,0,0,0,0,0,0,0,0,0,0,0
411.5,0,0,0,0,0,0,0,0,0,0,0,0
412.5,0,0,0,0,0,0,0,0,0,0,0,0
413.5,0,0,0,0,0,0,0,0,0,0,0,0
414.5,0,0,0,0,0,0,0,0,0,0,0,0
415.5,0,0,0,0,0,0,0,0,0,0,0,0
416.5,0,0,0,0,0,0,0,0,0,0,0,0
417.5,0,0,0,0,0,0,0,0,0,0,0,0
418.5,0,0,0,0,0,0,0,0,0,0,0,0
419.5,0,0,0,0,0,0,0,0,0,0,0,0
420.5,0,0,0,0,0,0,0,0,0,0,0,0
421.5,0,0,0,0,0,0,0,0,0,0,0,0
422.5,0,0,0,0,0,0,0,0,0,0,0,0
423.5,0,0,0,0,0,0,0,0,0,0,0,0
424.5,0,0,0,0,0,0,0,0,0,0,0,0
425.5,0,0,0,0,0,0,0,0,0,0,0,0
426.5,0,0,0,0,0,0,0,0,0,0,0,0
427.5,0,0,0,0,0,0,0,0,0,0,0,0
428.5,0,0,0,0,0,0,0,0,0,0,0,0
429.5,0,0,0,0,0,0,0,0,0,0,0,0
430.5,0,0,0,0,0,0,0,0,0,0,0,0
431.5,0,0,0,0,0,0,0,0,0,0,0,0
432.5,0,0,0,0,0,0,0,0,0,0,0,0
433.5,0,0,0,0,0,0,0,0,0,0,0,0
434.5,0,0,0,0,0,0,0,0,0,0,0,0
435.5,0,0,0,0,0,0,0,0,0,0,0,0
436.5,0,0,0,0,0,0,0,0,0,0,0,0
437.5,0,0,0,0,0,0,0,0,0,0,0,0
438.5,0,0,0,0,0,0,0,0,0,0,0,0
439.5,0,0,0,0,0,0,0,0,0,0,0,0
440.5,0,0,0,0,0,0,0,0,0,0,0,0
441.5,0,0,0,0,0,0,0,0,0,0,0,0
442.5,0,0,0,0,0,0,0,0,0,0,0,0
443.5,0,0,0,0,0,0,0,0,0,0,0,0
444.5,0,0,0,0,0,0,0,0,0,0,0,0
445.5,0,0,0,0,0,0,0,0,0,0,0,0
446.5,0,0,0,0,0,0,0,0,0,0,0,0
447.5,0,0,0,0,0,0,0,0,0,0,0,0
448.5,0,0,0,0,0,0,0,0,0,0,0,0
449.5,0,0,0,0,0,0,0,0,0,0,0,0
450.5,0,0,0,0,0,0,0,0,0,0,0,0
451.5,0,0,0,0,0,0,0,0,0,0,0,0
452.5,0,0,0,0,0,0,0,0,0,0,0,0
453.5,0,0,0,0,0,0,0,0,0,0,0,0
454.5,0,0,0,0,0,0,0,0,0,0,0,0
455.5,0,0,0,0,0,0,0,0,0,0,0,0
456.5,0,0,0,0,0,0,0,0,0,0,0,0
457.5,0,0,0,0,0,0,0,0,0,0,0,0
458.5,0,0,0,0,0,0,0,0,0,0,0,0
459.5,0,0,0,0,0,0,0,0,0,0,0,0
460.5,0,0,0,0,0,0,0,0,0,0,0,0
461.5,0,0,0,0,0,0,0,0,0,0,0,0
462.5,0,0,0,0,0,0,0,0,0,0,0,0
463.5,0,0,0,0,0,0,0,0,0,0,0,0
464.5,0,0,0,0,0,0,0,0,0,0,0,0
465.5,0,0,0,0,0,0,0,0,0,0,0,0
466.5,0,0,0,0,0,0,0,0,0,0,0,0
467.5,0,0,0,0,0,0,0,0,0,0,0,0
468.5,0,0,0,0,0,0,0,0,0,0,0,0
469.5,0,0,0,0,0,0,0,0,0,0,0,0
470.5,0,0,0,0,0,0,0,0,0,0,0,0
471.5,0,0,0,0,0,0,0,0,0,0,0,0
472.5,0,0,0,0,0,0,0,0,0,0,0,0
473.5,0,0,0,0,0,0,0,0,0,0,0,0
474.5,0,0,0,0,0,0,0,0,0,0,0,0
475.5,0,0,0,0,0,0,0,0,0,0,0,0
476.5,0,0,0,0,0,0,0,0,0,0,0,0
477.5,0,0,0,0,0,0,0,0,0,0,0,0
478.5,0,0,0,0,0,0,0,0,0,0,0,0
479.5,0,0,0,0,0,0,0,0,0,0,0,0
480.5,0,0,0,0,0,0,0,0,0,0,0,0
481.5,0,0,0,0,0,0,0,0,0,0,0,0
482.5,0,0,0,0,0,0,0,0,0,0,0,0
483.5,0,0,0,0,0,0,0,0,0,0,0,0
484.5,0,0,0,0,0,0,0,0,0,0,0,0
485.5,0,0,0,0,0,0,0,0,0,0,0,0
486.5,0,0,0,0,0,0,0,0,0,0,0,0
487.5,0,0,0,0,0,0,0,0,0,0,0,0
488.5,0,0,0,0,0,0,0,0,0,0,0,0
489.5,0,0,0,0,0,0,0,0,0,0,0,0
490.5,0,0,0,0,0,0,0,0,0,0,0,0
491.5,0,0,0,0,0,0,0,0,0,0,0,0
492.5,0,0,0,0,0,0,0,0,0,0,0,0
493.5,0,0,0,0,0,0,0,0,0,0,0,0
494.5,0,0,0,0,0,0,0,0,0,0,0,0
495.5,0,0,0,0,0,0,0,0,0,0,0,0
496.5,0,0,0,0,0,0,0,0,0,0,0,0
497.5,0,0,0,0,0,0,0,0,0,0,0,0
498.5,0,0,0,0,0,0,0,0,0,0,0,0
499.5,0,0,0,0,0,0,0,0,0,0,0,0
500.5,0,0,0,0,0,0,0,0,0,0,0,0
501.5,0,0,0,0,0,0,0,0,0,0,0,0
502.5,0,0,0,0,0,0,0,0,0,0,0,0
503.5,0,0,0,0,0,0,0,0,0,0,0,0
504.5,0,0,0,0,0,0,0,0,0,0,0,0
505.5,0,0,0,0,0,0,0,0,0,0,0,0
506.5,0,0,0,0,0,0,0,0,0,0,0,0
507.5,0,0,0,0,0,0,0,0,0,0,0,0
508.5,0,0,0,0,0,0,0,0,0,0,0,0
509.5,0,0,0,0,0,0,0,0,0,0,0,0
510.5,0,0,0,0,0,0,0,0,0,0,0,0
511.5,0,0,0,0,0,0,0,0,0,0,0,0
512.5,0,0,0,0,0,0,0,0,0,0,0,0
513.5,0,0,0,0,0,0,0,0,0,0,0,0
514.5,0,0,0,0,0,0,0,0,0,0,0,0
515.5,0,0,0,0,0,0,0,0,0,0,0,0
516.5,0,0,0,0,0,0,0,0,0,0,0,0
517.5,0,0,0,0,0,0,0,0,0,0,0,0
518.5,0,0,0,0,0,0,0,0,0,0,0,0
519.5,0,0,0,0,0,0,0,0,0,0,0,0
520.5,0,0,0,0,0,0,0,0,0,0,0,0
521.5,0,0,0,0,0,0,0,0,0,0,0,0
522.5,0,0,0,0,0,0,0,0,0,0,0,0
523.5,0,0,0,0,0,0,0,0,0,0,0,0
524.5,0,0,0,0,0,0,0,0,0,0,0,0
525.5,0,0,0,0,0,0,0,0,0,0,0,0
526.5,0,0,0,0,0,0,0,0,0,0,0,0
527.5,0,0,0,0,0,0,0,0,0,0,0,0
528.5,0,0,0,0,0,0,0,0,0,0,0,0
529.5,0,0,0,0,0,0,0,0,0,0,0,0
530.5,0,0,0,0,0,0,0,0,0,0,0,0
531.5,0,0,0,0,0,0,0,0,0,0,0,0
532.5,0,0,0,0,0,0,0,0,0,0,0,0
533.5,0,0,0,0,0,0,0,0,0,0,0,0
534.5,0,0,0,0,0,0,0,0,0,0,0,0
535.5,0,0,0,0,0,0,0,0,0,0,0,0
536.5,0,0,0,0,0,0,0,0,0,0,0,0
537.5,0,0,0,0,0,0,0,0,0,0,0,0
538.5,0,0,0,0,0,0,0,0,0,0,0,0
539.5,0,0,0,0,0,0,0,0,0,0,0,0
540.5,0,0,0,0,0,0,0,0,0,0,0,0
541.5,0,0,0,0,0,0,0,0,0,0,0,0
542.5,0,0,0,0,0,0,0,0,0,0,0,0
543.5,0,0,0,0,0,0,0,0,0,0,0,0
544.5,0,0,0,0,0,0,0,0,0,0,0,0
545.5,0,0,0,0,0,0,0,0,0,0,0,0
546.5,0,0,0,0,0,0,0,0,0,0,0,0
547.5,0,0,0,0,0,0,0,0,0,0,0,0
548.5,0,0,0,0,0,0,0,0,0,0,0,0
549.5,0,0,0,0,0,0,0,0,0,0,0,0
550.5,0,0,0,0,0,0,0,0,0,0,0,0
551.5,0,0,0,0,0,0,0,0,0,0,0,0
552.5,0,0,0,0,0,0,0,0,0,0,0,0
553.5,0,0,0,0,0,0,0,0,0,0,0,0
554.5,0,0,0,0,0,0,0,0,0,0,0,0
555.5,0,0,0,0,0,0,0,0,0,0,0,0
556.5,0,0,0,0,0,0,0,0,0,0,0,0
557.5,0,0,0,0,0,0,0,0,0,0,0,0
558.5,0,0,0,0,0,0,0,0,0,0,0,0
559.5,0,0,0,0,0,0,0,0,0,0,0,0
560.5,0,0,0,0,0,0,0,0,0,0,0,0
561.5,0,0,0,0,0,0,0,0,0,0,0,0
562.5,0,0,0,0,0,0,0,0,0,0,0,0
563.5,0,0,0,0,0,0,0,0,0,0,0,0
564.5,0,0,0,0,0,0,0,0,0,0,0,0
565.5,0,0,0,0,0,0,0,0,0,0,0,0
566.5,0,0,0,0,0,0,0,0,0,0,0,0
567.5,0,0,0,0,0,0,0,0,0,0,0,0
568.5,0,0,0,0,0,0,0,0,0,0,0,0
569.5,0,0,0,0,0,0,0,0,0,0,0,0
570.5,0,0,0,0,0,0,0,0,0,0,0,0
571.5,0,0,0,0,0,0,0,0,0,0,0,0
572.5,0,0,0,0,0,0,0,0,0,0,0,0
573.5,0,0,0,0,0,0,0,0,0,0,0,0
574.5,0,0,0,0,0,0,0,0,0,0,0,0
575.5,0,0,0,0,0,0,0,0,0,0,0,0
576.5,0,0,0,0,0,0,0,0,0,0,0,0
577.5,0,0,0,0,0,0,0,0,0,0,0,0
578.5,0,0,0,0,0,0,0,0,0,0,0,0
579.5,0,0,0,0,0,0,0,0,0,0,0,0
580.5,0,0,0,0,0,0,0,0,0,0,0,0
581.5,0,0,0,0,0,0,0,0,0,0,0,0
582.5,0,0,0,0,0,0,0,0,0,0,0,0
583.5,0,0,0,0,0,0,0,0,0,0,0,0
584.5,0,0,0,0,0,0,0,0,0,0,0,0
585.5,0,0,0,0,0,0,0,0,0,0,0,0
586.5,0,0,0,0,0,0,0,0,0,0,0,0
587.5,0,0,0,0,0,0,0,0,0,0,0,0
588.5,0,0,0,0,0,0,0,0,0,0,0,0
589.5,0,0,0,0,0,0,0,0,0,0,0,0
590.5,0,0,0,0,0,0,0,0,0,0,0,0
591.5,0,0,0,0,0,0,0,0,0,0,0,0
592.5,0,0,0,0,0,0,0,0,0,0,0,0
593.5,0,0,0,0,0,0,0,0,0,0,0,0
594.5,0,0,0,0,0,0,0,0,0,0,0,0
595.5,0,0,0,0,0,0,0,0,0,0,0,0
596.5,0,0,0,0,0,0,0,0,0,0,0,0
597.5,0,0,0,0,0,0,0,0,0,0,0,0
598.5,0,0,0,0,0,0,0,0,0,0,0,0
599.5,0,0,0,0,0,0,0,0,0,0,0,0
600.5,0,0,0,0,0,0,0,0,0,0,0,0
601.5,0,0,0,0,0,0,0,0,0,0,0,0
602.5,0,0,0,0,0,0,0,0,0,0,0,0
603.5,0,0,0,0,0,0,0,0,0,0,0,0
604.5,0,0,0,0,0,0,0,0,0,0,0,0
605.5,0,0,0,0,0,0,0,0,0,0,0,0
606.5,0,0,0,0,0,0,0,0,0,0,0,0
607.5,0,0,0,0,0,0,0,0,0,0,0,0
608.5,0,0,0,0,0,0,0,0,0,0,0,0
609.5,0,0,0,0,0,0,0,0,0,0,0,0
610.5,0,0,0,0,0,0,0,0,0,0,0,0
611.5,0,0,0,0,0,0,0,0,0,0,0,0
612.5,0,0,0,0,0,0,0,0,0,0,0,0
613.5,0,0,0,0,0,0,0,0,0,0,0,0
614.5,0,0,0,0,0,0,0,0,0,0,0,0
615.5,0,0,0,0,0,0,0,0,0,0,0,0
616.5,0,0,0,0,0,0,0,0,0,0,0,0
617.5,0,0,0,0,0,0,0,0,0,0,0,0
618.5,0,0,0,0,0,0,0,0,0,0,0,0
619.5,0,0,0,0,0,0,0,0,0,0,0,0
620.5,0,0,0,0,0,0,0,0,0,0,0,0
621.5,0,0,0,0,0,0,0,0,0,0,0,0
622.5,0,0,0,0,0,0,0,0,0,0,0,0
623.5,0,0,0,0,0,0,0,0,0,0,0,0
624.5,0,0,0,0,0,0,0,0,0,0,0,0
625.5,0,0,0,0,0,0,0,0,0,0,0,0
626.5,0,0,0,0,0,0,0,0,0,0,0,0
627.5,0,0,0,0,0,0,0,0,0,0,0,0
628.5,0,0,0,0,0,0,0,0,0,0,0,0
629.5,0,0,0,0,0,0,0,0,0,0,0,0
630.5,0,0,0,0,0,0,0,0,0,0,0,0
631.5,0,0,0,0,0,0,0,0,0,0,0,0
632.5,0,0,0,0,0,0,0,0,0,0,0,0
633.5,0,0,0,0,0,0,0,0,0,0,0,0
634.5,0,0,0,0,0,0,0,0,0,0,0,0
635.5,0,0,0,0,0,0,0,0,0,0,0,0
636.5,0,0,0,0,0,0,0,0,0,0,0,0
637.5,0,0,0,0,0,0,0,0,0,0,0,0
638.5,0,0,0,0,0,0,0,0,0,0,0,0
639.5,0,0,0,0,0,0,0,0,0,0,0,0
640.5,0,0,0,0,0,0,0,0,0,0,0,0
641.5,0,0,0,0,0,0,0,0,0,0,0,0
642.5,0,0,0,0,0,0,0,0,0,0,0,0
643.5,0,0,0,0,0,0,0,0,0,0,0,0
644.5,0,0,0,0,0,0,0,0,0,0,0,0
645.5,0,0,0,0,0,0,0,0,0,0,0,0
646.5,0,0,0,0,0,0,0,0,0,0,0,0
647.5,0,0,0,0,0,0,0,0,0,0,0,0
648.5,0,0,0,0,0,0,0,0,0,0,0,0
649.5,0,0,0,0,0,0,0,0,0,0,0,0
650.5,0,0,0,0,0,0,0,0,0,0,0,0
651.5,0,0,0,0,0,0,0,0,0,0,0,0
652.5,0,0,0,0,0,0,0,0,0,0,0,0
653.5,0,0,0,0,0,0,0,0,0,0,0,0
654.5,0,0,0,0,0,0,0,0,0,0,0,0
655.5,0,0,0,0,0,0,0,0,0,0,0,0
656.5,0,0,0,0,0,0,0,0,0,0,0,0
657.5,0,0,0,0,0,0,0,0,0,0,0,0
658.5,0,0,0,0,0,0,0,0,0,0,0,0
659.5,0,0,0,0,0,0,0,0,0,0,0,0
660.5,0,0,0,0,0,0,0,0,0,0,0,0
661.5,0,0,0,0,0,0,0,0,0,0,0,0
662.5,0,0,0,0,0,0,0,0,0,0,0,0
663.5,0,0,0,0,0,0,0,0,0,0,0,0
664.5,0,0,0,0,0,0,0,0,0,0,0,0
665.5,0,0,0,0,0,0,0,0,0,0,0,0
666.5,0,0,0,0,0,0,0,0,0,0,0,0
667.5,0,0,0,0,0,0,0,0,0,0,0,0
668.5,0,0,0,0,0,0,0,0,0,0,0,0
669.5,0,0,0,0,0,0,0,0,0,0,0,0
670.5,0,0,0,0,0,0,0,0,0,0,0,0
671.5,0,0,0,0,0,0,0,0,0,0,0,0
672.5,0,0,0,0,0,0,0,0,0,0,0,0
673.5,0,0,0,0,0,0,0,0,0,0,0,0
674.5,0,0,0,0,0,0,0,0,0,0,0,0
675.5,0,0,0,0,0,0,0,0,0,0,0,0
676.5,0,0,0,0,0,0,0,0,0,0,0,0
677.5,0,0,0,0,0,0,0,0,0,0,0,0
678.5,0,0,0,0,0,0,0,0,0,0,0,0
679.5,0,0,0,0,0,0,0,0,0,0,0,0
680.5,0,0,0,0,0,0,0,0,0,0,0,0
681.5,0,0,0,0,0,0,0,0,0,0,0,0
682.5,0,0,0,0,0,0,0,0,0,0,0,0
683.5,0,0,0,0,0,0,0,0,0,0,0,0
684.5,0,0,0,0,0,0,0,0,0,0,0,0
685.5,0,0,0,0,0,0,0,0,0,0,0,0
686.5,0,0,0,0,0,0,0,0,0,0,0,0
687.5,0,0,0,0,0,0,0,0,0,0,0,0
688.5,0,0,0,0,0,0,0,0,0,0,0,0
689.5,0,0,0,0,0,0,0,0,0,0,0,0
690.5,0,0,0,0,0,0,0,0,0,0,0,0
691.5,0,0,0,0,0,0,0,0,0,0,0,0
692.5,0,0,0,0,0,0,0,0,0,0,0,0
693.5,0,0,0,0,0,0,0,0,0,0,0,0
694.5,0,0,0,0,0,0,0,0,0,0,0,0
695.5,0,0,0,0,0,0,0,0,0,0,0,0
696.5,0,0,0,0,0,0,0,0,0,0,0,0
697.5,0,0,0,0,0,0,0,0,0,0,0,0
698.5,0,0,0,0,0,0,0,0,0,0,0,0
699.5,0,0,0,0,0,0,0,0,0,0,0,0
700.5,0,0,0,0,0,0,0,0,0,0,0,0
701.5,0,0,0,0,0,0,0,0,0,0,0,0
702.5,0,0,0,0,0,0,0,0,0,0,0,0
703.5,0,0,0,0,0,0,0,0,0,0,0,0
704.5,0,0,0,0,0,0,0,0,0,0,0,0
705.5,0,0,0,0,0,0,0,0,0,0,0,0
706.5,0,0,0,0,0,0,0,0,0,0,0,0
707.5,0,0,0,0,0,0,0,0,0,0,0,0
708.5,0,0,0,0,0,0,0,0,0,0,0,0
709.5,0,0,0,0,0,0,0,0,0,0,0,0
710.5,0,0,0,0,0,0,0,0,0,0,0,0
711.5,0,0,0,0,0,0,0,0,0,0,0,0
712.5,0,0,0,0,0,0,0,0,0,0,0,0
713.5,0,0,0,0,0,0,0,0,0,0,0,0
714.5,0,0,0,0,0,0,0,0,0,0,0,0
715.5,0,0,0,0,0,0,0,0,0,0,0,0
716.5,0,0,0,0,0,0,0,0,0,0,0,0
717.5,0,0,0,0,0,0,0,0,0,0,0,0
718.5,0,0,0,0,0,0,0,0,0,0,0,0
719.5,0,0,0,0,0,0,0,0,0,0,0,0
720.5,0,0,0,0,0,0,0,0,0,0,0,0
721.5,0,0,0,0,0,0,0,0,0,0,0,0
722.5,0,0,0,0,0,0,0,0,0,0,0,0
723.5,0,0,0,0,0,0,0,0,0,0,0,0
724.5,0,0,0,0,0,0,0,0,0,0,0,0
725.5,0,0,0,0,0,0,0,0,0,0,0,0
726.5,0,0,0,0,0,0,0,0,0,0,0,0
727.5,0,0,0,0,0,0,0,0,0,0,0,0
728.5,0,0,0,0,0,0,0,0,0,0,0,0
729.5,0,0,0,0,0,0,0,0,0,0,0,0
730.5,0,0,0,0,0,0,0,0,0,0,0,0
731.5,0,0,0,0,0,0,0,0,0,0,0,0
732.5,0,0,0,0,0,0,0,0,0,0,0,0
733.5,0,0,0,0,0,0,0,0,0,0,0,0
734.5,0,0,0,0,0,0,0,0,0,0,0,0
735.5,0,0,0,0,0,0,0,0,0,0,0,0
736.5,0,0,0,0,0,0,0,0,0,0,0,0
737.5,0,0,0,0,0,0,0,0,0,0,0,0
738.5,0,0,0,0,0,0,0,0,0,0,0,0
739.5,0,0,0,0,0,0,0,0,0,0,0,0
740.5,0,0,0,0,0,0,0,0,0,0,0,0
741.5,0,0,0,0,0,0,0,0,0,0,0,0
742.5,0,0,0,0,0,0,0,0,0,0,0,0
743.5,0,0,0,0,0,0,0,0,0,0,0,0
744.5,0,0,0,0,0,0,0,0,0,0,0,0
745.5,0,0,0,0,0,0,0,0,0,0,0,0
746.5,0,0,0,0,0,0,0,0,0,0,0,0
747.5,0,0,0,0,0,0,0,0,0,0,0,0
748.5,0,0,0,0,0,0,0,0,0,0,0,0
749.5,0,0,0,0,0,0,0,0,0,0,0,0
750.5,0,0,0,0,0,0,0,0,0,0,0,0
751.5,0,0,0,0,0,0,0,0,0,0,0,0
752.5,0,0,0,0,0,0,0,0,0,0,0,0
753.5,0,0,0,0,0,0,0,0,0,0,0,0
754.5,0,0,0,0,0,0,0,0,0,0,0,0
755.5,0,0,0,0,0,0,0,0,0,0,0,0
756.5,0,0,0,0,0,0,0,0,0,0,0,0
757.5,0,0,0,0,0,0,0,0,0,0,0,0
758.5,0,0,0,0,0,0,0,0,0,0,0,0
759.5,0,0,0,0,0,0,0,0,0,0,0,0
760.5,0,0,0,0,0,0,0,0,0,0,0,0
761.5,0,0,0,0,0,0,0,0,0,0,0,0
762.5,0,0,0,0,0,0,0,0,0,0,0,0
763.5,0,0,0,0,0,0,0,0,0,0,0,0
764.5,0,0,0,0,0,0,0,0,0,0,0,0
765.5,0,0,0,0,0,0,0,0,0,0,0,0
766.5,0,0,0,0,0,0,0,0,0,0,0,0
767.5,0,0,0,0,0,0,0,0,0,0,0,0
768.5,0,0,0,0,0,0,0,0,0,0,0,0
769.5,0,0,0,0,0,0,0,0,0,0,0,0
770.5,0,0,0,0,0,0,0,0,0,0,0,0
771.5,0,0,0,0,0,0,0,0,0,0,0,0
772.5,0,0,0,0,0,0,0,0,0,0,0,0
773.5,0,0,0,0,0,0,0,0,0,0,0,0
774.5,0,0,0,0,0,0,0,0,0,0,0,0
775.5,0,0,0,0,0,0,0,0,0,0,0,0
776.5,0,0,0,0,0,0,0,0,0,0,0,0
777.5,0,0,0,0,0,0,0,0,0,0,0,0
778.5,0,0,0,0,0,0,0,0,0,0,0,0
779.5,0,0,0,0,0,0,0,0,0,0,0,0
780.5,0,0,0,0,0,0,0,0,0,0,0,0
781.5,0,0,0,0,0,0,0,0,0,0,0,0
782.5,0,0,0,0,0,0,0,0,0,0,0,0
783.5,0,0,0,0,0,0,0,0,0,0,0,0
784.5,0,0,0,0,0,0,0,0,0,0,0,0
785.5,0,0,0,0,0,0,0,0,0,0,0,0
786.5,0,0,0,0,0,0,0,0,0,0,0,0
787.5,0,0,0,0,0,0,0,0,0,0,0,0
788.5,0,0,0,0,0,0,0,0,0,0,0,0
789.5,0,0,0,0,0,0,0,0,0,0,0,0
790.5,0,0,0,0,0,0,0,0,0,0,0,0
791.5,0,0,0,0,0,0,0,0,0,0,0,0
792.5,0,0,0,0,0,0,0,0,0,0,0,0
793.5,0,0,0,0,0,0,0,0,0,0,0,0
794.5,0,0,0,0,0,0,0,0,0,0,0,0
795.5,0,0,0,0,0,0,0,0,0,0,0,0
796.5,0,0,0,0,0,0,0,0,0,0,0,0
797.5,0,0,0,0,0,0,0,0,0,0,0,0
798.5,0,0,0,0,0,0,0,0,0,0,0,0
799.5,0,0,0,0,0,0,0,0,0,0,0,0
800.5,0,0,0,0,0,0,0,0,0,0,0,0
801.5,0,0,0,0,0,0,0,0,0,0,0,0
802.5,0,0,0,0,0,0,0,0,0,0,0,0
803.5,0,0,0,0,0,0,0,0,0,0,0,0
804.5,0,0,0,0,0,0,0,0,0,0,0,0
805.5,0,0,0,0,0,0,0,0,0,0,0,0
806.5,0,0,0,0,0,0,0,0,0,0,0,0
807.5,0,0,0,0,0,0,0,0,0,0,0,0
808.5,0,0,0,0,0,0,0,0,0,0,0,0
809.5,0,0,0,0,0,0,0,0,0,0,0,0
810.5,0,0,0,0,0,0,0,0,0,0,0,0
811.5,0,0,0,0,0,0,0,0,0,0,0,0
812.5,0,0,0,0,0,0,0,0,0,0,0,0
813.5,0,0,0,0,0,0,0,0,0,0,0,0
814.5,0,0,0,0,0,0,0,0,0,0,0,0
815.5,0,0,0,0,0,0,0,0,0,0,0,0
816.5,0,0,0,0,0,0,0,0,0,0,0,0
817.5,0,0,0,0,0,0,0,0,0,0,0,0
818.5,0,0,0,0,0,0,0,0,0,0,0,0
819.5,0,0,0,0,0,0,0,0,0,0,0,0
820.5,0,0,0,0,0,0,0,0,0,0,0,0
821.5,0,0,0,0,0,0,0,0,0,0,0,0
822.5,0,0,0,0,0,0,0,0,0,0,0,0
823.5,0,0,0,0,0,0,0,0,0,0,0,0
824.5,0,0,0,0,0,0,0,0,0,0,0,0
825.5,0,0,0,0,0,0,0,0,0,0,0,0
826.5,0,0,0,0,0,0,0,0,0,0,0,0
827.5,0,0,0,0,0,0,0,0,0,0,0,0
828.5,0,0,0,0,0,0,0,0,0,0,0,0
829.5,0,0,0,0,0,0,0,0,0,0,0,0
830.5,0,0,0,0,0,0,0,0,0,0,0,0
831.5,0,0,0,0,0,0,0,0,0,0,0,0
832.5,0,0,0,0,0,0,0,0,0,0,0,0
833.5,0,0,0,0,0,0,0,0,0,0,0,0
834.5,0,0,0,0,0,0,0,0,0,0,0,0
835.5,0,0,0,0,0,0,0,0,0,0,0,0
836.5,0,0,0,0,0,0,0,0,0,0,0,0
837.5,0,0,0,0,0,0,0,0,0,0,0,0
838.5,0,0,0,0,0,0,0,0,0,0,0,0
839.5,0,0,0,0,0,0,0,0,0,0,0,0
840.5,0,0,0,0,0,0,0,0,0,0,0,0
841.5,0,0,0,0,0,0,0,0,0,0,0,0
842.5,0,0,0,0,0,0,0,0,0,0,0,0
843.5,0,0,0,0,0,0,0,0,0,0,0,0
844.5,0,0,0,0,0,0,0,0,0,0,0,0
845.5,0,0,0,0,0,0,0,0,0,0,0,0
846.5,0,0,0,0,0,0,0,0,0,0,0,0
847.5,0,0,0,0,0,0,0,0,0,0,0,0
848.5,0,0,0,0,0,0,0,0,0,0,0,0
849.5,0,0,0,0,0,0,0,0,0,0,0,0
850.5,0,0,0,0,0,0,0,0,0,0,0,0
851.5,0,0,0,0,0,0,0,0,0,0,0,0
852.5,0,0,0,0,0,0,0,0,0,0,0,0
853.5,0,0,0,0,0,0,0,0,0,0,0,0
854.5,0,0,0,0,0,0,0,0,0,0,0,0
855.5,0,0,0,0,0,0,0,0,0,0,0,0
856.5,0,0,0,0,0,0,0,0,0,0,0,0
857.5,0,0,0,0,0,0,0,0,0,0,0,0
858.5,0,0,0,0,0,0,0,0,0,0,0,0
859.5,0,0,0,0,0,0,0,0,0,0,0,0
860.5,0,0,0,0,0,0,0,0,0,0,0,0
861.5,0,0,0,0,0,0,0,0,0,0,0,0
862.5,0,0,0,0,0,0,0,0,0,0,0,0
863.5,0,0,0,0,0,0,0,0,0,0,0,0
864.5,0,0,0,0,0,0,0,0,0,0,0,0
865.5,0,0,0,0,0,0,0,0,0,0,0,0
866.5,0,0,0,0,0,0,0,0,0,0,0,0
867.5,0,0,0,0,0,0,0,0,0,0,0,0
868.5,0,0,0,0,0,0,0,0,0,0,0,0
869.5,0,0,0,0,0,0,0,0,0,0,0,0
870.5,0,0,0,0,0,0,0,0,0,0,0,0
871.5,0,0,0,0,0,0,0,0,0,0,0,0
872.5,0,0,0,0,0,0,0,0,0,0,0,0
873.5,0,0,0,0,0,0,0,0,0,0,0,0
874.5,0,0,0,0,0,0,0,0,0,0,0,0
875.5,0,0,0,0,0,0,0,0,0,0,0,0
876.5,0,0,0,0,0,0,0,0,0,0,0,0
877.5,0,0,0,0,0,0,0,0,0,0,0,0
878.5,0,0,0,0,0,0,0,0,0,0,0,0
879.5,0,0,0,0,0,0,0,0,0,0,0,0
880.5,0,0,0,0,0,0,0,0,0,0,0,0
881.5,0,0,0,0,0,0,0,0,0,0,0,0
882.5,0,0,0,0,0,0,0,0,0,0,0,0
883.5,0,0,0,0,0,0,0,0,0,0,0,0
884.5,0,0,0,0,0,0,0,0,0,0,0,0
885.5,0,0,0,0,0,0,0,0,0,0,0,0
886.5,0,0,0,0,0,0,0,0,0,0,0,0
887.5,0,0,0,0,0,0,0,0,0,0,0,0
888.5,0,0,0,0,0,0,0,0,0,0,0,0
889.5,0,0,0,0,0,0,0,0,0,0,0,0
890.5,0,0,0,0,0,0,0,0,0,0,0,0
891.5,0,0,0,0,0,0,0,0,0,0,0,0
892.5,0,0,0,0,0,0,0,0,0,0,0,0
893.5,0,0,0,0,0,0,0,0,0,0,0,0
894.5,0,0,0,0,0,0,0,0,0,0,0,0
895.5,0,0,0,0,0,0,0,0,0,0,0,0
896.5,0,0,0,0,0,0,0,0,0,0,0,0
897.5,0,0,0,0,0,0,0,0,0,0,0,0
898.5,0,0,0,0,0,0,0,0,0,0,0,0
899.5,0,0,0,0,0,0,0,0,0,0,0,0
900.5,0,0,0,0,0,0,0,0,0,0,0,0
901.5,0,0,0,0,0,0,0,0,0,0,0,0
902.5,0,0,0,0,0,0,0,0,0,0,0,0
903.5,0,0,0,0,0,0,0,0,0,0,0,0
904.5,0,0,0,0,0,0,0,0,0,0,0,0
905.5,0,0,0,0,0,0,0,0,0,0,0,0
906.5,0,0,0,0,0,0,0,0,0,0,0,0
907.5,0,0,0,0,0,0,0,0,0,0,0,0
908.5,0,0,0,0,0,0,0,0,0,0,0,0
909.5,0,0,0,0,0,0,0,0,0,0,0,0
910.5,0,0,0,0,0,0,0,0,0,0,0,0
911.5,0,0,0,0,0,0,0,0,0,0,0,0
912.5,0,0,0,0,0,0,0,0,0,0,0,0
913.5,0,0,0,0,0,0,0,0,0,0,0,0
914.5,0,0,0,0,0,0,0,0,0,0,0,0
915.5,0,0,0,0,0,0,0,0,0,0,0,0
916.5,0,0,0,0,0,0,0,0,0,0,0,0
917.5,0,0,0,0,0,0,0,0,0,0,0,0
918.5,0,0,0,0,0,0,0,0,0,0,0,0
919.5,0,0,0,0,0,0,0,0,0,0,0,0
920.5,0,0,0,0,0,0,0,0,0,0,0,0
921.5,0,0,0,0,0,0,0,0,0,0,0,0
922.5,0,0,0,0,0,0,0,0,0,0,0,0
923.5,0,0,0,0,0,0,0,0,0,0,0,0
924.5,0,0,0,0,0,0,0,0,0,0,0,0
925.5,0,0,0,0,0,0,0,0,0,0,0,0
926.5,0,0,0,0,0,0,0,0,0,0,0,0
927.5,0,0,0,0,0,0,0,0,0,0,0,0
928.5,0,0,0,0,0,0,0,0,0,0,0,0
929.5,0,0,0,0,0,0,0,0,0,0,0,0
930.5,0,0,0,0,0,0,0,0,0,0,0,0
931.5,0,0,0,0,0,0,0,0,0,0,0,0
932.5,0,0,0,0,0,0,0,0,0,0,0,0
933.5,0,0,0,0,0,0,0,0,0,0,0,0
934.5,0,0,0,0,0,0,0,0,0,0,0,0
935.5,0,0,0,0,0,0,0,0,0,0,0,0
936.5,0,0,0,0,0,0,0,0,0,0,0,0
937.5,0,0,0,0,0,0,0,0,0,0,0,0
938.5,0,0,0,0,0,0,0,0,0,0,0,0
939.5,0,0,0,0,0,0,0,0,0,0,0,0
940.5,0,0,0,0,0,0,0,0,0,0,0,0
941.5,0,0,0,0,0,0,0,0,0,0,0,0
942.5,0,0,0,0,0,0,0,0,0,0,0,0
943.5,0,0,0,0,0,0,0,0,0,0,0,0
944.5,0,0,0,0,0,0,0,0,0,0,0,0
945.5,0,0,0,0,0,0,0,0,0,0,0,0
946.5,0,0,0,0,0,0,0,0,0,0,0,0
947.5,0,0,0,0,0,0,0,0,0,0,0,0
948.5,0,0,0,0,0,0,0,0,0,0,0,0
949.5,0,0,0,0,0,0,0,0,0,0,0,0
950.5,0,0,0,0,0,0,0,0,0,0,0,0
951.5,0,0,0,0,0,0,0,0,0,0,0,0
952.5,0,0,0,0,0,0,0,0,0,0,0,0
953.5,0,0,0,0,0,0,0,0,0,0,0,0
954.5,0,0,0,0,0,0,0,0,0,0,0,0
955.5,0,0,0,0,0,0,0,0,0,0,0,0
956.5,0,0,0,0,0,0,0,0,0,0,0,0
957.5,0,0,0,0,0,0,0,0,0,0,0,0
958.5,0,0,0,0,0,0,0,0,0,0,0,0
959.5,0,0,0,0,0,0,0,0,0,0,0,0
960.5,0,0,0,0,0,0,0,0,0,0,0,0
961.5,0,0,0,0,0,0,0,0,0,0,0,0
962.5,0,0,0,0,0,0,0,0,0,0,0,0
963.5,0,0,0,0,0,0,0,0,0,0,0,0
964.5,0,0,0,0,0,0,0,0,0,0,0,0
965.5,0,0,0,0,0,0,0,0,0,0,0,0
966.5,0,0,0,0,0,0,0,0,0,0,0,0
967.5,0,0,0,0,0,0,0,0,0,0,0,0
968.5,0,0,0,0,0,0,0,0,0,0,0,0
969.5,0,0,0,0,0,0,0,0,0,0,0,0
970.5,0,0,0,0,0,0,0,0,0,0,0,0
971.5,0,0,0,0,0,0,0,0,0,0,0,0
972.5,0,0,0,0,0,0,0,0,0,0,0,0
973.5,0,0,0,0,0,0,0,0,0,0,0,0
974.5,0,0,0,0,0,0,0,0,0,0,0,0
975.5,0,0,0,0,0,0,0,0,0,0,0,0
976.5,0,0,0,0,0,0,0,0,0,0,0,0
977.5,0,0,0,0,0,0,0,0,0,0,0,0
978.5,0,0,0,0,0,0,0,0,0,0,0,0
979.5,0,0,0,0,0,0,0,0,0,0,0,0
980.5,0,0,0,0,0,0,0,0,0,0,0,0
981.5,0,0,0,0,0,0,0,0,0,0,0,0
982.5,0,0,0,0,0,0,0,0,0,0,0,0
983.5,0,0,0,0,0,0,0,0,0,0,0,0
984.5,0,0,0,0,0,0,0,0,0,0,0,0
985.5,0,0,0,0,0,0,0,0,0,0,0,0
986.5,0,0,0,0,0,0,0,0,0,0,0,0
987.5,0,0,0,0,0,0,0,0,0,0,0,0
988.5,0,0,0,0,0,0,0,0,0,0,0,0
989.5,0,0,0,0,0,0,0,0,0,0,0,0
990.5,0,0,0,0,0,0,0,0,0,0,0,0
991.5,0,0,0,0,0,0,0,0,0,0,0,0
992.5,0,0,0,0,0,0,0,0,0,0,0,0
993.5,0,0,0,0,0,0,0,0,0,0,0,0
994.5,0,0,0,0,0,0,0,0,0,0,0,0
995.5,0,0,0,0,0,0,0,0,0,0,0,0
996.5,0,0,0,0,0,0,0,0,0,0,0,0
997.5,0,0,0,0,0,0,0,0,0,0,0,0
998.5,0,0,0,0,0,0,0,0,0,0,0,0
999.5,0,0,0,0,0,0,0,0,0,0,0,0
