particle_size,qEV6_mGWT16_20_no_00,qEV6_mGWT16_20_no_01,qEV6_mGWT16_20_no_02,qEV8_mGWT16_20_no_00,qEV8_mGWT16_20_no_01,qEV8_mGWT16_20_no_02,qEV7_mGWT16_20_no_00,qEV7_mGWT16_20_no_01,qEV7_mGWT16_20_no_02,TEI_mGWT16_500_no_00,TEI_mGWT16_500_no_01,TEI_mGWT16_500_no_02
0.5,0,0,0,0,0,0,0,0,0,0,0,0
1.5,0,0,0,0,0,0,0,0,0,0,0,0
2.5,0,0,0,0,0,0,0,0,0,0,0,0
3.5,0,0,0,0,0,0,0,0,0,0,0,0
4.5,0,0,0,0,0,0,0,0,0,0,0,0
5.5,0,0,0,0,0,0,0,0,0,0,0,0
6.5,0,0,0,0,0,0,0,0,0,0,0,0
7.5,0,0,0,0,0,0,0,0,0,0,0,0
8.5,0,0,0,0,0,0,0,0,0,0,0,0
9.5,0,0,0,0,0,0,0,0,0,0,0,0
10.5,0,0,0,0,0,0,0,0,0,0,0,0
11.5,0,0,0,0,0,0,0,0,0,0,0,0
12.5,0,0,0,0,0,0,0,0,0,0,0,0
13.5,0,0,0,0,0,0,0,0,0,0,0,0
14.5,0,0,0,0,0,0,0,0,0,0,0,0
15.5,0,0,0,0,0,0,0,0,0,0,0,0
16.5,0,0,0,0,0,0,0,0,0,0,0,0
17.5,0,0,0,0,0,0,0,0,0,0,0,0
18.5,0,0,0,0,0,0,0,0,0,0,0,0
19.5,0,0,0,0,0,0,0,0,0,0,0,0
20.5,0,0,0,0,0,0,0,0,0,0,0,0
21.5,0,0,0,0,0,0,0,0,0,0,0,0
22.5,0,0,0,0,0,0,0,0,0,0,0,0
23.5,0,0,0,0,0,0,0,0,0,0,0,0
24.5,0,0,0,0,0,0,0,1,0,0,0,0
25.5,0,0,0,0,0,0,0,16,0,0,0,0
26.5,0,0,0,0,0,0,0,138,0,0,0,0
27.5,0,0,0,0,0,0,0,767,0,0,0,0
28.5,0,0,0,0,0,0,0,2813,0,0,0,0
29.5,0,0,0,0,0,0,0,7084,0,0,0,0
30.5,0,0,0,0,0,0,0,12675,0,0,0,0
31.5,0,0,0,0,0,0,0,16642,0,0,0,0
32.5,0,0,0,0,0,0,0,16533,0,0,0,0
33.5,0,0,0,0,0,0,0,12803,0,0,0,0
34.5,0,0,0,0,0,0,1,7955,0,0,0,0
35.5,0,0,0,0,0,0,5,4082,0,0,0,0
36.5,0,0,0,0,0,0,18,1781,0,0,0,0
37.5,0,0,0,2,0,0,59,680,0,0,0,0
38.5,0,0,2,6,0,0,166,235,0,0,0,0
39.5,0,0,11,21,0,0,408,75,0,0,0,0
40.5,0,0,42,58,0,0,879,23,1,0,0,0
41.5,0,0,146,139,0,0,1679,7,4,0,0,0
42.5,0,0,446,290,0,0,2858,2,13,0,0,0
43.5,0,0,1207,529,0,0,4371,0,39,0,0,12
44.5,0,0,2913,864,0,0,6053,0,110,0,0,119
45.5,0,0,6292,1274,0,0,7654,0,296,2,0,839
46.5,0,0,12227,1721,0,0,8913,0,752,5,0,4260
47.5,0,0,21496,2158,0,0,9643,0,1804,14,0,15948
48.5,0,0,34395,2541,0,0,9782,0,4069,40,0,45178
49.5,0,0,50402,2845,0,0,9390,0,8607,109,0,99965
50.5,0,0,68087,3061,0,0,8612,0,17005,289,0,178907
51.5,0,0,85364,3199,2,0,7620,0,31264,743,2,268543
52.5,4,4,100019,3277,5,0,6569,0,53299,1854,19,350519
53.5,22,19,110296,3320,12,0,5570,0,84044,4470,122,411931
54.5,89,87,115294,3349,32,0,4691,0,122431,10385,644,450204
55.5,308,331,115065,3386,81,0,3961,2,164867,23189,2809,471077
56.5,917,1080,110431,3445,202,0,3382,5,205769,49596,10185,483913
57.5,2359,3050,102645,3542,484,3,2945,15,239182,101264,30971,498155
58.5,5313,7504,93048,3689,1112,8,2635,41,260765,196701,80005,522040
59.5,10581,16220,82821,3898,2433,26,2438,111,269112,362265,178315,562901
60.5,18827,31065,72854,4183,5037,78,2344,291,265809,630662,348912,628162
61.5,30233,53171,63725,4561,9819,220,2352,718,254426,1035284,610347,726394
62.5,44279,82044,55740,5052,17976,596,2469,1666,239133,1600086,971713,868092
63.5,59785,115144,49006,5684,30854,1556,2714,3609,223622,2327323,1431726,1065887
64.5,75244,148310,43503,6495,49647,3902,3123,7302,210610,3188211,1981443,1333819
65.5,89300,176931,39143,7537,74979,9372,3753,13821,201832,4122058,2607994,1685253
66.5,101127,197320,35810,8883,106536,21472,4697,24568,198301,5046292,3296846,2129246
67.5,110587,207654,33387,10634,142909,46627,6092,41202,200608,5874503,4031636,2665759
68.5,118159,208155,31772,12934,181761,95283,8147,65530,209131,6535552,4792120,3281060
69.5,124731,200616,30886,15988,220303,181886,11162,99330,224131,6986671,5551567,3945410
70.5,131381,187610,30672,20084,255906,322127,15565,144104,245707,7217083,6275144,4614995
71.5,139218,171751,31094,25628,286641,526397,21941,200745,273636,7243146,6920575,5238606
72.5,149287,155218,32139,33189,311593,790888,31057,269096,307146,7098867,7441788,5767429
73.5,162514,139558,33804,43550,330884,1091288,43865,347465,344695,6825878,7795291,6164637
74.5,179628,125710,36098,57766,345490,1385009,61475,432243,383843,6465567,7948000,6411528
75.5,201002,114128,39033,77214,356940,1623686,85069,517830,421341,6054289,7884344,6508558
76.5,226370,104945,42609,103614,367022,1770308,115780,597110,453483,5621327,7610409,6471837
77.5,254422,98105,46809,138974,377559,1811408,154527,662546,476692,5188734,7153634,6327097
78.5,282385,93462,51583,185434,390277,1758218,201852,707702,488196,4772179,6558046,6103415
79.5,305847,90845,56834,244943,406750,1638167,257789,728723,486590,4382163,5876454,5828260
80.5,319197,90081,62407,318785,428397,1483153,321815,725222,472100,4025215,5161880,5524500
81.5,316966,91005,68078,407000,456491,1320487,392873,700225,446470,3704930,4460393,5209201
82.5,295895,93449,73559,507839,492154,1168865,469483,659222,412522,3422781,3806719,4893716
83.5,256866,97214,78505,617484,536315,1038435,549873,608746,373563,3178758,3222891,4584513
84.5,205433,102044,82536,730214,589612,932938,632109,555015,332803,2971845,2719346,4284303
85.5,150248,107590,85277,839116,652249,852184,714182,503020,292932,2800388,2297462,3993197
86.5,99960,113379,86401,937216,723808,794015,794036,456163,255909,2662364,1952541,3709774
87.5,60313,118812,85675,1018743,803052,755553,869554,416342,222937,2555576,1676543,3432006
88.5,32984,123176,83001,1080140,887772,733843,938523,384280,194571,2477779,1460193,3158016
89.5,16377,125710,78444,1120541,974738,726098,998624,359891,170887,2426742,1294405,2886668
90.5,7415,125697,72231,1141628,1059807,729722,1047476,342600,151656,2400257,1171095,2617959
91.5,3081,122600,64729,1147012,1138228,742226,1082760,331551,136490,2396106,1083563,2353185
92.5,1186,116182,56403,1141383,1205114,761146,1102419,325704,124951,2411982,1026575,2094861
93.5,428,106597,47756,1129698,1256024,783972,1104916,323870,116622,2445393,996296,1846409
94.5,146,94407,39268,1116559,1287544,808147,1089498,324700,111151,2493546,990127,1611670
95.5,48,80508,31346,1105860,1297734,831125,1056407,326679,108265,2553242,1006511,1394346
96.5,16,65976,24286,1100653,1286352,850484,1006982,328161,107778,2620791,1044714,1197483
97.5,5,51881,18261,1103167,1254819,864075,943606,327472,109588,2691982,1104581,1023105
98.5,2,39111,13326,1114897,1205933,870168,869497,323084,113668,2762112,1186243,872051
99.5,0,28250,9440,1136712,1143430,867582,788383,313840,120056,2826107,1289771,744029
100.5,0,19551,6493,1168930,1071475,855752,704106,299158,128840,2878742,1414743,637828
101.5,0,12968,4338,1211356,994196,834749,620254,279170,140137,2914938,1559758,551616
102.5,0,8251,2816,1263289,915315,805222,539854,254712,154078,2930134,1721911,483263
103.5,0,5041,1778,1323505,837919,768301,465200,227172,170776,2920678,1896315,430616
104.5,0,2961,1092,1390250,764364,725457,397789,198228,190299,2884186,2075789,391719
105.5,0,1676,653,1461266,696277,678350,338377,169553,212639,2819815,2250861,364961
106.5,0,915,381,1533865,634645,628685,287099,142558,237677,2728394,2410199,349166
107.5,0,483,216,1605076,579930,578083,243626,118248,265158,2612379,2541548,343658
108.5,0,248,120,1671851,532203,527987,207330,97173,294669,2475644,2633123,348297
109.5,0,123,65,1731305,491265,479600,177419,79490,325635,2323110,2675233,363517
110.5,0,60,34,1780972,456750,433858,153049,65053,357330,2160294,2661832,390372
111.5,0,28,18,1819018,428206,391428,133401,53539,388898,1992822,2591621,430585
112.5,0,13,9,1844385,405157,352728,117728,44538,419406,1825995,2468396,486589
113.5,0,6,5,1856839,387138,317964,105378,37636,447895,1664435,2300542,561544
114.5,0,3,2,1856919,373723,287172,95801,32452,473446,1511869,2099761,659280
115.5,0,1,1,1845806,364537,260262,88552,28668,495246,1371036,1879358,784115
116.5,2,0,0,1825127,359258,237057,83274,26033,512643,1243710,1652465,940479
117.5,4,0,0,1796747,357615,217331,79695,24366,525186,1130809,1430574,1132279
118.5,11,0,0,1762557,359384,200836,77613,23548,532649,1032558,1222588,1361973
119.5,28,0,0,1724300,364375,187330,76885,23521,535034,948662,1034465,1629391
120.5,70,0,0,1683442,372423,176589,77422,24286,532554,878486,869361,1930461
121.5,174,0,0,1641080,383371,168424,79178,25901,525603,821200,728100,2256103
122.5,414,0,0,1597902,397060,162689,82145,28490,514712,775906,609804,2591701
123.5,943,0,0,1554182,413312,159287,86347,32251,500508,741723,512515,2917519
124.5,2040,0,0,1509805,431916,158178,91837,37464,483663,717845,433734,3210331
125.5,4171,0,0,1464316,452615,159384,98691,44513,464856,703576,370823,3446203
126.5,8020,0,0,1416990,475094,162989,107004,53894,444739,698337,321268,3604001
127.5,14458,0,0,1366926,498974,169150,116888,66229,423908,701658,282838,3668870
128.5,24375,0,0,1313153,523809,178101,128462,82268,402893,713158,253652,3634817
129.5,38362,0,0,1254752,549088,190154,141849,102873,382143,732508,232200,3505711
130.5,56287,0,0,1190985,574244,205706,157164,128967,362025,759383,217322,3294448
131.5,76947,0,0,1121426,598667,225235,174509,161465,342828,793412,208187,3020544
132.5,97984,0,0,1046063,621731,249298,193958,201141,324770,834115,204260,2706828
133.5,116248,0,0,965378,642811,278510,215544,248478,308006,880838,205278,2376066
134.5,128572,0,0,880361,661318,313514,239247,303476,292636,932701,211231,2048214
135.5,132685,0,0,792477,676726,354936,264972,365478,278716,988544,222351,1738717
136.5,127919,0,0,703556,688600,403305,292541,433034,266269,1046907,239108,1457905
137.5,115373,0,0,615637,696617,458958,321674,503855,255291,1106027,262201,1211295
138.5,97512,0,0,530776,700583,521915,351981,574897,245757,1163878,292555,1000456
139.5,77375,0,0,450859,700441,591729,382952,642574,237632,1218249,331297,824112
140.5,57759,0,0,377430,696271,667345,413964,703105,230869,1266853,379703,679207
141.5,40650,0,0,311583,688278,746965,444287,752928,225418,1307471,439120,561801
142.5,27035,0,0,253912,676781,827975,473105,789119,221226,1338108,510820,467725
143.5,17033,0,0,204527,662187,906956,499547,809733,218237,1357143,595810,393000
144.5,10191,0,0,163121,644967,979817,522728,814009,216398,1363461,694564,334071
145.5,5806,0,0,129076,625632,1042065,541795,802402,215652,1356534,806723,287905
146.5,3159,0,0,101570,604704,1089207,555983,776453,215942,1336465,930780,252004
147.5,1645,0,0,79690,582698,1117245,564663,738529,217208,1303960,1063821,224361
148.5,822,0,0,62515,560100,1123190,567392,691497,219386,1260258,1201396,203400
149.5,396,0,0,49182,537351,1105514,563948,638384,222405,1207020,1337590,187913
150.5,184,0,0,38924,514844,1064431,554351,582089,226187,1146185,1465367,176992
151.5,83,0,0,31087,492911,1001961,538870,525162,230641,1079824,1577166,169979
152.5,36,0,0,25132,471826,921731,518004,469677,235666,1010005,1665717,166420
153.5,15,0,0,20628,451805,828554,492453,417182,241147,938671,1724924,166031
154.5,6,0,0,17237,433011,727860,463072,368717,246953,867554,1750670,168673
155.5,3,0,0,14701,415556,625079,430811,324875,252938,798118,1741370,174333
156.5,1,0,0,12824,399513,525089,396663,285884,258945,731530,1698152,183112
157.5,0,0,0,11462,384917,431808,361598,251703,264799,668663,1624645,195212
158.5,0,0,0,10511,371774,347982,326519,222100,270323,610111,1526418,210934
159.5,0,0,0,9897,360067,275151,292222,196728,275328,556225,1410211,230662
160.5,0,0,0,9572,349757,213778,259366,175182,279632,507151,1283104,254858
161.5,0,0,0,9507,340796,163476,228461,157041,283054,462872,1151783,284039
162.5,0,0,0,9690,333121,123264,199868,141895,285431,423252,1021993,318750
163.5,0,0,0,10125,326663,91831,173807,129364,286616,388065,898224,359522
164.5,0,0,0,10828,321348,67742,150370,119112,286489,357035,783621,406806
165.5,0,0,0,11830,317094,49597,129549,110844,284965,329854,680069,460895
166.5,0,0,0,13176,313822,36128,111252,104311,281991,306206,588384,521808
167.5,0,0,0,14923,311444,26250,95327,99306,277555,285778,508560,589166
168.5,0,0,0,17145,309876,19076,81586,95665,271683,268275,440020,662043
169.5,0,0,0,19928,309028,13903,69816,93255,264443,253420,381830,738823
170.5,0,0,0,23372,308811,10190,59800,91978,255936,240964,332879,817082
171.5,0,0,0,27585,309135,7531,51324,91760,246294,230684,292007,893530
172.5,0,0,0,32682,309909,5629,44185,92554,235678,222383,258092,964055
173.5,0,0,0,38776,311042,4266,38195,94331,224263,215890,230102,1023903
174.5,0,0,0,45969,312444,3287,33187,97077,212239,211059,207121,1068032
175.5,0,0,0,54339,314026,2581,29013,100791,199798,207763,188353,1091624
176.5,0,0,0,63932,315702,2071,25543,105480,187129,205894,173124,1090723
177.5,0,0,0,74747,317390,1701,22668,111151,174412,205363,160871,1062912
178.5,0,0,0,86724,319012,1433,20293,117813,161813,206088,151125,1007892
179.5,0,0,0,99742,320497,1240,18340,125463,149478,207999,143499,927826
180.5,0,0,0,113611,321779,1105,16745,134086,137535,211030,137678,827315
181.5,0,0,0,128080,322803,1013,15455,143644,126086,215118,133399,712960
182.5,0,0,0,142849,323520,958,14425,154073,115212,220193,130448,592531
183.5,0,0,0,157581,323891,934,13622,165275,104973,226184,128643,473920
184.5,0,0,0,171929,323887,939,13018,177113,95408,233006,127832,364066
185.5,0,0,0,185554,323487,973,12593,189409,86535,240559,127882,268109
186.5,0,0,0,198150,322681,1039,12332,201942,78359,248727,128675,188941
187.5,0,0,0,209464,321463,1141,12225,214455,70870,257374,130102,127205
188.5,0,0,0,219306,319839,1288,12267,226654,64048,266339,132062,81692
189.5,0,0,0,227562,317818,1492,12455,238228,57863,275439,134458,49975
190.5,0,0,0,234191,315414,1770,12794,248855,52281,284470,137195,29087
191.5,0,0,0,239220,312646,2146,13290,258218,47262,293206,140180,16089
192.5,0,0,0,242738,309535,2653,13952,266030,42766,301405,143322,8451
193.5,0,0,0,244880,306103,3336,14796,272042,38751,308819,146532,4212
194.5,0,0,0,245815,302371,4256,15839,276064,35173,315196,149726,1991
195.5,0,0,0,245732,298363,5494,17104,277972,31994,320293,152822,892
196.5,0,0,0,244825,294097,7155,18617,277721,29175,323889,155747,379
197.5,0,0,0,243288,289591,9377,20408,275341,26679,325788,158437,153
198.5,0,0,0,241300,284862,12331,22510,270935,24472,325839,160834,58
199.5,0,0,0,239026,279923,16230,24962,264672,22525,323937,162893,21
200.5,0,0,0,236608,274784,21323,27802,256773,20808,320033,164579,7
201.5,0,0,0,234163,269454,27890,31073,247496,19297,314140,165866,2
202.5,0,0,0,231789,263940,36230,34814,237121,17969,306329,166741,0
203.5,0,0,0,229556,258248,46633,39066,225933,16804,296729,167197,0
204.5,0,0,0,227517,252381,59342,43862,214210,15784,285521,167239,0
205.5,0,0,0,225702,246344,74501,49230,202211,14892,272926,166876,0
206.5,0,0,0,224122,240143,92099,55183,190165,14116,259201,166122,0
207.5,0,0,0,222776,233782,111910,61720,178271,13442,244618,164997,0
208.5,0,0,0,221642,227270,133442,68819,166690,12861,229459,163523,0
209.5,0,0,0,220691,220615,155912,76435,155547,12364,214000,161724,0
210.5,0,0,0,219880,213831,178262,84492,144935,11942,198500,159622,0
211.5,0,0,0,219156,206930,199211,92883,134912,11588,183196,157242,0
212.5,0,0,0,218461,199932,217370,101469,125514,11298,168295,154607,0
213.5,0,0,0,217729,192856,231386,110078,116749,11065,153968,151740,0
214.5,0,0,0,216890,185725,240109,118508,108610,10887,140350,148663,0
215.5,0,0,0,215874,178566,242747,126533,101075,10759,127542,145397,0
216.5,0,0,0,214609,171405,238988,133910,94110,10679,115611,141964,0
217.5,0,0,0,213027,164272,229053,140391,87675,10645,104593,138386,0
218.5,0,0,0,211063,157196,213671,145737,81723,10656,94497,134683,0
219.5,0,0,0,208662,150207,193990,149728,76207,10710,85314,130878,0
220.5,0,0,0,205774,143334,171417,152180,71078,10806,77014,126993,0
221.5,0,0,0,202362,136607,147451,152958,66287,10945,69555,123054,0
222.5,0,0,0,198401,130050,123504,151986,61790,11127,62888,119083,0
223.5,0,0,0,193878,123690,100768,149252,57542,11353,56956,115107,0
224.5,0,0,0,188796,117546,80129,144815,53506,11622,51700,111152,0
225.5,0,0,0,183169,111639,62136,138800,49648,11938,47062,107242,0
226.5,0,0,0,177026,105983,47021,131393,45937,12301,42983,103405,0
227.5,0,0,0,170408,100590,34751,122829,42353,12713,39410,99666,0
228.5,0,0,0,163365,95470,25106,113378,38878,13177,36290,96048,0
229.5,0,0,0,155958,90627,17748,103331,35502,13695,33576,92574,0
230.5,0,0,0,148254,86064,12289,92979,32221,14270,31225,89267,0
231.5,0,0,0,140323,81781,8345,82604,29039,14905,29198,86146,0
232.5,0,0,0,132239,77775,5564,72460,25964,15604,27462,83228,0
233.5,0,0,0,124075,74040,3648,62762,23008,16370,25985,80528,0
234.5,0,0,0,115905,70569,2354,53685,20187,17206,24743,78061,0
235.5,0,0,0,107795,67354,1498,45354,17522,18117,23712,75837,0
236.5,0,0,0,99809,64384,942,37851,15030,19105,22873,73867,0
237.5,0,0,0,92004,61648,585,31213,12729,20175,22211,72160,0
238.5,0,0,0,84432,59134,360,25437,10633,21331,21712,70723,0
239.5,0,0,0,77135,56830,220,20494,8755,22574,21365,69562,0
240.5,0,0,0,70149,54723,134,16327,7097,23909,21162,68684,0
241.5,0,0,0,63504,52800,81,12868,5660,25337,21097,68094,0
242.5,0,0,0,57222,51047,49,10037,4438,26860,21165,67797,0
243.5,0,0,0,51317,49452,30,7750,3417,28480,21364,67800,0
244.5,0,0,0,45799,48002,18,5928,2583,30194,21693,68109,0
245.5,0,0,0,40672,46684,11,4493,1915,32004,22152,68729,0
246.5,0,0,0,35936,45484,7,3377,1392,33904,22742,69667,0
247.5,0,0,0,31584,44391,4,2518,991,35892,23467,70927,0
248.5,0,0,0,27609,43393,3,1864,691,37961,24328,72515,0
249.5,0,0,0,23999,42477,2,1371,471,40104,25331,74434,0
250.5,0,0,0,20739,41631,0,1002,314,42310,26480,76683,0
251.5,0,0,0,17813,40844,0,728,205,44567,27779,79261,0
252.5,0,0,0,15203,40105,0,527,131,46862,29233,82158,0
253.5,0,0,0,12891,39403,0,380,81,49178,30846,85360,0
254.5,0,0,0,10855,38727,0,274,49,51497,32619,88843,0
255.5,0,0,0,9076,38067,0,197,29,53799,34556,92575,0
256.5,0,0,0,7532,37413,0,141,17,56062,36653,96507,0
257.5,0,0,0,6202,36757,0,101,10,58263,38909,100580,0
258.5,0,0,0,5066,36090,0,73,5,60377,41315,104716,0
259.5,0,0,0,4104,35404,0,52,3,62380,43862,108823,0
260.5,0,0,0,3295,34694,0,38,2,64247,46532,112790,0
261.5,0,0,0,2622,33953,0,27,0,65952,49306,116490,0
262.5,0,0,0,2068,33177,0,20,0,67472,52154,119785,0
263.5,0,0,0,1615,32364,0,15,0,68784,55044,122525,0
264.5,0,0,0,1248,31510,0,11,0,69868,57936,124559,0
265.5,0,0,0,955,30616,0,8,0,70706,60782,125739,0
266.5,0,0,0,723,29682,0,6,0,71283,63529,125931,0
267.5,0,0,0,542,28711,0,5,0,71589,66118,125023,0
268.5,0,0,0,402,27704,0,4,0,71615,68486,122936,0
269.5,0,0,0,294,26667,0,3,0,71359,70568,119634,0
270.5,0,0,0,213,25603,0,2,0,70821,72296,115126,0
271.5,0,0,0,153,24521,0,2,0,70007,73606,109476,0
272.5,0,0,0,108,23424,0,1,0,68925,74438,102798,0
273.5,0,0,0,75,22321,0,1,0,67589,74741,95254,0
274.5,0,0,0,52,21219,0,0,0,66016,74473,87046,3
275.5,0,0,0,36,20124,0,0,0,64225,73605,78404,9
276.5,0,0,0,24,19042,0,0,0,62239,72127,69571,25
277.5,0,0,0,16,17982,0,0,0,60082,70043,60787,66
278.5,0,0,0,10,16948,0,0,0,57780,67380,52277,168
279.5,0,0,0,7,15946,0,0,0,55360,64180,44235,400
280.5,0,0,0,4,14980,0,0,0,52850,60505,36817,899
281.5,0,0,0,3,14054,0,0,0,50275,56433,30134,1904
282.5,0,0,0,2,13172,0,0,0,47661,52053,24248,3795
283.5,0,0,0,1,12335,0,0,0,45035,47463,19180,7115
284.5,0,0,0,0,11546,0,0,0,42418,42767,14911,12544
285.5,0,0,0,0,10804,0,0,0,39831,38066,11394,20780
286.5,0,0,0,0,10112,0,0,0,37294,33457,8556,32332
287.5,0,0,0,0,9467,0,0,0,34823,29027,6315,47233
288.5,0,0,0,0,8870,0,0,0,32432,24851,4581,64767
289.5,0,0,0,0,8319,0,0,0,30132,20988,3267,83341
290.5,0,0,0,0,7813,0,0,0,27932,17480,2290,100619
291.5,0,0,0,0,7350,0,0,0,25840,14352,1578,113964
292.5,0,0,0,0,6928,0,0,0,23861,11614,1070,121085
293.5,0,0,0,0,6545,0,0,0,21996,9260,713,120679
294.5,0,0,0,0,6199,0,0,0,20247,7273,468,112826
295.5,0,0,0,0,5889,1,0,0,18614,5625,302,98956
296.5,0,0,0,0,5611,2,1,0,17095,4283,192,81427
297.5,0,0,0,0,5364,2,1,0,15686,3211,120,62872
298.5,0,0,0,0,5147,3,1,0,14384,2368,74,45558
299.5,0,0,0,0,4958,4,2,0,13185,1719,45,30988
300.5,0,0,0,0,4794,6,2,0,12083,1227,27,19789
301.5,0,0,0,0,4655,8,2,0,11073,861,16,11867
302.5,0,0,0,0,4539,12,3,0,10150,595,9,6685
303.5,0,0,0,0,4445,16,3,0,9307,404,5,3539
304.5,0,0,0,0,4373,22,4,0,8540,269,3,1761
305.5,0,0,0,0,4321,31,4,0,7842,177,2,824
306.5,0,0,0,0,4289,42,5,0,7209,114,0,362
307.5,0,0,0,0,4276,58,6,0,6634,72,0,150
308.5,0,0,0,0,4282,79,7,0,6114,45,0,58
309.5,0,0,0,0,4307,107,9,0,5643,27,0,21
310.5,0,0,0,0,4350,146,10,0,5217,16,0,7
311.5,0,0,0,0,4411,197,12,0,4832,10,0,2
312.5,0,0,0,0,4491,265,15,0,4485,6,0,0
313.5,0,0,0,0,4590,354,18,0,4171,3,0,0
314.5,0,0,0,0,4707,472,21,0,3888,2,0,0
315.5,0,0,0,0,4844,624,25,0,3632,0,0,0
316.5,0,0,0,0,5000,822,30,0,3402,0,0,0
317.5,0,0,0,0,5175,1075,36,0,3194,0,0,0
318.5,0,0,0,0,5370,1397,43,0,3006,0,0,0
319.5,0,0,0,0,5585,1804,51,0,2837,0,0,0
320.5,0,0,0,0,5820,2312,61,0,2684,0,0,0
321.5,0,0,0,0,6074,2943,72,0,2547,0,0,0
322.5,0,0,0,0,6348,3717,85,0,2423,0,0,0
323.5,0,0,0,0,6640,4658,101,0,2311,0,0,0
324.5,0,0,0,0,6951,5791,119,0,2211,0,0,0
325.5,0,0,0,0,7278,7138,139,0,2120,0,0,0
326.5,0,0,0,0,7620,8725,163,0,2039,0,0,0
327.5,0,0,0,0,7975,10571,191,0,1965,0,0,0
328.5,0,0,0,0,8341,12692,222,0,1899,0,0,0
329.5,0,0,0,0,8714,15099,258,0,1840,0,0,0
330.5,0,0,0,0,9092,17793,299,0,1787,0,0,0
331.5,0,0,0,0,9470,20767,346,0,1740,0,0,0
332.5,0,0,0,0,9845,24001,398,0,1698,0,0,0
333.5,0,0,0,0,10210,27462,456,0,1660,0,0,0
334.5,0,0,0,0,10562,31103,522,0,1626,0,0,0
335.5,0,0,0,0,10893,34863,594,0,1596,0,0,0
336.5,0,0,0,0,11200,38669,675,0,1570,0,0,0
337.5,0,0,0,0,11475,42434,764,0,1546,0,0,0
338.5,0,0,0,0,11713,46064,862,0,1526,0,0,0
339.5,0,0,0,0,11909,49459,969,0,1508,0,0,0
340.5,0,0,0,0,12057,52516,1085,0,1492,0,0,0
341.5,0,0,0,0,12152,55139,1210,0,1478,0,0,0
342.5,0,0,0,0,12191,57239,1346,0,1466,0,0,0
343.5,0,0,0,0,12170,58739,1491,0,1455,0,0,0
344.5,0,0,0,0,12087,59584,1646,0,1446,0,0,0
345.5,0,0,0,0,11942,59737,1810,0,1438,0,0,0
346.5,0,0,0,0,11733,59188,1983,0,1431,0,0,0
347.5,0,0,0,0,11463,57949,2165,0,1424,0,0,0
348.5,0,0,0,0,11134,56060,2355,0,1418,0,0,0
349.5,0,0,0,0,10750,53582,2552,0,1413,0,0,0
350.5,0,0,0,0,10316,50594,2755,0,1407,0,0,0
351.5,0,0,0,0,9837,47192,2963,0,1402,0,0,0
352.5,0,0,0,0,9321,43480,3176,0,1397,0,0,0
353.5,0,0,0,0,8774,39568,3391,0,1391,0,0,0
354.5,0,0,0,0,8205,35564,3608,0,1385,0,0,0
355.5,0,0,0,0,7622,31568,3824,0,1378,0,0,0
356.5,0,0,0,0,7031,27672,4038,0,1371,0,0,0
357.5,0,0,0,0,6442,23953,4249,0,1363,0,0,0
358.5,0,0,0,0,5861,20475,4454,0,1353,0,0,0
359.5,0,0,0,0,5294,17281,4652,0,1343,0,0,0
360.5,0,0,0,0,4749,14401,4841,0,1332,0,0,0
361.5,0,0,0,0,4228,11850,5019,0,1320,0,0,0
362.5,0,0,0,0,3738,9627,5186,0,1306,0,0,0
363.5,0,0,0,0,3280,7721,5338,0,1291,0,0,0
364.5,0,0,0,0,2858,6114,5475,0,1274,0,0,0
365.5,0,0,0,0,2471,4780,5596,0,1257,0,0,0
366.5,0,0,0,0,2121,3689,5698,0,1237,0,0,0
367.5,0,0,0,0,1807,2811,5782,0,1217,0,0,0
368.5,0,0,0,0,1528,2115,5846,0,1195,0,0,0
369.5,0,0,0,0,1282,1570,5890,0,1171,0,0,0
370.5,0,0,0,0,1068,1151,5914,0,1146,0,0,0
371.5,0,0,0,0,883,833,5916,0,1120,0,0,0
372.5,0,0,0,0,724,595,5898,0,1093,0,0,0
373.5,0,0,0,0,590,420,5860,0,1064,0,0,0
374.5,0,0,0,0,476,293,5801,0,1034,0,0,0
375.5,0,0,0,0,382,201,5724,0,1004,0,0,0
376.5,0,0,0,0,304,137,5628,0,972,0,0,0
377.5,0,0,0,0,240,91,5514,0,940,0,0,0
378.5,0,0,0,0,188,61,5385,0,907,0,0,0
379.5,0,0,0,0,147,40,5241,0,873,0,0,0
380.5,0,0,0,0,113,26,5083,0,839,0,0,0
381.5,0,0,0,0,87,16,4914,0,805,0,0,0
382.5,0,0,0,0,66,10,4734,0,770,0,0,0
383.5,0,0,0,0,50,6,4546,0,736,0,0,0
384.5,0,0,0,0,37,4,4350,0,701,0,0,0
385.5,0,0,0,0,28,2,4150,0,667,0,0,0
386.5,0,0,0,0,20,1,3945,0,633,0,0,0
387.5,0,0,0,0,15,0,3739,0,600,0,0,0
388.5,0,0,0,0,11,0,3531,0,567,0,0,0
389.5,0,0,0,0,8,0,3325,0,534,0,0,0
390.5,0,0,0,0,6,0,3120,0,503,0,0,0
391.5,0,0,0,0,4,0,2919,0,472,0,0,0
392.5,0,0,0,0,3,0,2722,0,442,0,0,0
393.5,0,0,0,0,2,0,2530,0,414,0,0,0
394.5,0,0,0,0,1,0,2344,0,386,0,0,0
395.5,0,0,0,0,0,0,2165,0,359,0,0,0
396.5,0,0,0,0,0,0,1993,0,334,0,0,0
397.5,0,0,0,0,0,0,1830,0,309,0,0,0
398.5,0,0,0,0,0,0,1674,0,286,0,0,0
399.5,0,0,0,0,0,0,1527,0,264,0,0,0
400.5,0,0,0,0,0,0,1389,0,243,0,0,0
401.5,0,0,0,0,0,0,1259,0,223,0,0,0
402.5,0,0,0,0,0,0,1138,0,204,0,0,0
403.5,0,0,0,0,0,0,1026,0,187,0,0,0
404.5,0,0,0,0,0,0,922,0,170,0,0,0
405.5,0,0,0,0,0,0,826,0,155,0,0,0
406.5,0,0,0,0,0,0,737,0,141,0,0,0
407.5,0,0,0,0,0,0,657,0,128,0,0,0
408.5,0,0,0,0,0,0,583,0,115,0,0,0
409.5,0,0,0,0,0,0,516,0,104,0,0,0
410.5,0,0,0,0,0,0,455,0,94,0,0,0
411.5,0,0,0,0,0,0,401,0,84,0,0,0
412.5,0,0,0,0,0,0,352,0,76,0,0,0
413.5,0,0,0,0,0,0,308,0,68,0,0,0
414.5,0,0,0,0,0,0,268,0,60,0,0,0
415.5,0,0,0,0,0,0,234,0,54,0,0,0
416.5,0,0,0,0,0,0,203,0,48,0,0,0
417.5,0,0,0,0,0,0,175,0,42,0,0,0
418.5,0,0,0,0,0,0,151,0,37,0,0,0
419.5,0,0,0,0,0,0,130,0,33,0,0,0
420.5,0,0,0,0,0,0,112,0,29,0,0,0
421.5,0,0,0,0,0,0,95,0,26,0,0,0
422.5,0,0,0,0,0,0,81,0,22,0,0,0
423.5,0,0,0,0,0,0,69,0,20,0,0,0
424.5,0,0,0,0,0,0,59,0,17,0,0,0
425.5,0,0,0,0,0,0,50,0,15,0,0,0
426.5,0,0,0,0,0,0,42,0,13,0,0,0
427.5,0,0,0,0,0,0,35,0,11,0,0,0
428.5,0,0,0,0,0,0,30,0,10,0,0,0
429.5,0,0,0,0,0,0,25,0,8,0,0,0
430.5,0,0,0,0,0,0,21,0,7,0,0,0
431.5,0,0,0,0,0,0,17,0,6,0,0,0
432.5,0,0,0,0,0,0,14,0,5,0,0,0
433.5,0,0,0,0,0,0,12,0,5,0,0,0
434.5,0,0,0,0,0,0,10,0,4,0,0,0
435.5,0,0,0,0,0,0,8,0,3,0,0,0
436.5,0,0,0,0,0,0,7,0,3,0,0,0
437.5,0,0,0,0,0,0,5,0,2,0,0,0
438.5,0,0,0,0,0,0,4,0,2,0,0,0
439.5,0,0,0,0,0,0,4,0,2,0,0,0
440.5,0,0,0,0,0,0,3,0,1,0,0,0
441.5,0,0,0,0,0,0,2,0,1,0,0,0
442.5,0,0,0,0,0,0,2,0,1,0,0,0
443.5,0,0,0,0,0,0,2,0,0,0,0,0
444.5,0,0,0,0,0,0,1,0,0,0,0,0
445.5,0,0,0,0,0,0,1,0,0,0,0,0
446.5,0,0,0,0,0,0,0,0,0,0,0,0
447.5,0,0,0,0,0,0,0,0,0,0,0,0
448.5,0,0,0,0,0,0,0,0,0,0,0,0
449.5,0,0,0,0,0,0,0,0,0,0,0,0
450.5,0,0,0,0,0,0,0,0,0,0,0,0
451.5,0,0,0,0,0,0,0,0,0,0,0,0
452.5,0,0,0,0,0,0,0,0,0,0,0,0
453.5,0,0,0,0,0,0,0,1,0,0,0,0
454.5,0,0,0,0,0,0,0,2,0,0,0,0
455.5,0,0,0,0,0,0,0,2,0,0,0,0
456.5,0,0,0,0,0,0,0,3,0,0,0,0
457.5,0,0,0,0,0,0,0,4,0,0,0,0
458.5,0,0,0,0,0,0,0,6,0,0,0,0
459.5,0,0,0,0,0,0,0,8,0,0,0,0
460.5,0,0,0,0,0,0,0,12,0,0,0,0
461.5,0,0,0,0,0,0,0,16,0,0,0,0
462.5,0,0,0,0,0,0,0,22,0,0,0,0
463.5,0,0,0,0,0,0,0,31,0,0,0,0
464.5,0,0,0,0,0,0,0,42,0,0,0,0
465.5,0,0,0,0,0,0,0,57,0,0,0,0
466.5,0,0,0,0,0,0,0,77,0,0,0,0
467.5,0,0,0,0,0,0,0,103,0,0,0,0
468.5,0,0,0,0,0,0,0,137,0,0,0,0
469.5,0,0,0,0,0,0,0,181,0,0,0,0
470.5,0,0,0,0,0,0,0,239,0,0,0,0
471.5,0,0,0,0,0,0,0,313,0,0,0,0
472.5,0,0,0,0,0,0,0,407,0,0,0,0
473.5,0,0,0,0,0,0,0,526,0,0,0,0
474.5,0,0,0,0,0,0,0,676,0,0,0,0
475.5,0,0,0,0,0,0,0,864,0,0,0,0
476.5,0,0,0,0,0,0,0,1097,0,0,0,0
477.5,0,0,0,0,0,0,0,1383,0,0,0,0
478.5,0,0,0,0,0,0,0,1733,0,0,0,0
479.5,0,0,0,0,0,0,0,2158,0,0,0,0
480.5,0,0,0,0,0,0,0,2668,0,0,0,0
481.5,0,0,0,0,0,0,0,3277,0,0,0,0
482.5,0,0,0,0,0,0,0,3999,0,0,0,0
483.5,0,0,0,0,0,0,0,4845,0,0,0,0
484.5,0,0,0,0,0,0,0,5831,0,0,0,0
485.5,0,0,0,0,0,0,0,6969,0,0,0,0
486.5,0,0,0,0,0,0,0,8270,0,0,0,0
487.5,0,0,0,0,0,0,0,9745,0,0,0,0
488.5,0,0,0,0,0,0,0,11402,0,0,0,0
489.5,0,0,0,0,0,0,0,13246,0,0,0,0
490.5,0,0,0,0,0,0,0,15277,0,0,0,0
491.5,0,0,0,0,0,0,0,17492,0,0,0,0
492.5,0,0,0,0,0,0,0,19882,0,0,0,0
493.5,0,0,0,0,0,0,0,22433,0,0,0,0
494.5,0,0,0,0,0,0,0,25125,0,0,0,0
495.5,0,0,0,0,0,0,0,27931,0,0,0,0
496.5,0,0,0,0,0,0,0,30820,0,0,0,0
497.5,0,0,0,0,0,0,0,33754,0,0,0,0
498.5,0,0,0,0,0,0,0,36689,0,0,0,0
499.5,0,0,0,0,0,0,0,39578,0,0,0,0
500.5,0,0,0,0,0,0,0,42371,0,0,0,0
501.5,0,0,0,0,0,0,0,45016,0,0,0,0
502.5,0,0,0,0,0,0,0,47461,0,0,0,0
503.5,0,0,0,0,0,0,0,49657,0,0,0,0
504.5,0,0,0,0,0,0,0,51555,0,0,0,0
505.5,0,0,0,0,0,0,0,53113,0,0,0,0
506.5,0,0,0,0,0,0,0,54297,0,0,0,0
507.5,0,0,0,0,0,0,0,55077,0,0,0,0
508.5,0,0,0,0,0,0,0,55436,0,0,0,0
509.5,0,0,0,0,0,0,0,55365,0,0,0,0
510.5,0,0,0,0,0,0,0,54863,0,0,0,0
511.5,0,0,0,0,0,0,0,53943,0,0,0,0
512.5,0,0,0,0,0,0,0,52625,0,0,0,0
513.5,0,0,0,0,0,0,0,50939,0,0,0,0
514.5,0,0,0,0,0,0,0,48922,0,0,0,0
515.5,0,0,0,0,0,0,0,46619,0,0,0,0
516.5,0,0,0,0,0,0,0,44077,0,0,0,0
517.5,0,0,0,0,0,0,0,41349,0,0,0,0
518.5,0,0,0,0,0,0,0,38487,0,0,0,0
519.5,0,0,0,0,0,0,0,35543,0,0,0,0
520.5,0,0,0,0,0,0,0,32569,0,0,0,0
521.5,0,0,0,0,0,0,0,29612,0,0,0,0
522.5,0,0,0,0,0,0,0,26714,0,0,0,0
523.5,0,0,0,0,0,0,0,23912,0,0,0,0
524.5,0,0,0,0,0,0,0,21238,0,0,0,0
525.5,0,0,0,0,0,0,0,18718,0,0,0,0
526.5,0,0,0,0,0,0,0,16369,0,0,0,0
527.5,0,0,0,0,0,0,0,14205,0,0,0,0
528.5,0,0,0,0,0,0,0,12232,0,0,0,0
529.5,0,0,0,0,0,0,0,10452,0,0,0,0
530.5,0,0,0,0,0,0,0,8864,0,0,0,0
531.5,0,0,0,0,0,0,0,7459,0,0,0,0
532.5,0,0,0,0,0,0,0,6230,0,0,0,0
533.5,0,0,0,0,0,0,0,5163,0,0,0,0
534.5,0,0,0,0,0,0,0,4247,0,0,0,0
535.5,0,0,0,0,0,0,0,3468,0,0,0,0
536.5,0,0,0,0,0,0,0,2810,0,0,0,0
537.5,0,0,0,0,0,0,0,2260,0,0,0,0
538.5,0,0,0,0,0,0,0,1805,0,0,0,0
539.5,0,0,0,0,0,0,0,1430,0,0,0,0
540.5,0,0,0,0,0,0,0,1125,0,0,0,0
541.5,0,0,0,0,0,0,0,879,0,0,0,0
542.5,0,0,0,0,0,0,0,681,0,0,0,0
543.5,0,0,0,0,0,0,0,525,0,0,0,0
544.5,0,0,0,0,0,0,0,401,0,0,0,0
545.5,0,0,0,0,0,0,0,304,0,0,0,0
546.5,0,0,0,0,0,0,0,229,0,0,0,0
547.5,0,0,0,0,0,0,0,172,0,0,0,0
548.5,0,0,0,0,0,0,0,128,0,0,0,0
549.5,0,0,0,0,0,0,0,94,0,0,0,0
550.5,0,0,0,0,0,0,0,69,0,0,0,0
551.5,0,0,0,0,0,0,0,50,0,0,0,0
552.5,0,0,0,0,0,0,0,36,0,0,0,0
553.5,0,0,0,0,0,0,0,26,0,0,0,0
554.5,0,0,0,0,0,0,0,19,0,0,0,0
555.5,0,0,0,0,0,0,0,13,0,0,0,0
556.5,0,0,0,0,0,0,0,9,0,0,0,0
557.5,0,0,0,0,0,0,0,7,0,0,0,0
558.5,0,0,0,0,0,0,0,5,0,0,0,0
559.5,0,0,0,0,0,0,0,3,0,0,0,0
560.5,0,0,0,0,0,0,0,2,0,0,0,0
561.5,0,0,0,0,0,0,0,1,0,0,0,0
562.5,0,0,0,0,0,0,0,1,0,0,0,0
563.5,0,0,0,0,0,0,0,0,0,0,0,0
564.5,0,0,0,0,0,0,0,0,0,0,0,0
565.5,0,0,0,0,0,0,0,0,0,0,0,0
566.5,0,0,0,0,0,0,0,0,0,0,0,0
567.5,0,0,0,0,0,0,0,0,0,0,0,0
568.5,0,0,0,0,0,0,0,0,0,0,0,0
569.5,0,0,0,0,0,0,0,0,0,0,0,0
570.5,0,0,0,0,0,0,0,0,0,0,0,0
571.5,0,0,0,0,0,0,0,0,0,0,0,0
572.5,0,0,0,0,0,0,0,0,0,0,0,0
573.5,0,0,0,0,0,0,0,0,0,0,0,0
574.5,0,0,0,0,0,0,0,0,0,0,0,0
575.5,0,0,0,0,0,0,0,0,0,0,0,0
576.5,0,0,0,0,0,0,0,0,0,0,0,0
577.5,0,0,0,0,0,0,0,0,0,0,0,0
578.5,0,0,0,0,0,0,0,0,0,0,0,0
579.5,0,0,0,0,0,0,0,0,0,0,0,0
580.5,0,0,0,0,0,0,0,0,0,0,0,0
581.5,0,0,0,0,0,0,0,0,0,0,0,0
582.5,0,0,0,0,0,0,0,0,0,0,0,0
583.5,0,0,0,0,0,0,0,0,0,0,0,0
584.5,0,0,0,0,0,0,0,0,0,0,0,0
585.5,0,0,0,0,0,0,0,0,0,0,0,0
586.5,0,0,0,0,0,0,0,0,0,0,0,0
587.5,0,0,0,0,0,0,0,0,0,0,0,0
588.5,0,0,0,0,0,0,0,0,0,0,0,0
589.5,0,0,0,0,0,0,0,0,0,0,0,0
590.5,0,0,0,0,0,0,0,0,0,0,0,0
591.5,0,0,0,0,0,0,0,0,0,0,0,0
592.5,0,0,0,0,0,0,0,0,0,0,0,0
593.5,0,0,0,0,0,0,0,0,0,0,0,0
594.5,0,0,0,0,0,0,0,0,0,0,0,0
595.5,0,0,0,0,0,0,0,0,0,0,0,0
596.5,0,0,0,0,0,0,0,0,0,0,0,0
597.5,0,0,0,0,0,0,0,0,0,0,0,0
598.5,0,0,0,0,0,0,0,0,0,0,0,0
599.5,0,0,0,0,0,0,0,0,0,0,0,0
600.5,0,0,0,0,0,0,0,0,0,0,0,0
601.5,0,0,0,0,0,0,0,0,0,0,0,0
602.5,0,0,0,0,0,0,0,0,0,0,0,0
603.5,0,0,0,0,0,0,0,0,0,0,0,0
604.5,0,0,0,0,0,0,0,0,0,0,0,0
605.5,0,0,0,0,0,0,0,0,0,0,0,0
606.5,0,0,0,0,0,0,0,0,0,0,0,0
607.5,0,0,0,0,0,0,0,0,0,0,0,0
608.5,0,0,0,0,0,0,0,0,0,0,0,0
609.5,0,0,0,0,0,0,0,0,0,0,0,0
610.5,0,0,0,0,0,0,0,0,0,0,0,0
611.5,0,0,0,0,0,0,0,0,0,0,0,0
612.5,0,0,0,0,0,0,0,0,0,0,0,0
613.5,0,0,0,0,0,0,0,0,0,0,0,0
614.5,0,0,0,0,0,0,0,0,0,0,0,0
615.5,0,0,0,0,0,0,0,0,0,0,0,0
616.5,0,0,0,0,0,0,0,0,0,0,0,0
617.5,0,0,0,0,0,0,0,0,0,0,0,0
618.5,0,0,0,0,0,0,0,0,0,0,0,0
619.5,0,0,0,0,0,0,0,0,0,0,0,0
620.5,0,0,0,0,0,0,0,0,0,0,0,0
621.5,0,0,0,0,0,0,0,0,0,0,0,0
622.5,0,0,0,0,0,0,0,0,0,0,0,0
623.5,0,0,0,0,0,0,0,0,0,0,0,0
624.5,0,0,0,0,0,0,0,0,0,0,0,0
625.5,0,0,0,0,0,0,0,0,0,0,0,0
626.5,0,0,0,0,0,0,0,0,0,0,0,0
627.5,0,0,0,0,0,0,0,0,0,0,0,0
628.5,0,0,0,0,0,0,0,0,0,0,0,0
629.5,0,0,0,0,0,0,0,0,0,0,0,0
630.5,0,0,0,0,0,0,0,0,0,0,0,0
631.5,0,0,0,0,0,0,0,0,0,0,0,0
632.5,0,0,0,0,0,0,0,0,0,0,0,0
633.5,0,0,0,0,0,0,0,0,0,0,0,0
634.5,0,0,0,0,0,0,0,0,0,0,0,0
635.5,0,0,0,0,0,0,0,0,0,0,0,0
636.5,0,0,0,0,0,0,0,0,0,0,0,0
637.5,0,0,0,0,0,0,0,0,0,0,0,0
638.5,0,0,0,0,0,0,0,0,0,0,0,0
639.5,0,0,0,0,0,0,0,0,0,0,0,0
640.5,0,0,0,0,0,0,0,0,0,0,0,0
641.5,0,0,0,0,0,0,0,0,0,0,0,0
642.5,0,0,0,0,0,0,0,0,0,0,0,0
643.5,0,0,0,0,0,0,0,0,0,0,0,0
644.5,0,0,0,0,0,0,0,0,0,0,0,0
645.5,0,0,0,0,0,0,0,0,0,0,0,0
646.5,0,0,0,0,0,0,0,0,0,0,0,0
647.5,0,0,0,0,0,0,0,0,0,0,0,0
648.5,0,0,0,0,0,0,0,0,0,0,0,0
649.5,0,0,0,0,0,0,0,0,0,0,0,0
650.5,0,0,0,0,0,0,0,0,0,0,0,0
651.5,0,0,0,0,0,0,0,0,0,0,0,0
652.5,0,0,0,0,0,0,0,0,0,0,0,0
653.5,0,0,0,0,0,0,0,0,0,0,0,0
654.5,0,0,0,0,0,0,0,0,0,0,0,0
655.5,0,0,0,0,0,0,0,0,0,0,0,0
656.5,0,0,0,0,0,0,0,0,0,0,0,0
657.5,0,0,0,0,0,0,0,0,0,0,0,0
658.5,0,0,0,0,0,0,0,0,0,0,0,0
659.5,0,0,0,0,0,0,0,0,0,0,0,0
660.5,0,0,0,0,0,0,0,0,0,0,0,0
661.5,0,0,0,0,0,0,0,0,0,0,0,0
662.5,0,0,0,0,0,0,0,0,0,0,0,0
663.5,0,0,0,0,0,0,0,0,0,0,0,0
664.5,0,0,0,0,0,0,0,0,0,0,0,0
665.5,0,0,0,0,0,0,0,0,0,0,0,0
666.5,0,0,0,0,0,0,0,0,0,0,0,0
667.5,0,0,0,0,0,0,0,0,0,0,0,0
668.5,0,0,0,0,0,0,0,0,0,0,0,0
669.5,0,0,0,0,0,0,0,0,0,0,0,0
670.5,0,0,0,0,0,0,0,0,0,0,0,0
671.5,0,0,0,0,0,0,0,0,0,0,0,0
672.5,0,0,0,0,0,0,0,0,0,0,0,0
673.5,0,0,0,0,0,0,0,0,0,0,0,0
674.5,0,0,0,0,0,0,0,0,0,0,0,0
675.5,0,0,0,0,0,0,0,0,0,0,0,0
676.5,0,0,0,0,0,0,0,0,0,0,0,0
677.5,0,0,0,0,0,0,0,0,0,0,0,0
678.5,0,0,0,0,0,0,0,0,0,0,0,0
679.5,0,0,0,0,0,0,0,0,0,0,0,0
680.5,0,0,0,0,0,0,0,0,0,0,0,0
681.5,0,0,0,0,0,0,0,0,0,0,0,0
682.5,0,0,0,0,0,0,0,0,0,0,0,0
683.5,0,0,0,0,0,0,0,0,0,0,0,0
684.5,0,0,0,0,0,0,0,0,0,0,0,0
685.5,0,0,0,0,0,0,0,0,0,0,0,0
686.5,0,0,0,0,0,0,0,0,0,0,0,0
687.5,0,0,0,0,0,0,0,0,0,0,0,0
688.5,0,0,0,0,0,0,0,0,0,0,0,0
689.5,0,0,0,0,0,0,0,0,0,0,0,0
690.5,0,0,0,0,0,0,0,0,0,0,0,0
691.5,0,0,0,0,0,0,0,0,0,0,0,0
692.5,0,0,0,0,0,0,0,0,0,0,0,0
693.5,0,0,0,0,0,0,0,0,0,0,0,0
694.5,0,0,0,0,0,0,0,0,0,0,0,0
695.5,0,0,0,0,0,0,0,0,0,0,0,0
696.5,0,0,0,0,0,0,0,0,0,0,0,0
697.5,0,0,0,0,0,0,0,0,0,0,0,0
698.5,0,0,0,0,0,0,0,0,0,0,0,0
699.5,0,0,0,0,0,0,0,0,0,0,0,0
700.5,0,0,0,0,0,0,0,0,0,0,0,0
701.5,0,0,0,0,0,0,0,0,0,0,0,0
702.5,0,0,0,0,0,0,0,0,0,0,0,0
703.5,0,0,0,0,0,0,0,0,0,0,0,0
704.5,0,0,0,0,0,0,0,0,0,0,0,0
705.5,0,0,0,0,0,0,0,0,0,0,0,0
706.5,0,0,0,0,0,0,0,0,0,0,0,0
707.5,0,0,0,0,0,0,0,0,0,0,0,0
708.5,0,0,0,0,0,0,0,0,0,0,0,0
709.5,0,0,0,0,0,0,0,0,0,0,0,0
710.5,0,0,0,0,0,0,0,0,0,0,0,0
711.5,0,0,0,0,0,0,0,0,0,0,0,0
712.5,0,0,0,0,0,0,0,0,0,0,0,0
713.5,0,0,0,0,0,0,0,0,0,0,0,0
714.5,0,0,0,0,0,0,0,0,0,0,0,0
715.5,0,0,0,0,0,0,0,0,0,0,0,0
716.5,0,0,0,0,0,0,0,0,0,0,0,0
717.5,0,0,0,0,0,0,0,0,0,0,0,0
718.5,0,0,0,0,0,0,0,0,0,0,0,0
719.5,0,0,0,0,0,0,0,0,0,0,0,0
720.5,0,0,0,0,0,0,0,0,0,0,0,0
721.5,0,0,0,0,0,0,0,0,0,0,0,0
722.5,0,0,0,0,0,0,0,0,0,0,0,0
723.5,0,0,0,0,0,0,0,0,0,0,0,0
724.5,0,0,0,0,0,0,0,0,0,0,0,0
725.5,0,0,0,0,0,0,0,0,0,0,0,0
726.5,0,0,0,0,0,0,0,0,0,0,0,0
727.5,0,0,0,0,0,0,0,0,0,0,0,0
728.5,0,0,0,0,0,0,0,0,0,0,0,0
729.5,0,0,0,0,0,0,0,0,0,0,0,0
730.5,0,0,0,0,0,0,0,0,0,0,0,0
731.5,0,0,0,0,0,0,0,0,0,0,0,0
732.5,0,0,0,0,0,0,0,0,0,0,0,0
733.5,0,0,0,0,0,0,0,0,0,0,0,0
734.5,0,0,0,0,0,0,0,0,0,0,0,0
735.5,0,0,0,0,0,0,0,0,0,0,0,0
736.5,0,0,0,0,0,0,0,0,0,0,0,0
737.5,0,0,0,0,0,0,0,0,0,0,0,0
738.5,0,0,0,0,0,0,0,0,0,0,0,0
739.5,0,0,0,0,0,0,0,0,0,0,0,0
740.5,0,0,0,0,0,0,0,0,0,0,0,0
741.5,0,0,0,0,0,0,0,0,0,0,0,0
742.5,0,0,0,0,0,0,0,0,0,0,0,0
743.5,0,0,0,0,0,0,0,0,0,0,0,0
744.5,0,0,0,0,0,0,0,0,0,0,0,0
745.5,0,0,0,0,0,0,0,0,0,0,0,0
746.5,0,0,0,0,0,0,0,0,0,0,0,0
747.5,0,0,0,0,0,0,0,0,0,0,0,0
748.5,0,0,0,0,0,0,0,0,0,0,0,0
749.5,0,0,0,0,0,0,0,0,0,0,0,0
750.5,0,0,0,0,0,0,0,0,0,0,0,0
751.5,0,0,0,0,0,0,0,0,0,0,0,0
752.5,0,0,0,0,0,0,0,0,0,0,0,0
753.5,0,0,0,0,0,0,0,0,0,0,0,0
754.5,0,0,0,0,0,0,0,0,0,0,0,0
755.5,0,0,0,0,0,0,0,1,0,0,0,0
756.5,0,0,0,0,0,0,0,1,0,0,0,0
757.5,0,0,0,0,0,0,0,2,0,0,0,0
758.5,0,0,0,0,0,0,0,2,0,0,0,0
759.5,0,0,0,0,0,0,0,3,0,0,0,0
760.5,0,0,0,0,0,0,0,4,0,0,0,0
761.5,0,0,0,0,0,0,0,5,0,0,0,0
762.5,0,0,0,0,0,0,0,7,0,0,0,0
763.5,0,0,0,0,0,0,0,8,0,0,0,0
764.5,0,0,0,0,0,0,0,11,0,0,0,0
765.5,0,0,0,0,0,0,0,13,0,0,0,0
766.5,0,0,0,0,0,0,0,17,0,0,0,0
767.5,0,0,0,0,0,0,0,21,0,0,0,0
768.5,0,0,0,0,0,0,0,27,0,0,0,0
769.5,0,0,0,0,0,0,0,33,0,0,0,0
770.5,0,0,0,0,0,0,0,41,0,0,0,0
771.5,0,0,0,0,0,0,0,51,0,0,0,0
772.5,0,0,0,0,0,0,0,63,0,0,0,0
773.5,0,0,0,0,0,0,0,77,0,0,0,0
774.5,0,0,0,0,0,0,0,94,0,0,0,0
775.5,0,0,0,0,0,0,0,114,0,0,0,0
776.5,0,0,0,0,0,0,0,139,0,0,0,0
777.5,0,0,0,0,0,0,0,168,0,0,0,0
778.5,0,0,0,0,0,0,0,202,0,0,0,0
779.5,0,0,0,0,0,0,0,242,0,0,0,0
780.5,0,0,0,0,0,0,0,289,0,0,0,0
781.5,0,0,0,0,0,0,0,344,0,0,0,0
782.5,0,0,0,0,0,0,0,408,0,0,0,0
783.5,0,0,0,0,0,0,0,482,0,0,0,0
784.5,0,0,0,0,0,0,0,566,0,0,0,0
785.5,0,0,0,0,0,0,0,664,0,0,0,0
786.5,0,0,0,0,0,0,0,774,0,0,0,0
787.5,0,0,0,0,0,0,0,900,0,0,0,0
788.5,0,0,0,0,0,0,0,1043,0,0,0,0
789.5,0,0,0,0,0,0,0,1203,0,0,0,0
790.5,0,0,0,0,0,0,0,1382,0,0,0,0
791.5,0,0,0,0,0,0,0,1582,0,0,0,0
792.5,0,0,0,0,0,0,0,1804,0,0,0,0
793.5,0,0,0,0,0,0,0,2049,0,0,0,0
794.5,0,0,0,0,0,0,0,2319,0,0,0,0
795.5,0,0,0,0,0,0,0,2614,0,0,0,0
796.5,0,0,0,0,0,0,0,2935,0,0,0,0
797.5,0,0,0,0,0,0,0,3283,0,0,0,0
798.5,0,0,0,0,0,0,0,3659,0,0,0,0
799.5,0,0,0,0,0,0,0,4061,0,0,0,0
800.5,0,0,0,0,0,0,0,4491,0,0,0,0
801.5,0,0,0,0,0,0,0,4948,0,0,0,0
802.5,0,0,0,0,0,0,0,5430,0,0,0,0
803.5,0,0,0,0,0,0,0,5936,0,0,0,0
804.5,0,0,0,0,0,0,0,6466,0,0,0,0
805.5,0,0,0,0,0,0,0,7016,0,0,0,0
806.5,0,0,0,0,0,0,0,7584,0,0,0,0
807.5,0,0,0,0,0,0,0,8166,0,0,0,0
808.5,0,0,0,0,0,0,0,8761,0,0,0,0
809.5,0,0,0,0,0,0,0,9364,0,0,0,0
810.5,0,0,0,0,0,0,0,9971,0,0,0,0
811.5,0,0,0,0,0,0,0,10577,0,0,0,0
812.5,0,0,0,0,0,0,0,11178,0,0,0,0
813.5,0,0,0,0,0,0,0,11769,0,0,0,0
814.5,0,0,0,0,0,0,0,12346,0,0,0,0
815.5,0,0,0,0,0,0,0,12902,0,0,0,0
816.5,0,0,0,0,0,0,0,13434,0,0,0,0
817.5,0,0,0,0,0,0,0,13935,0,0,0,0
818.5,0,0,0,0,0,0,0,14402,0,0,0,0
819.5,0,0,0,0,0,0,0,14830,0,0,0,0
820.5,0,0,0,0,0,0,0,15215,0,0,0,0
821.5,0,0,0,0,0,0,0,15552,0,0,0,0
822.5,0,0,0,0,0,0,0,15838,0,0,0,0
823.5,0,0,0,0,0,0,0,16070,0,0,0,0
824.5,0,0,0,0,0,0,0,16247,0,0,0,0
825.5,0,0,0,0,0,0,0,16365,0,0,0,0
826.5,0,0,0,0,0,0,0,16425,0,0,0,0
827.5,0,0,0,0,0,0,0,16424,0,0,0,0
828.5,0,0,0,0,0,0,0,16365,0,0,0,0
829.5,0,0,0,0,0,0,0,16246,0,0,0,0
830.5,0,0,0,0,0,0,0,16071,0,0,0,0
831.5,0,0,0,0,0,0,0,15840,0,0,0,0
832.5,0,0,0,0,0,0,0,15556,0,0,0,0
833.5,0,0,0,0,0,0,0,15223,0,0,0,0
834.5,0,0,0,0,0,0,0,14844,0,0,0,0
835.5,0,0,0,0,0,0,0,14422,0,0,0,0
836.5,0,0,0,0,0,0,0,13963,0,0,0,0
837.5,0,0,0,0,0,0,0,13470,0,0,0,0
838.5,0,0,0,0,0,0,0,12949,0,0,0,0
839.5,0,0,0,0,0,0,0,12403,0,0,0,0
840.5,0,0,0,0,0,0,0,11839,0,0,0,0
841.5,0,0,0,0,0,0,0,11261,0,0,0,0
842.5,0,0,0,0,0,0,0,10673,0,0,0,0
843.5,0,0,0,0,0,0,0,10081,0,0,0,0
844.5,0,0,0,0,0,0,0,9488,0,0,0,0
845.5,0,0,0,0,0,0,0,8899,0,0,0,0
846.5,0,0,0,0,0,0,0,8318,0,0,0,0
847.5,0,0,0,0,0,0,0,7747,0,0,0,0
848.5,0,0,0,0,0,0,0,7191,0,0,0,0
849.5,0,0,0,0,0,0,0,6651,0,0,0,0
850.5,0,0,0,0,0,0,0,6131,0,0,0,0
851.5,0,0,0,0,0,0,0,5632,0,0,0,0
852.5,0,0,0,0,0,0,0,5156,0,0,0,0
853.5,0,0,0,0,0,0,0,4704,0,0,0,0
854.5,0,0,0,0,0,0,0,4277,0,0,0,0
855.5,0,0,0,0,0,0,0,3876,0,0,0,0
856.5,0,0,0,0,0,0,0,3500,0,0,0,0
857.5,0,0,0,0,0,0,0,3150,0,0,0,0
858.5,0,0,0,0,0,0,0,2825,0,0,0,0
859.5,0,0,0,0,0,0,0,2526,0,0,0,0
860.5,0,0,0,0,0,0,0,2250,0,0,0,0
861.5,0,0,0,0,0,0,0,1998,0,0,0,0
862.5,0,0,0,0,0,0,0,1768,0,0,0,0
863.5,0,0,0,0,0,0,0,1559,0,0,0,0
864.5,0,0,0,0,0,0,0,1371,0,0,0,0
865.5,0,0,0,0,0,0,0,1201,0,0,0,0
866.5,0,0,0,0,0,0,0,1049,0,0,0,0
867.5,0,0,0,0,0,0,0,913,0,0,0,0
868.5,0,0,0,0,0,0,0,792,0,0,0,0
869.5,0,0,0,0,0,0,0,684,0,0,0,0
870.5,0,0,0,0,0,0,0,590,0,0,0,0
871.5,0,0,0,0,0,0,0,507,0,0,0,0
872.5,0,0,0,0,0,0,0,434,0,0,0,0
873.5,0,0,0,0,0,0,0,370,0,0,0,0
874.5,0,0,0,0,0,0,0,315,0,0,0,0
875.5,0,0,0,0,0,0,0,267,0,0,0,0
876.5,0,0,0,0,0,0,0,225,0,0,0,0
877.5,0,0,0,0,0,0,0,190,0,0,0,0
878.5,0,0,0,0,0,0,0,159,0,0,0,0
879.5,0,0,0,0,0,0,0,133,0,0,0,0
880.5,0,0,0,0,0,0,0,111,0,0,0,0
881.5,0,0,0,0,0,0,0,93,0,0,0,0
882.5,0,0,0,0,0,0,0,77,0,0,0,0
883.5,0,0,0,0,0,0,0,63,0,0,0,0
884.5,0,0,0,0,0,0,0,52,0,0,0,0
885.5,0,0,0,0,0,0,0,43,0,0,0,0
886.5,0,0,0,0,0,0,0,35,0,0,0,0
887.5,0,0,0,0,0,0,0,29,0,0,0,0
888.5,0,0,0,0,0,0,0,23,0,0,0,0
889.5,0,0,0,0,0,0,0,19,0,0,0,0
890.5,0,0,0,0,0,0,0,15,0,0,0,0
891.5,0,0,0,0,0,0,0,12,0,0,0,0
892.5,0,0,0,0,0,0,0,10,0,0,0,0
893.5,0,0,0,0,0,0,0,8,0,0,0,0
894.5,0,0,0,0,0,0,0,6,0,0,0,0
895.5,0,0,0,0,0,0,0,5,0,0,0,0
896.5,0,0,0,0,0,0,0,4,0,0,0,0
897.5,0,0,0,0,0,0,0,3,0,0,0,0
898.5,0,0,0,0,0,0,0,2,0,0,0,0
899.5,0,0,0,0,0,0,0,2,0,0,0,0
900.5,0,0,0,0,0,0,0,2,0,0,0,0
901.5,0,0,0,0,0,0,0,1,0,0,0,0
902.5,0,0,0,0,0,0,0,0,0,0,0,0
903.5,0,0,0,0,0,0,0,0,0,0,0,0
904.5,0,0,0,0,0,0,0,0,0,0,0,0
905.5,0,0,0,0,0,0,0,0,0,0,0,0
906.5,0,0,0,0,0,0,0,0,0,0,0,0
907.5,0,0,0,0,0,0,0,0,0,0,0,0
908.5,0,0,0,0,0,0,0,0,0,0,0,0
909.5,0,0,0,0,0,0,0,0,0,0,0,0
910.5,0,0,0,0,0,0,0,0,0,0,0,0
911.5,0,0,0,0,0,0,0,0,0,0,0,0
912.5,0,0,0,0,0,0,0,0,0,0,0,0
913.5,0,0,0,0,0,0,0,0,0,0,0,0
914.5,0,0,0,0,0,0,0,0,0,0,0,0
915.5,0,0,0,0,0,0,0,0,0,0,0,0
916.5,0,0,0,0,0,0,0,0,0,0,0,0
917.5,0,0,0,0,0,0,0,0,0,0,0,0
918.5,0,0,0,0,0,0,0,0,0,0,0,0
919.5,0,0,0,0,0,0,0,0,0,0,0,0
920.5,0,0,0,0,0,0,0,0,0,0,0,0
921.5,0,0,0,0,0,0,0,0,0,0,0,0
922.5,0,0,0,0,0,0,0,0,0,0,0,0
923.5,0,0,0,0,0,0,0,0,0,0,0,0
924.5,0,0,0,0,0,0,0,0,0,0,0,0
925.5,0,0,0,0,0,0,0,0,0,0,0,0
926.5,0,0,0,0,0,0,0,0,0,0,0,0
927.5,0,0,0,0,0,0,0,0,0,0,0,0
928.5,0,0,0,0,0,0,0,0,0,0,0,0
929.5,0,0,0,0,0,0,0,0,0,0,0,0
930.5,0,0,0,0,0,0,0,0,0,0,0,0
931.5,0,0,0,0,0,0,0,0,0,0,0,0
932.5,0,0,0,0,0,0,0,0,0,0,0,0
933.5,0,0,0,0,0,0,0,0,0,0,0,0
934.5,0,0,0,0,0,0,0,0,0,0,0,0
935.5,0,0,0,0,0,0,0,0,0,0,0,0
936.5,0,0,0,0,0,0,0,0,0,0,0,0
937.5,0,0,0,0,0,0,0,0,0,0,0,0
938.5,0,0,0,0,0,0,0,0,0,0,0,0
939.5,0,0,0,0,0,0,0,0,0,0,0,0
940.5,0,0,0,0,0,0,0,0,0,0,0,0
941.5,0,0,0,0,0,0,0,0,0,0,0,0
942.5,0,0,0,0,0,0,0,0,0,0,0,0
943.5,0,0,0,0,0,0,0,0,0,0,0,0
944.5,0,0,0,0,0,0,0,0,0,0,0,0
945.5,0,0,0,0,0,0,0,0,0,0,0,0
946.5,0,0,0,0,0,0,0,0,0,0,0,0
947.5,0,0,0,0,0,0,0,0,0,0,0,0
948.5,0,0,0,0,0,0,0,0,0,0,0,0
949.5,0,0,0,0,0,0,0,0,0,0,0,0
950.5,0,0,0,0,0,0,0,0,0,0,0,0
951.5,0,0,0,0,0,0,0,0,0,0,0,0
952.5,0,0,0,0,0,0,0,0,0,0,0,0
953.5,0,0,0,0,0,0,0,0,0,0,0,0
954.5,0,0,0,0,0,0,0,0,0,0,0,0
955.5,0,0,0,0,0,0,0,0,0,0,0,0
956.5,0,0,0,0,0,0,0,0,0,0,0,0
957.5,0,0,0,0,0,0,0,0,0,0,0,0
958.5,0,0,0,0,0,0,0,0,0,0,0,0
959.5,0,0,0,0,0,0,0,0,0,0,0,0
960.5,0,0,0,0,0,0,0,0,0,0,0,0
961.5,0,0,0,0,0,0,0,0,0,0,0,0
962.5,0,0,0,0,0,0,0,0,0,0,0,0
963.5,0,0,0,0,0,0,0,0,0,0,0,0
964.5,0,0,0,0,0,0,0,0,0,0,0,0
965.5,0,0,0,0,0,0,0,0,0,0,0,0
966.5,0,0,0,0,0,0,0,0,0,0,0,0
967.5,0,0,0,0,0,0,0,0,0,0,0,0
968.5,0,0,0,0,0,0,0,0,0,0,0,0
969.5,0,0,0,0,0,0,0,0,0,0,0,0
970.5,0,0,0,0,0,0,0,0,0,0,0,0
971.5,0,0,0,0,0,0,0,0,0,0,0,0
972.5,0,0,0,0,0,0,0,0,0,0,0,0
973.5,0,0,0,0,0,0,0,0,0,0,0,0
974.5,0,0,0,0,0,0,0,0,0,0,0,0
975.5,0,0,0,0,0,0,0,0,0,0,0,0
976.5,0,0,0,0,0,0,0,0,0,0,0,0
977.5,0,0,0,0,0,0,0,0,0,0,0,0
978.5,0,0,0,0,0,0,0,0,0,0,0,0
979.5,0,0,0,0,0,0,0,0,0,0,0,0
980.5,0,0,0,0,0,0,0,0,0,0,0,0
981.5,0,0,0,0,0,0,0,0,0,0,0,0
982.5,0,0,0,0,0,0,0,0,0,0,0,0
983.5,0,0,0,0,0,0,0,0,0,0,0,0
984.5,0,0,0,0,0,0,0,0,0,0,0,0
985.5,0,0,0,0,0,0,0,0,0,0,0,0
986.5,0,0,0,0,0,0,0,0,0,0,0,0
987.5,0,0,0,0,0,0,0,0,0,0,0,0
988.5,0,0,0,0,0,0,0,0,0,0,0,0
989.5,0,0,0,0,0,0,0,0,0,0,0,0
990.5,0,0,0,0,0,0,0,0,0,0,0,0
991.5,0,0,0,0,0,0,0,0,0,0,0,0
992.5,0,0,0,0,0,0,0,0,0,0,0,0
993.5,0,0,0,0,0,0,0,0,0,0,0,0
994.5,0,0,0,0,0,0,0,0,0,0,0,0
995.5,0,0,0,0,0,0,0,0,0,0,0,0
996.5,0,0,0,0,0,0,0,0,0,0,0,0
997.5,0,0,0,0,0,0,0,0,0,0,0,0
998.5,0,0,0,0,0,0,0,0,0,0,0,0
999.5,0,0,0,0,0,0,0,0,0,0,0,0
