particle_size,16_3_20_1_00,16_3_20_1_01,16_3_20_1_02,16_2_20_1_00,16_2_20_1_01,16_2_20_1_02,16_1_4_1_00,16_1_4_1_01,16_1_4_1_02,14_3_20_1_00,14_3_20_1_01,14_3_20_1_02,14_2_16_1_00,14_2_16_1_01,14_2_16_1_02,14_1_4_1_00,14_1_4_1_01,14_1_4_1_02
0.5,0,0,0,0,0,0,0,0,0,0,0,0,0,0,0,0,0,0
1.5,0,0,0,0,0,0,0,0,0,0,0,0,0,0,0,0,0,0
2.5,0,0,0,0,0,0,0,0,0,0,0,0,0,0,0,0,0,0
3.5,0,0,0,0,0,0,0,0,0,0,0,0,0,0,0,0,0,0
4.5,0,0,0,0,0,0,0,0,0,0,0,0,0,0,0,0,0,0
5.5,0,0,0,0,0,0,0,0,0,0,0,0,0,0,0,0,0,0
6.5,0,0,0,0,0,0,0,0,0,0,0,0,0,0,0,0,0,0
7.5,0,0,0,0,0,0,0,0,0,0,0,0,0,0,0,0,0,0
8.5,0,0,0,0,0,0,0,0,0,0,0,0,0,0,0,0,0,0
9.5,0,0,0,0,0,0,0,0,0,0,0,0,0,0,0,0,0,0
10.5,0,0,0,0,0,0,0,0,0,0,0,0,0,0,0,0,0,0
11.5,0,0,0,0,0,0,0,0,0,0,0,0,0,0,0,0,0,0
12.5,0,0,0,0,0,0,0,0,0,0,0,0,0,0,0,0,0,0
13.5,0,0,0,0,0,0,0,0,0,0,0,0,0,0,0,0,0,0
14.5,0,0,0,0,0,0,0,0,0,0,0,0,0,0,0,0,0,0
15.5,0,0,0,0,0,0,0,0,0,0,0,0,0,0,0,0,0,0
16.5,0,0,0,0,0,0,0,0,0,0,0,0,0,0,0,0,0,0
17.5,0,0,0,0,0,0,0,0,0,0,0,0,0,0,0,0,0,0
18.5,0,0,0,0,0,0,0,0,0,0,0,0,0,0,0,0,0,0
19.5,0,0,0,0,0,0,0,0,0,0,0,0,0,0,0,0,0,0
20.5,0,0,0,0,0,0,0,0,0,0,0,0,0,0,0,0,0,0
21.5,0,0,0,0,0,0,0,0,0,0,0,0,0,0,0,0,0,0
22.5,0,0,0,0,0,0,0,0,0,0,0,0,0,0,0,0,0,0
23.5,0,0,0,0,0,0,0,0,0,0,0,0,0,0,0,0,0,0
24.5,0,0,0,0,0,0,0,0,0,0,0,0,0,0,0,0,0,0
25.5,0,0,0,0,0,0,0,0,0,0,0,0,0,0,0,0,0,0
26.5,0,0,0,0,0,0,0,0,0,0,0,0,0,0,0,0,0,0
27.5,0,0,0,0,0,0,0,0,0,0,0,0,0,0,0,0,0,0
28.5,0,0,0,0,0,0,0,0,0,0,0,0,0,0,0,0,0,0
29.5,0,0,0,0,0,0,0,0,0,0,0,0,0,0,0,0,0,0
30.5,0,0,0,0,0,0,0,0,0,0,0,0,0,0,0,0,0,0
31.5,0,0,0,0,0,0,0,0,0,0,0,0,0,0,0,0,0,0
32.5,0,0,0,0,0,0,0,0,0,0,0,0,0,0,0,0,0,0
33.5,0,0,0,0,0,0,0,0,0,0,0,0,0,0,0,0,0,0
34.5,0,0,0,0,0,0,0,0,0,0,0,0,0,0,0,0,0,0
35.5,0,0,0,0,0,0,0,0,0,0,0,0,0,0,0,0,0,0
36.5,0,0,0,0,0,0,0,0,0,0,0,0,0,0,0,0,0,0
37.5,0,0,0,0,0,0,0,0,0,0,0,0,0,0,0,0,0,0
38.5,0,0,0,0,0,0,0,0,0,0,0,0,0,0,0,0,0,0
39.5,0,0,0,0,0,0,0,0,0,0,0,0,0,0,0,0,0,0
40.5,0,0,0,0,0,0,0,1,0,0,0,0,0,0,0,0,0,0
41.5,0,0,0,0,0,0,0,2,0,0,0,0,0,0,0,0,0,0
42.5,0,0,0,0,0,0,0,2,0,0,0,0,0,0,0,0,0,0
43.5,0,0,0,0,0,0,0,4,0,0,0,0,0,0,0,0,0,0
44.5,0,0,0,0,0,0,0,5,0,0,0,0,0,0,0,0,0,0
45.5,0,0,0,0,0,0,0,8,0,0,0,0,0,0,0,0,0,0
46.5,0,0,0,0,0,0,0,11,0,0,0,0,0,0,0,0,0,0
47.5,0,0,0,0,0,0,0,16,0,0,0,0,0,0,0,0,0,0
48.5,0,0,0,0,0,0,0,23,0,0,0,0,0,0,0,0,0,0
49.5,0,0,0,0,0,0,0,32,0,0,0,0,0,0,0,0,0,0
50.5,0,0,0,0,0,0,0,45,0,0,0,0,0,0,0,0,0,0
51.5,0,0,0,0,0,0,0,61,0,0,0,0,0,0,0,0,0,0
52.5,0,0,0,0,0,0,0,82,0,0,0,0,0,0,0,0,0,1
53.5,0,0,0,0,0,0,0,109,0,0,0,0,0,0,0,0,0,3
54.5,0,0,0,0,0,0,0,144,0,0,0,0,0,0,0,0,1,9
55.5,0,0,0,0,1,0,0,188,0,0,0,0,0,0,0,0,3,24
56.5,0,0,0,0,3,0,0,244,0,0,0,0,0,0,0,0,8,61
57.5,0,0,0,0,5,0,0,313,0,0,0,0,0,0,0,1,18,143
58.5,0,0,0,0,10,0,0,398,1,0,0,0,0,0,0,5,39,316
59.5,0,0,0,0,19,0,0,504,2,0,0,0,0,0,0,16,80,663
60.5,0,0,0,0,34,0,0,633,3,0,0,0,0,0,0,52,159,1320
61.5,0,0,0,0,59,0,0,790,4,0,0,0,0,0,0,150,303,2508
62.5,0,0,0,0,101,0,0,981,5,0,0,0,0,0,0,404,559,4560
63.5,0,0,0,0,169,0,0,1211,7,0,1,0,0,0,0,1016,996,7956
64.5,0,0,0,0,274,0,0,1489,9,1,2,0,0,0,0,2395,1724,13363
65.5,0,0,0,0,435,0,0,1823,11,3,5,0,0,0,0,5303,2900,21661
66.5,1,0,0,0,675,0,0,2222,13,6,9,1,0,0,0,11073,4749,33968
67.5,3,2,0,0,1027,0,0,2698,16,15,18,2,0,2,0,21872,7586,51650
68.5,7,4,0,0,1531,0,0,3266,19,35,35,4,1,3,0,41004,11834,76310
69.5,15,7,1,0,2245,0,2,3940,22,76,64,6,3,5,0,73180,18059,109763
70.5,33,14,3,0,3239,0,6,4737,26,163,117,10,8,8,0,124700,26989,153976
71.5,70,26,8,0,4610,0,17,5676,29,338,209,16,18,14,0,203448,39549,211002
72.5,142,50,18,0,6481,0,47,6781,34,679,364,24,42,23,0,318657,56887,282886
73.5,282,92,41,0,9013,0,121,8073,38,1318,625,35,96,37,0,480392,80402,371559
74.5,546,167,91,0,12415,0,298,9578,43,2474,1051,51,211,60,0,698780,111765,478731
75.5,1027,299,197,0,16959,0,692,11325,49,4491,1737,73,445,95,1,983062,152934,605784
76.5,1880,526,412,0,22999,3,1518,13340,55,7884,2819,103,904,149,2,1340592,206166,753671
77.5,3351,912,835,1,30987,8,3142,15653,62,13392,4497,144,1768,232,4,1775911,274011,922846
78.5,5811,1554,1637,4,41500,21,6130,18295,69,22021,7049,199,3321,358,7,2290054,359298,1113206
79.5,9809,2604,3109,11,55264,53,11259,21292,78,35087,10864,275,5995,546,13,2880174,465106,1324071
80.5,16121,4293,5711,29,73174,118,19463,24673,89,54225,16466,378,10395,827,22,3539537,594712,1554196
81.5,25802,6955,10152,74,96316,244,31683,28463,101,81374,24544,522,17325,1239,39,4257893,751529,1801812
82.5,40238,11074,17456,180,125972,468,48606,32683,115,118729,35991,721,27772,1839,66,5022146,939015,2064702
83.5,61178,17322,29044,421,163608,841,70370,37350,131,168658,51926,1000,42865,2703,112,5817238,1160564,2340291
84.5,90747,26616,46786,943,210848,1430,96314,42476,151,233585,73724,1395,63787,3935,185,6627133,1419379,2625757
85.5,131426,40166,73021,2029,269401,2313,124895,48069,174,315861,103021,1955,91670,5672,302,7435793,1718321,2918155
86.5,186005,59528,110530,4185,340977,3586,153832,54126,202,417625,141721,2756,127460,8095,486,8228044,2059749,3214530
87.5,257493,86644,162453,8281,427153,5364,180475,60641,235,540675,191968,3910,171812,11437,772,8990288,2445349,3512027
88.5,349012,123869,232162,15716,529236,7790,202295,67601,275,686353,256101,5580,225012,15995,1208,9711001,2875966,3807991
89.5,463663,173968,323093,28623,648113,11039,217350,74982,324,855464,336593,8008,286945,22144,1865,10381031,3351440,4100037
90.5,604391,240090,438577,50047,784114,15340,224602,82760,382,1048223,435957,11549,357122,30349,2843,10993694,3870472,4386109
91.5,773861,325703,581678,84070,936920,20991,224007,90899,453,1264233,556643,16722,434758,41178,4278,11544722,4430521,4664510
92.5,974345,434499,755074,135789,1105523,28383,216390,99365,539,1502506,700924,24279,518866,55323,6359,12032061,5027747,4933917
93.5,1207648,570261,960980,211103,1288250,38036,203180,108116,644,1761503,870774,35302,608378,73611,9337,12455612,5657010,5193368
94.5,1475056,736715,1201127,316257,1482850,50634,186089,117112,772,2039205,1067764,51324,702248,97027,13547,12816900,6311936,5442244
95.5,1777327,937364,1476772,457167,1686644,67070,166826,126311,929,2333203,1292970,74481,799537,126724,19425,13118738,6985050,5680235
96.5,2114701,1175321,1788741,638607,1896695,88511,146885,135675,1121,2640804,1546904,107689,899474,164052,27534,13364903,7667971,5907297
97.5,2486938,1453156,2137463,863399,2109990,116450,127435,145169,1357,2959146,1829485,154837,1001483,210565,38584,13559825,8351668,6123613
98.5,2893368,1772765,2522996,1131762,2323612,152785,109289,154762,1649,3285313,2140030,220954,1105194,268043,53459,13708328,9026761,6329540
99.5,3332945,2135268,2945017,1440984,2534868,199884,92932,164432,2010,3616459,2477293,312330,1210425,338504,73237,13815402,9683853,6525575
100.5,3804305,2540944,3402782,1785497,2741391,260645,78581,174164,2460,3949910,2839513,436514,1317161,424202,99210,13886028,10313867,6712314
101.5,4305814,2989203,3895039,2157363,2941182,338537,66259,183950,3021,4283267,3224496,602127,1425521,527627,132893,13925036,10908372,6890422
102.5,4835613,3478585,4419911,2547085,3132624,437598,55861,193794,3726,4614485,3629706,818433,1535727,651479,176020,13937007,11459882,7060604
103.5,5391644,4006797,4974770,2944602,3314467,562381,47208,203708,4612,4941928,4052359,1094636,1648076,798627,230526,13926209,11962100,7223592
104.5,5971673,4570762,5556097,3340277,3485795,717817,40089,213711,5731,5264413,4489516,1438902,1762911,972038,298512,13896557,12410099,7380129
105.5,6573302,5166681,6159372,3725747,3645981,908981,34287,223832,7150,5581220,4938159,1857216,1880606,1174672,382185,13851596,12800440,7530965
106.5,7193969,5790116,6779011,4094508,3794659,1140769,29601,234108,8954,5892086,5395270,2352219,2001543,1409350,483772,13794503,13131206,7676854
107.5,7830947,6436058,7408362,4442206,3931684,1417467,25851,244582,11251,6197177,5857873,2922226,2126109,1678578,605418,13728102,13401975,7818561
108.5,8481332,7099016,8039792,4766649,4057116,1742268,22882,255300,14180,6497048,6323074,3560667,2254685,1984339,749065,13654888,13613730,7956865
109.5,9142034,7773092,8664867,5067592,4171203,2116763,20569,266314,17916,6792580,6788079,4256097,2387640,2327862,916320,13577051,13768711,8092567
110.5,9809761,8452067,9274626,5346364,4274375,2540487,18811,277674,22677,7084926,7250202,4992857,2525333,2709379,1108321,13496515,13870243,8226506
111.5,10481005,9129493,9859939,5605437,4367239,3010588,17530,289432,28730,7375430,7706863,5752318,2668104,3127893,1325622,13414970,13922530,8359561
112.5,11152029,9798788,10411922,5847979,4450577,3521678,16672,301638,36399,7665567,8155576,6514537,2816278,3580977,1568091,13333900,13930443,8492666
113.5,11818854,10453346,10922381,6077445,4525334,4065931,16203,314336,46070,7956865,8593941,7260040,2970158,4064635,1834853,13254622,13899312,8626816
114.5,12477253,11086651,11384233,6297238,4592611,4633425,16112,327564,58186,8250847,9019635,7971487,3130022,4573257,2124274,13178312,13834735,8763077
115.5,13122752,11692411,11791880,6510447,4653643,5212716,16405,341351,73246,8548964,9430409,8634958,3296118,5099683,2433991,13106029,13742398,8902587
116.5,13750641,12264692,12141478,6719653,4709773,5791573,17115,355718,91792,8852544,9824086,9240737,3468658,5635381,2760992,13038741,13627926,9046560
117.5,14355994,12798058,12431098,6926813,4762431,6357789,18304,370671,114382,9162744,10198580,9783555,3647808,6170766,3101743,12977340,13496765,9196286
118.5,14933712,13287702,12660750,7133200,4813096,6899967,20065,386204,141561,9480503,10551905,10262354,3833684,6695608,3452339,12922662,13354087,9353131
119.5,15478578,13729575,12832276,7339391,4863263,7408197,22543,402295,173818,9806512,10882209,10679688,4026340,7199530,3808681,12875491,13204718,9518530
120.5,15985334,14120488,12949139,7545297,4914416,7874544,25938,418906,211530,10141180,11187806,11040915,4225761,7672540,4166656,12836571,13053104,9693979
121.5,16448782,14458193,13016120,7750230,4967991,8293327,30538,435981,254910,10484612,11467209,11353306,4431857,8105551,4522306,12806608,12903284,9881030
122.5,16863902,14741424,13038966,7952994,5025351,8661166,36738,453451,303957,10836597,11719177,11625202,4644455,8490840,4871974,12786269,12758886,10081275
123.5,17225990,14969914,13024023,8151991,5087763,8976852,45089,471225,358404,11196591,11942745,11865274,4863297,8822418,5212419,12776184,12623138,10296332
124.5,17530806,15144364,12977874,8345357,5156373,9241057,56343,489202,417702,11563718,12137264,12081927,5088037,9096263,5540895,12776932,12498887,10527831
125.5,17774730,15266380,12907028,8531087,5232190,9455957,71523,507265,481012,11936774,12302427,12282866,5318241,9310415,5855190,12789040,12388624,10777392
126.5,17954914,15338383,12817644,8707171,5316071,9624819,91998,525286,547231,12314238,12438287,12474797,5553389,9464938,6153627,12812973,12294517,11046598
127.5,18069428,15363481,12715334,8871712,5408707,9751590,119579,543130,615049,12694292,12545266,12663250,5792885,9561750,6435036,12849118,12218439,11336974
128.5,18117369,15345336,12605020,9023041,5510612,9840530,156601,560656,683020,13074848,12624151,12852495,6036056,9604366,6698701,12897776,12162001,11649947
129.5,18098959,15288016,12490852,9159787,5622113,9895906,206003,577724,749658,13453583,12676080,13045518,6282165,9597573,6944289,12959147,12126582,11986814
130.5,18015584,15195840,12376177,9280941,5743338,9921761,271352,594196,813532,13827981,12702517,13244056,6530418,9547080,7171769,13033317,12113352,12348696
131.5,17869799,15073238,12263552,9385875,5874213,9921748,356781,609943,873353,14195380,12705214,13448649,6779973,9459169,7381330,13120244,12123292,12736489
132.5,17665284,14924618,12154795,9474338,6014448,9899040,466786,624846,928050,14553025,12686170,13658723,7029951,9340369,7573304,13219745,12157213,13150808
133.5,17406745,14754255,12051045,9546421,6163538,9856289,605837,638801,976821,14898124,12647583,13872685,7279436,9197175,7748088,13331485,12215765,13591922
134.5,17099784,14566192,11952858,9602508,6320755,9795632,777750,651722,1019156,15227909,12591794,14088029,7527487,9035826,7906089,13454970,12299438,14059694
135.5,16750722,14364171,11860297,9643207,6485151,9718733,984841,663541,1054836,15539690,12521239,14301463,7773139,8862130,8047674,13589534,12408563,14553502
136.5,16366408,14151586,11773033,9669268,6655565,9626845,1226923,674213,1083913,15830916,12438394,14509043,8015404,8681357,8173137,13734342,12543298,15072168
137.5,15954006,13931448,11690444,9681516,6830626,9520890,1500299,683714,1106666,16099228,12345729,14706328,8253274,8498167,8282677,13888384,12703621,15613884
138.5,15520786,13706378,11611712,9680768,7008777,9401537,1796983,692042,1123555,16342506,12245664,14888543,8485714,8316593,8376393,14050483,12889301,16176144
139.5,15073923,13478612,11535913,9667779,7188291,9269288,2104440,699214,1135167,16558911,12140530,15050767,8711668,8140048,8454287,14219301,13099874,16755681
140.5,14620317,13250016,11462094,9643187,7367299,9124553,2406055,705267,1142167,16746924,12032540,15188115,8930050,7971352,8516277,14393358,13334616,17348419
141.5,14166441,13022116,11389349,9607482,7543831,8967715,2682484,710256,1145248,16905364,11923763,15295934,9139749,7812789,8562227,14571046,13592501,17949447
142.5,13718216,12796130,11316871,9560987,7715848,8799187,2913780,714247,1145099,17033412,11816108,15369992,9339629,7666158,8591967,14750662,13872172,18553014
143.5,13280933,12573007,11243999,9503857,7881293,8619457,3081983,717320,1142374,17130614,11711310,15406652,9528532,7532832,8605333,14930432,14171898,19152557
144.5,12859189,12353467,11170248,9436090,8038133,8429112,3173686,719562,1137670,17196879,11610922,15403023,9705285,7413822,8602198,15108548,14489547,19740764
145.5,12456875,12138039,11095322,9357556,8184411,8228860,3182019,721067,1131522,17232470,11516317,15357091,9868716,7309828,8582507,15283208,14822546,20309676
146.5,12077177,11927098,11019124,9268027,8318294,8019531,3107610,721932,1124388,17237985,11428688,15267795,10017662,7221293,8546312,15452657,15167870,20850835
147.5,11722603,11720898,10941736,9167227,8438116,7802073,2958323,722251,1116657,17214333,11349049,15135079,10150997,7148443,8493794,15615225,15522025,21355465
148.5,11395026,11519606,10863408,9054875,8542419,7577544,2747861,722122,1108648,17162699,11278246,14959891,10267646,7091330,8425288,15769371,15881049,21814700
149.5,11095740,11323320,10784525,8930737,8629984,7347086,2493593,721635,1100619,17084513,11216963,14744137,10366618,7049853,8341299,15913717,16240542,22219835
150.5,10825511,11132096,10705574,8794672,8699862,7111910,2214107,720877,1092770,16981409,11165728,14490604,10447027,7023790,8242509,16047083,16595694,22562601
151.5,10584647,10945956,10627104,8646675,8751386,6873270,1926963,719929,1085253,16855185,11124923,14202840,10508122,7012811,8129777,16168516,16941357,22835451
152.5,10373045,10764905,10549691,8486915,8784180,6632436,1647020,718863,1078179,16707763,11094791,13885018,10549313,7016491,8004127,16277303,17272124,23031839
153.5,10190248,10588932,10473890,8315761,8798158,6390678,1385483,717747,1071625,16541148,11075442,13541775,10570195,7034320,7866744,16372987,17582435,23146471
154.5,10035490,10418015,10400209,8133794,8793510,6149239,1149667,716638,1065639,16357393,11066860,13178052,10570566,7065701,7718942,16455370,17866705,23175531
155.5,9907730,10252116,10329068,7941818,8770688,5909321,943315,715586,1060247,16158558,11068906,12798933,10550444,7109959,7562147,16524502,18119468,23116847
156.5,9805685,10091184,10260773,7740849,8730377,5672069,767254,714634,1055454,15946683,11081321,12409492,10510076,7166333,7397868,16580674,18335524,22969992
157.5,9727849,9935142,10195494,7532098,8673468,5438557,620195,713816,1051249,15723757,11103731,12014659,10449937,7233974,7227663,16624389,18510103,22736325
158.5,9672514,9783888,10133246,7316944,8601020,5209782,499511,713159,1047607,15491692,11135642,11619111,10370727,7311942,7053112,16656337,18639013,22418949
159.5,9637775,9637284,10073878,7096900,8514227,4986654,401889,712683,1044489,15252309,11176448,11227179,10273360,7399204,6875790,16677365,18718789,22022604
160.5,9621546,9495152,10017065,6873572,8414385,4769994,323826,712401,1041845,15007316,11225426,10842783,10158945,7494627,6697234,16688437,18746810,21553489
161.5,9621563,9357266,9962311,6648619,8302848,4560529,261957,712321,1039613,14758299,11281734,10469397,10028759,7596977,6518925,16690599,18721396,21019040
162.5,9635397,9223352,9908951,6423704,8181005,4358894,213248,712443,1037720,14506718,11344419,10110022,9884225,7704919,6342264,16684939,18641874,20427657
163.5,9660466,9093084,9856166,6200463,8050243,4165632,175080,712764,1036078,14253897,11412409,9767195,9726875,7817020,6168558,16672554,18508600,19788417
164.5,9694052,8966083,9802990,5980457,7911924,3981192,145273,713273,1034591,14001027,11484518,9442999,9558321,7931753,5999006,16654514,18322946,19110774
165.5,9733327,8841921,9748339,5765149,7767362,3805938,122051,713956,1033150,13749168,11559452,9139092,9380217,8047507,5834694,16631832,18087249,18404270
166.5,9775383,8720124,9691033,5555874,7617803,3640151,104000,714795,1031636,13499254,11635811,8856748,9194231,8162596,5676589,16605437,17804727,17678269
167.5,9817275,8600181,9629821,5353823,7464415,3484031,90008,715766,1029916,13252096,11712097,8596896,9002009,8275282,5525539,16576151,17479359,16941717
168.5,9856069,8481549,9563418,5160028,7308273,3337707,79217,716844,1027854,13008396,11786727,8360166,8805155,8383786,5382276,16544674,17115749,16202956
169.5,9888893,8363669,9490539,4975362,7150356,3201241,70966,717998,1025304,12768749,11858045,8146931,8605199,8486318,5247421,16511570,16718969,15469569
170.5,9913000,8245976,9409937,4800533,6991546,3074635,64758,719197,1022115,12533656,11924337,7957358,8403582,8581099,5121492,16477258,16294405,14748278
171.5,9925828,8127914,9320438,4636097,6832619,2957838,60220,720406,1018137,12303534,11983857,7791438,8201638,8666393,5004909,16442011,15847589,14044887
172.5,9925066,8008952,9220982,4482460,6674258,2850757,57081,721588,1013222,12078724,12034846,7649030,8000583,8740536,4898008,16405954,15384058,13364260
173.5,9908704,7888599,9110659,4339895,6517050,2753259,55148,722706,1007226,11859502,12075558,7529888,7801512,8801964,4801047,16369072,14909210,12710339
174.5,9875093,7766420,8988739,4208552,6361491,2665182,54292,723719,1000018,11646083,12104293,7433687,7605387,8849249,4714215,16331212,14428193,12086187
175.5,9822981,7642053,8854704,4088476,6207998,2586340,54440,724591,991479,11438638,12119424,7360044,7413046,8881125,4637646,16292102,13945809,11494050
176.5,9751542,7515221,8708267,3979621,6056911,2516530,55563,725283,981511,11237290,12119432,7308530,7225199,8896515,4571420,16251356,13466440,10935439
177.5,9660394,7385741,8549392,3881861,5908502,2455538,57673,725757,970035,11042131,12102935,7278686,7042437,8894555,4515576,16208496,12994004,10411218
178.5,9549595,7253538,8378296,3795008,5762983,2403145,60821,725978,957000,10853218,12068723,7270018,6865236,8874610,4470116,16162967,12531923,9921693
179.5,9419627,7118650,8195451,3718820,5620514,2359127,65095,725914,942381,10670585,12015786,7282007,6693968,8836295,4435012,16114156,12083117,9466703
180.5,9271371,6981227,8001574,3653013,5481210,2323261,70618,725536,926185,10494241,11943339,7314097,6528906,8779471,4410204,16061411,11650014,9045708
181.5,9106055,6841534,7797611,3597265,5345147,2295325,77553,724816,908446,10324176,11850845,7365692,6370238,8704258,4395608,16004061,11234568,8657866
182.5,8925212,6699944,7584708,3551228,5212370,2275102,86100,723735,889230,10160363,11738032,7436141,6218071,8611022,4391115,15941438,10838295,8302109
183.5,8730614,6556931,7364186,3514530,5082898,2262373,96497,722276,868630,10002755,11604904,7524728,6072447,8500368,4396588,15872894,10462309,7977202
184.5,8524211,6413060,7137498,3486776,4956729,2256920,109023,720428,846766,9851291,11451747,7630653,5933344,8373125,4411860,15797820,10107365,7681799
185.5,8308065,6268970,6906197,3467551,4833845,2258522,123992,718184,823780,9705894,11279121,7753014,5800692,8230320,4436735,15715665,9773905,7414487
186.5,8084295,6125360,6671889,3456420,4714217,2266948,141754,715547,799833,9566471,11087858,7890793,5674375,8073155,4470973,15625950,9462101,7173826
187.5,7855010,5982974,6436201,3452928,4597809,2281956,162684,712521,775102,9432910,10879038,8042830,5554241,7902979,4514294,15528282,9171901,6958376
188.5,7622269,5842578,6200734,3456594,4484578,2303284,187174,709119,749770,9305085,10653972,8207814,5440106,7721256,4566364,15422365,8903066,6766719
189.5,7388030,5704950,5967038,3466916,4374480,2330645,215621,705358,724029,9182850,10414173,8384264,5331764,7529532,4626787,15308007,8655208,6597479
190.5,7154121,5570854,5736575,3483361,4267469,2363715,248403,701261,698066,9066041,10161321,8570518,5228986,7329407,4695100,15185131,8427825,6449330
191.5,6922213,5441035,5510697,3505368,4163500,2402135,285861,696856,672070,8954477,9897229,8764723,5131529,7122498,4770761,15053772,8220327,6321006
192.5,6693801,5316197,5290628,3532343,4062530,2445493,328272,692175,646216,8847956,9623807,8964838,5039138,6910414,4853140,14914078,8032063,6211304
193.5,6470199,5196999,5077450,3563660,3964520,2493325,375817,687253,620671,8746257,9343021,9168632,4951546,6694728,4941513,14766314,7862339,6119086
194.5,6252534,5084039,4872095,3598662,3869433,2545107,428555,682129,595587,8649142,9056856,9373699,4868484,6476953,5035053,14610847,7710438,6043277
195.5,6041749,4977854,4675341,3636660,3777233,2600253,486392,676845,571101,8556353,8767281,9577475,4789676,6258524,5132825,14448147,7575633,5982865
196.5,5838612,4878911,4487820,3676937,3687891,2658107,549057,671443,547330,8467618,8476216,9777265,4714845,6040778,5233787,14278774,7457195,5936894
197.5,5643728,4787606,4310018,3718753,3601379,2717953,616087,665967,524378,8382645,8185501,9970276,4643711,5824944,5336784,14103367,7354404,5904462
198.5,5457549,4704263,4142286,3761351,3517670,2779010,686814,660461,502327,8301133,7896870,10153659,4575999,5612133,5440558,13922633,7266553,5884715
199.5,5280394,4629135,3984855,3803966,3436741,2840445,760376,654967,481243,8222765,7611933,10324561,4511431,5403335,5543751,13737335,7192949,5876843
200.5,5112460,4562404,3837843,3845831,3358570,2901378,835724,649528,461178,8147219,7332158,10480173,4449736,5199414,5644920,13548276,7132918,5880074
201.5,4953839,4504186,3701275,3886192,3283134,2960899,911660,644184,442166,8074162,7058862,10617789,4390645,5001107,5742551,13356288,7085805,5893670
202.5,4804538,4454526,3575091,3924317,3210411,3018081,986874,638973,424230,8003262,6793203,10734866,4333895,4809034,5835081,13162219,7050968,5916921
203.5,4664486,4413408,3459164,3959510,3140381,3072002,1059991,633930,407378,7934185,6536175,10829082,4279228,4623697,5920925,12966917,7027782,5949144
204.5,4533550,4380750,3353311,3991120,3073018,3121761,1129635,629087,391611,7866599,6288618,10898390,4226396,4445490,5998500,12771224,7015628,5989677
205.5,4411551,4356408,3257306,4018555,3008298,3166505,1194483,624473,376919,7800183,6051212,10941071,4175156,4274704,6066263,12575963,7013897,6037878
206.5,4298270,4340173,3170891,4041293,2946194,3205446,1253321,620111,363286,7734623,5824495,10955771,4125275,4111540,6122739,12381928,7021981,6093122
207.5,4193457,4331775,3093783,4058890,2886675,3237881,1305096,616022,350690,7669621,5608865,10941543,4076531,3956115,6166559,12189875,7039269,6154800
208.5,4096844,4330877,3025683,4070987,2829709,3263215,1348958,612223,339105,7604897,5404596,10897861,4028714,3808473,6196492,12000519,7065139,6222318
209.5,4008145,4337072,2966285,4077317,2775259,3280971,1384285,608726,328501,7540191,5211848,10824640,3981626,3668593,6211482,11814528,7098962,6295098
210.5,3927067,4349884,2915277,4077705,2723284,3290805,1410698,605540,318848,7475268,5030680,10722227,3935082,3536401,6210669,11632515,7140084,6372578
211.5,3853311,4368763,2872348,4072071,2673742,3292511,1428067,602667,310113,7409917,4861065,10591395,3888913,3411774,6193419,11455042,7187834,6454211
212.5,3786577,4393083,2837188,4060427,2626584,3286024,1436495,600109,302263,7343957,4702900,10433314,3842966,3294552,6159344,11282611,7241510,6539472
213.5,3726567,4422139,2809492,4042870,2581758,3271418,1436298,597861,295268,7277238,4556019,10249518,3797104,3184543,6108306,11115672,7300382,6627852
214.5,3672985,4455146,2788958,4019580,2539208,3248896,1427976,595914,289097,7209639,4420204,10041861,3751209,3081532,6040431,10954614,7363685,6718866
215.5,3625539,4491241,2775287,3990807,2498874,3218785,1412176,594258,283720,7141070,4295197,9812468,3705181,2985285,5956099,10799774,7430619,6812052
216.5,3583943,4529487,2768184,3956863,2460692,3181515,1389656,592876,279109,7071475,4180708,9563680,3658938,2895553,5855938,10651434,7500348,6906973
217.5,3547913,4568872,2767350,3918113,2424592,3137606,1361248,591751,275241,7000826,4076423,9297995,3612419,2812081,5740803,10509824,7572001,7003221
218.5,3517173,4608326,2772486,3874960,2390502,3087647,1327819,590861,272092,6929124,3982011,9018012,3565581,2734606,5611754,10375127,7644673,7100416
219.5,3491448,4646726,2783288,3827838,2358346,3032279,1290242,590180,269641,6856399,3897131,8726375,3518402,2662867,5470029,10247478,7717428,7198208
220.5,3470469,4682915,2799439,3777197,2328043,2972175,1249371,589683,267871,6782704,3821435,8425717,3470877,2596600,5317008,10126966,7789307,7296276
221.5,3453966,4715716,2820613,3723494,2299508,2908019,1206012,589339,266766,6708115,3754575,8118616,3423022,2535548,5154181,10013642,7859332,7394332
222.5,3441672,4743959,2846463,3667187,2272654,2840496,1160917,589118,266313,6632728,3696204,7807549,3374867,2479456,4983109,9907516,7926515,7492118
223.5,3433318,4766500,2876624,3608719,2247388,2770267,1114764,588986,266502,6556653,3645975,7494856,3326461,2428077,4805390,9808564,7989870,7589405
224.5,3428634,4782251,2910707,3548519,2223614,2697968,1068155,588911,267325,6480014,3603550,7182713,3277868,2381169,4622626,9716723,8048421,7685993
225.5,3427344,4790204,2948296,3486990,2201235,2624190,1021614,588856,268776,6402942,3568591,6873110,3229162,2338500,4436387,9631902,8101219,7781709
226.5,3429171,4789457,2988945,3424509,2180149,2549480,975585,588786,270852,6325573,3540770,6567834,3180433,2299846,4248185,9553977,8147352,7876403
227.5,3433828,4779244,3032177,3361418,2160250,2474330,930437,588666,273549,6248048,3519759,6268460,3131779,2264990,4059451,9482794,8185958,7969948
228.5,3441024,4758953,3077482,3298029,2141431,2399176,886471,588461,276869,6170502,3505237,5976351,3083306,2233723,3871514,9418171,8216246,8062234
229.5,3450456,4728145,3124321,3234617,2123581,2324399,843922,588136,280813,6093068,3496882,5692658,3035127,2205847,3685586,9359897,8237503,8153167
230.5,3461813,4686573,3172119,3171422,2106588,2250322,802969,587659,285382,6015871,3494374,5418327,2987357,2181168,3502753,9307733,8249110,8242665
231.5,3474775,4634183,3220277,3108649,2090338,2177218,763741,586996,290581,5939024,3497392,5154108,2940115,2159504,3323964,9261412,8250555,8330651
232.5,3489008,4571123,3268168,3046472,2074715,2105307,726327,586120,296413,5862632,3505612,4900572,2893522,2140676,3150036,9220640,8241443,8417054
233.5,3504168,4497732,3315148,2985030,2059600,2034764,690776,585001,302882,5786781,3518703,4658119,2847693,2124514,2981650,9185090,8221503,8501804
234.5,3519903,4414535,3360557,2924436,2044878,1965724,657109,583616,309991,5711546,3536329,4427001,2802744,2110854,2819357,9154410,8190596,8584824
235.5,3535847,4322220,3403729,2864775,2030429,1898283,625323,581943,317744,5636984,3558144,4207333,2758785,2099538,2663587,9128213,8148718,8666033
236.5,3551625,4221622,3444003,2806107,2016136,1832508,595397,579963,326141,5563134,3583794,3999115,2715920,2090413,2514654,9106085,8096000,8745337
237.5,3566855,4113694,3480728,2748471,2001883,1768438,567293,577660,335182,5490019,3612911,3802242,2674247,2083331,2372766,9087577,8032705,8822629
238.5,3581147,3999479,3513275,2691889,1987556,1706093,540962,575023,344863,5417646,3645114,3616525,2633855,2078148,2238040,9072206,7959225,8897786
239.5,3594107,3880081,3541047,2636365,1973041,1645473,516348,572045,355178,5346005,3680012,3441705,2594825,2074726,2110508,9059457,7876070,8970667
240.5,3605338,3756635,3563493,2581889,1958231,1586566,493390,568720,366115,5275068,3717198,3277463,2557228,2072928,1990132,9048780,7783861,9041108
241.5,3614446,3630276,3580112,2528443,1943022,1529353,472021,565049,377659,5204796,3756254,3123438,2521126,2072623,1876812,9039592,7683315,9108927
242.5,3621038,3502119,3590468,2475999,1927313,1473806,452175,561035,389787,5135133,3796749,2979233,2486570,2073683,1770399,9031274,7575232,9173916
243.5,3624733,3373227,3594195,2424521,1911012,1419895,433784,556685,402472,5066016,3838240,2844427,2453602,2075980,1670702,9023178,7460477,9235844
244.5,3625158,3244599,3591007,2373970,1894032,1367592,416783,552009,415677,4997367,3880280,2718584,2422253,2079392,1577499,9014624,7339970,9294459
245.5,3621960,3117150,3580702,2324304,1876293,1316866,401106,547021,429357,4929104,3922409,2601260,2392543,2083799,1490542,9004902,7214661,9349485
246.5,3614804,2991703,3563166,2275479,1857726,1267691,386690,541738,443460,4861135,3964171,2492008,2364484,2089083,1409570,8993281,7085523,9400625
247.5,3603382,2868977,3538375,2227453,1838269,1220044,373475,536179,457922,4793367,4005104,2390384,2338077,2095129,1334308,8979008,6953529,9447566
248.5,3587417,2749589,3506397,2180182,1817871,1173907,361403,530365,472670,4725705,4044753,2295951,2313313,2101824,1264477,8961317,6819641,9489973
249.5,3566666,2634052,3467386,2133626,1796490,1129266,350422,524321,487617,4658052,4082671,2208283,2290175,2109058,1199797,8939433,6684796,9527501
250.5,3540925,2522774,3421581,2087747,1774097,1086111,340478,518073,502670,4590316,4118422,2126967,2268636,2116725,1139992,8912582,6549896,9559793
251.5,3510034,2416070,3369299,2042510,1750673,1044438,331525,511647,517720,4522409,4151588,2051603,2248663,2124718,1084789,8879999,6415797,9586485
252.5,3473880,2314161,3310927,1997886,1726211,1004244,323517,505072,532649,4454248,4181770,1981809,2230213,2132936,1033928,8840935,6283301,9607211
253.5,3432400,2217188,3246917,1953846,1700716,965532,316412,498376,547329,4385762,4208596,1917220,2213236,2141280,987155,8794674,6153148,9621607
254.5,3385583,2125219,3177769,1910368,1674205,928306,310170,491588,561622,4316887,4231724,1857487,2197676,2149652,944231,8740535,6026018,9629315
255.5,3333472,2038257,3104026,1867433,1646705,892571,304756,484738,575381,4247571,4250844,1802280,2183470,2157959,904927,8677892,5902519,9629988
256.5,3276165,1956248,3026265,1825027,1618256,858335,300135,477854,588452,4177778,4265683,1751286,2170549,2166111,869031,8606180,5783195,9623295
257.5,3213817,1879094,2945077,1783139,1588907,825604,296275,470965,600678,4107483,4276007,1704209,2158839,2174020,836342,8524911,5668520,9608928
258.5,3146632,1806655,2861068,1741763,1558717,794384,293145,464098,611898,4036678,4281625,1660770,2148261,2181600,806676,8433682,5558903,9586606
259.5,3074868,1738763,2774839,1700895,1527755,764681,290716,457278,621951,3965370,4282387,1620708,2138731,2188771,779861,8332185,5454687,9556075
260.5,2998833,1675224,2686984,1660536,1496099,736496,288961,450532,630679,3893581,4278190,1583775,2130163,2195454,755740,8220222,5356154,9517122
261.5,2918877,1615825,2598077,1620689,1463832,709832,287853,443883,637931,3821351,4268974,1549741,2122465,2201574,734171,8097704,5263529,9469571
262.5,2835390,1560342,2508668,1581361,1431044,684687,287364,437352,643565,3748733,4254724,1518388,2115545,2207058,715025,7964666,5176984,9413289
263.5,2748795,1508540,2419272,1542559,1397831,661058,287469,430960,647453,3675797,4235467,1489515,2109307,2211838,698186,7821264,5096638,9348192
264.5,2659546,1460181,2330371,1504294,1364291,638937,288139,424726,649480,3602625,4211271,1462930,2103656,2215847,683552,7667778,5022567,9274244
265.5,2568115,1415025,2242407,1466579,1330526,618316,289346,418666,649554,3529313,4182246,1438459,2098492,2219022,671033,7504617,4954805,9191460
266.5,2474988,1372832,2155775,1429427,1296639,599186,291060,412795,647603,3455970,4148535,1415935,2093720,2221302,660552,7332305,4893346,9099910
267.5,2380659,1333367,2070832,1392854,1262731,581533,293247,407127,643579,3382713,4110315,1395206,2089242,2222631,652043,7151482,4838151,8999716
268.5,2285623,1296398,1987887,1356876,1228905,565343,295872,401671,637464,3309668,4067794,1376132,2084962,2222955,645453,6962896,4789149,8891053
269.5,2190364,1261702,1907205,1321510,1195260,550604,298896,396439,629263,3236968,4021203,1358580,2080786,2222221,640739,6767385,4746242,8774149
270.5,2095356,1229061,1829010,1286773,1161893,537300,302278,391437,619013,3164752,3970799,1342431,2076624,2220381,637869,6565871,4709303,8649284
271.5,2001052,1198270,1753486,1252682,1128896,525417,305969,386671,606779,3093161,3916852,1327574,2072386,2217389,636823,6359339,4678184,8516784
272.5,1907879,1169129,1680775,1219256,1096357,514941,309919,382145,592651,3022337,3859651,1313911,2067988,2213204,637590,6148828,4652714,8377024
273.5,1816234,1141452,1610987,1186511,1064358,505861,314070,377863,576749,2952424,3799490,1301349,2063351,2207784,640170,5935404,4632700,8230419
274.5,1726482,1115061,1544199,1154465,1032977,498167,318361,373823,559214,2883560,3736672,1289808,2058399,2201094,644572,5720153,4617931,8077424
275.5,1638951,1089793,1480456,1123135,1002282,491851,322724,370028,540209,2815884,3671503,1279217,2053063,2193100,650815,5504156,4608175,7918527
276.5,1553928,1065495,1419778,1092538,972338,486909,327089,366473,519915,2749526,3604287,1269511,2047280,2183773,658927,5288477,4603183,7754246
277.5,1471665,1042026,1362164,1062688,943201,483340,331378,363156,498525,2684612,3535325,1260636,2040992,2173086,668947,5074144,4602690,7585123
278.5,1392368,1019260,1307590,1033601,914920,481147,335510,360072,476244,2621262,3464912,1252546,2034149,2161018,680919,4862138,4606409,7411719
279.5,1316207,997082,1256017,1005291,887540,480337,339402,357215,453281,2559584,3393333,1245204,2026707,2147550,694897,4653380,4614041,7234608
280.5,1243313,975392,1207390,977771,861097,480921,342968,354579,429845,2499680,3320866,1238579,2018629,2132669,710944,4448718,4625266,7054374
281.5,1173779,954103,1161645,951052,835619,482914,346120,352154,406145,2441642,3247771,1232648,2009886,2116365,729129,4248923,4639750,6871603
282.5,1107663,933141,1118705,925146,811131,486339,348773,349933,382380,2385552,3174300,1227397,2000455,2098636,749526,4054681,4657143,6686880
283.5,1044993,912446,1078489,900062,787650,491219,350840,347903,358741,2331482,3100687,1222816,1990321,2079483,772216,3866587,4677080,6500783
284.5,985765,891969,1040911,875809,765188,497584,352243,346055,335405,2279494,3027151,1218906,1979474,2058912,797285,3685149,4699183,6313881
285.5,929952,871677,1005880,852394,743753,505469,352907,344376,312531,2229640,2953897,1215669,1967913,2036937,824819,3510786,4723060,6126724
286.5,877502,851545,973304,829823,723347,514912,352766,342853,290265,2181964,2881111,1213116,1955640,2013578,854910,3343826,4748308,5939847
287.5,828345,831562,943091,808100,703967,525954,351762,341472,268730,2136498,2808966,1211264,1942666,1988859,887646,3184518,4774518,5753760
288.5,782393,811728,915147,787229,685609,538639,349850,340220,248030,2093268,2737617,1210132,1929005,1962813,923114,3033030,4801272,5568950
289.5,739547,792049,889382,767212,668263,553013,346997,339079,228251,2052289,2667203,1209746,1914677,1935479,961397,2889458,4828149,5385875
290.5,699697,772542,865708,748050,651918,569123,343185,338036,209458,2013570,2597851,1210137,1899706,1906901,1002569,2753834,4854729,5204963
291.5,662725,753232,844039,729743,636558,587015,338410,337073,191697,1977111,2529671,1211336,1884118,1877133,1046695,2626131,4880592,5026614
292.5,628508,734148,824292,712288,622167,606733,332684,336174,174998,1942908,2462759,1213382,1867946,1846232,1093823,2506271,4905327,4851191
293.5,596922,715326,806389,695683,608727,628316,326034,335321,159374,1910948,2397199,1216313,1851222,1814264,1143986,2394134,4928531,4679029
294.5,567840,696803,790255,679925,596219,651798,318502,334496,144823,1881215,2333063,1220172,1833981,1781300,1197192,2289563,4949818,4510426
295.5,541138,678622,775817,665009,584621,677202,310145,333683,131330,1853685,2270410,1225004,1816261,1747416,1253426,2192377,4968818,4345648
296.5,516692,660825,763011,650928,573911,704543,301029,332862,118872,1828333,2209291,1230855,1798099,1712694,1312638,2102368,4985183,4184931
297.5,494385,643456,751773,637678,564068,733819,291237,332016,107414,1805128,2149745,1237772,1779533,1677222,1374745,2019317,4998593,4028475
298.5,474102,626557,742044,625250,555068,765011,280855,331128,96914,1784034,2091802,1245805,1760602,1641090,1439621,1942994,5008754,3876451
299.5,455735,610172,733770,613636,546889,798078,269980,330178,87326,1765015,2035485,1255003,1741343,1604393,1507095,1873166,5015407,3728999
300.5,439183,594340,726899,602829,539508,832958,258711,329151,78599,1748030,1980810,1265415,1721794,1567228,1576947,1809600,5018329,3586232
301.5,424349,579100,721385,592819,532902,869556,247151,328028,70681,1733035,1927784,1277092,1701990,1529695,1648905,1752067,5017334,3448236
302.5,411147,564486,717182,583597,527048,907750,235402,326794,63515,1719986,1876411,1290083,1681966,1491895,1722636,1700347,5012273,3315069
303.5,399495,550530,714251,575153,521923,947382,223562,325432,57048,1708833,1826686,1304435,1661754,1453930,1797751,1654232,5003043,3186768
304.5,389320,537263,712552,567478,517505,988257,211728,323929,51225,1699525,1778604,1320195,1641387,1415900,1873801,1613528,4989578,3063348
305.5,380558,524709,712050,560560,513773,1030142,199988,322269,45993,1692011,1732152,1337409,1620891,1377906,1950275,1578055,4971854,2944802
306.5,373150,512891,712710,554391,510703,1072761,188425,320441,41302,1686235,1687314,1356118,1600296,1340046,2026606,1547653,4949890,2831107
307.5,367047,501829,714501,548959,508274,1115800,177111,318432,37102,1682140,1644073,1376361,1579626,1302416,2102169,1522180,4923740,2722223
308.5,362206,491539,717390,544253,506465,1158905,166111,316232,33350,1679665,1602407,1398174,1558903,1265108,2176291,1501516,4893500,2618096
309.5,358593,482035,721349,540263,505253,1201682,155479,313833,30000,1678748,1562293,1421588,1538148,1228211,2248258,1485562,4859296,2518656
310.5,356179,473329,726347,536978,504619,1243703,145260,311226,27014,1679322,1523705,1446626,1517380,1191810,2317319,1474240,4821289,2423827
311.5,354946,465431,732354,534386,504539,1284511,135490,308406,24355,1681321,1486617,1473308,1496616,1155983,2382703,1467497,4779668,2333520
312.5,354878,458348,739339,532476,504992,1323625,126194,305369,21990,1684670,1451000,1501646,1475870,1120805,2443630,1465302,4734646,2247639
313.5,355972,452088,747270,531237,505956,1360550,117391,302112,19886,1689296,1416826,1531641,1455156,1086343,2499323,1467647,4686457,2166081
314.5,358226,446654,756116,530657,507408,1394780,109090,298635,18017,1695120,1384064,1563288,1434486,1052661,2549024,1474549,4635355,2088739
315.5,361648,442053,765839,530722,509326,1425819,101294,294938,16356,1702057,1352683,1596568,1413868,1019813,2592013,1486049,4581604,2015502
316.5,366252,438288,776402,531419,511686,1453180,94000,291023,14882,1710021,1322653,1631452,1393313,987849,2627624,1502211,4525478,1946255
317.5,372058,435364,787765,532735,514464,1476405,87199,286896,13573,1718922,1293943,1667897,1372828,956814,2655256,1523124,4467258,1880884
318.5,379090,433285,799883,534655,517634,1495075,80878,282562,12411,1728663,1266520,1705845,1352420,926745,2674394,1548900,4407224,1819272
319.5,387381,432056,812708,537163,521170,1508820,75022,278029,11380,1739144,1240355,1745221,1332095,897674,2684623,1579672,4345659,1761304
320.5,396966,431682,826187,540242,525046,1517329,69610,273305,10465,1750262,1215415,1785936,1311859,869624,2685636,1615600,4282836,1706865
321.5,407887,432169,840264,543873,529233,1520361,64621,268401,9653,1761907,1191670,1827879,1291716,842618,2677248,1656861,4219025,1655844
322.5,420189,433524,854875,548036,533701,1517754,60035,263329,8933,1773967,1169090,1870920,1271673,816669,2659398,1703655,4154482,1608130
323.5,433921,435753,869954,552710,538422,1509428,55826,258101,8294,1786325,1147643,1914911,1251733,791786,2632159,1756199,4089455,1563618
324.5,449135,438866,885428,557870,543361,1495391,51972,252732,7728,1798861,1127301,1959680,1231902,767976,2595731,1814730,4024176,1522204
325.5,465885,442870,901218,563491,548487,1475738,48449,247236,7227,1811452,1108034,2005033,1212185,745238,2550445,1879496,3958861,1483791
326.5,484225,447776,917242,569544,553766,1450648,45235,241628,6782,1823972,1089813,2050756,1192586,723569,2496751,1950758,3893712,1448285
327.5,504209,453591,933409,576000,559161,1420387,42307,235924,6390,1836292,1072610,2096611,1173112,702962,2435209,2028787,3828911,1415597
328.5,525891,460328,949625,582823,564637,1385293,39644,230141,6044,1848283,1056397,2142340,1153769,683408,2366479,2113855,3764625,1385645
329.5,549320,467994,965792,589980,570155,1345773,37226,224296,5739,1859815,1041147,2187663,1134564,664894,2291303,2206233,3701003,1358351
330.5,574539,476600,981807,597430,575677,1302288,35033,218404,5471,1870759,1026833,2232281,1115503,647406,2210491,2306186,3638176,1333642
331.5,601585,486153,997561,605132,581165,1255347,33048,212483,5237,1880985,1013428,2275878,1096594,630925,2124901,2413966,3576256,1311455
332.5,630486,496660,1012945,613043,586577,1205489,31255,206549,5034,1890368,1000908,2318123,1077845,615435,2035421,2529799,3515340,1291728
333.5,661257,508126,1027846,621115,591873,1153276,29637,200618,4858,1898784,989246,2358674,1059266,600914,1942949,2653886,3455509,1274410
334.5,693900,520553,1042151,629298,597013,1099272,28181,194706,4709,1906115,978419,2397177,1040866,587343,1848379,2786383,3396828,1259454
335.5,728396,533939,1055745,637542,601956,1044039,26874,188827,4583,1912248,968402,2433276,1022654,574699,1752580,2927400,3339347,1246818
336.5,764710,548280,1068516,645791,606662,988122,25704,182996,4479,1917076,959170,2466614,1004640,562962,1656385,3076981,3283101,1236472
337.5,802782,563564,1080351,653990,611090,932037,24660,177226,4396,1920501,950701,2496836,986837,552107,1560573,3235099,3228116,1228386
338.5,842527,579778,1091143,662082,615202,876265,23733,171530,4332,1922431,942972,2523599,969254,542115,1465864,3401639,3174402,1222542
339.5,883829,596898,1100788,670007,618959,821247,22914,165920,4286,1922786,935959,2546571,951903,532961,1372905,3576387,3121962,1218927
340.5,926543,614896,1109188,677708,622325,767375,22195,160406,4258,1921497,929640,2565442,934796,524624,1282270,3759016,3070786,1217533
341.5,970492,633733,1116252,685125,625266,714992,21570,154999,4248,1918503,923992,2579925,917944,517083,1194452,3949078,3020857,1218362
342.5,1015460,653364,1121897,692200,627747,664385,21032,149706,4254,1913759,918993,2589763,901360,510317,1109862,4145986,2972153,1221419
343.5,1061197,673733,1126050,698875,629739,615794,20576,144537,4277,1907229,914621,2594735,885054,504305,1028835,4349008,2924640,1226720
344.5,1107419,694773,1128646,705094,631214,569405,20197,139498,4316,1898892,910853,2594657,869040,499028,951624,4557258,2878283,1234283
345.5,1153802,716408,1129633,710805,632145,525355,19892,134594,4372,1888739,907668,2589389,853327,494466,878414,4769691,2833041,1244135
346.5,1199989,738549,1128971,715958,632511,483738,19658,129830,4445,1876775,905042,2578836,837928,490600,809319,4985098,2788869,1256310
347.5,1245593,761097,1126632,720505,632293,444604,19490,125210,4535,1863017,902955,2562954,822853,487413,744393,5202108,2745719,1270847
348.5,1290196,783941,1122600,724404,631475,407967,19388,120738,4642,1847496,901382,2541746,808113,484888,683634,5419193,2703541,1287790
349.5,1333357,806958,1116873,727619,630045,373811,19349,116415,4768,1830253,900301,2515268,793717,483007,626995,5634677,2662285,1307190
350.5,1374617,830015,1109462,730116,627994,342090,19372,112243,4913,1811343,899689,2483627,779675,481755,574387,5846746,2621898,1329103
351.5,1413508,852969,1100389,731870,625318,312735,19457,108222,5078,1790832,899522,2446978,765996,481116,525686,6053472,2582330,1353589
352.5,1449555,875666,1089692,732861,622016,285660,19603,104352,5264,1768794,899776,2405525,752688,481074,480744,6252835,2543530,1380714
353.5,1482293,897946,1077418,733074,618091,260765,19810,100632,5472,1745315,900427,2359515,739758,481615,439392,6442747,2505448,1410545
354.5,1511269,919642,1063626,732501,613548,237940,20079,97062,5704,1720488,901451,2309238,727213,482723,401445,6621093,2468037,1443156
355.5,1536055,940582,1048387,731143,608399,217065,20410,93638,5961,1694413,902820,2255019,715060,484384,366709,6785757,2431251,1478618
356.5,1556258,960592,1031778,729005,602656,198021,20805,90360,6245,1667196,904510,2197215,703304,486583,334984,6934672,2395048,1517008
357.5,1571528,979499,1013888,726098,596337,180683,21265,87223,6557,1638947,906495,2136207,691950,489305,306069,7065853,2359388,1558400
358.5,1581569,997128,994811,722442,589461,164930,21793,84226,6900,1609781,908746,2072400,681001,492535,279765,7177446,2324235,1602867
359.5,1586144,1013313,974647,718060,582051,150642,22390,81364,7275,1579814,911237,2006208,670461,496257,255876,7267765,2289555,1650482
360.5,1585084,1027894,953501,712982,574133,137703,23060,78635,7685,1549166,913939,1938056,660332,500454,234214,7335336,2255320,1701310
361.5,1578293,1040720,931482,707243,565736,126003,23805,76033,8132,1517953,916823,1868371,650616,505111,214599,7378932,2221505,1755412
362.5,1565752,1051654,908699,700881,556888,115436,24629,73556,8619,1486292,919860,1797574,641315,510210,196857,7397605,2188087,1812842
363.5,1547520,1060573,885265,693940,547621,105902,25536,71199,9147,1454300,923021,1726078,632428,515731,180829,7390715,2155050,1873641
364.5,1523734,1067371,861290,686466,537970,97310,26529,68958,9721,1422088,926274,1654282,623956,521655,166361,7357951,2122380,1937840
365.5,1494606,1071964,836883,678509,527968,89572,27613,66828,10343,1389764,929590,1582567,615898,527962,153313,7299337,2090068,2005453
366.5,1460423,1074285,812151,670118,517652,82610,28794,64806,11016,1357434,932936,1511290,608253,534629,141554,7215246,2058109,2076477
367.5,1421535,1074291,787198,661347,507056,76350,30074,62886,11743,1325195,936283,1440784,601018,541634,130965,7106385,2026499,2150890
368.5,1378352,1071961,762124,652249,496218,70725,31462,61066,12527,1293143,939598,1371354,594192,548951,121435,6973789,1995241,2228642
369.5,1331331,1067299,737022,642877,485173,65674,32960,59339,13373,1261366,942851,1303275,587772,556553,112862,6818800,1964339,2309662
370.5,1280973,1060331,711982,633284,473958,61141,34577,57703,14282,1229944,946008,1236791,581754,564415,105157,6643032,1933802,2393846
371.5,1227803,1051106,687087,623523,462608,57077,36316,56152,15258,1198953,949040,1172114,576135,572505,98235,6448344,1903639,2481057
372.5,1172367,1039693,662414,613645,451158,53435,38186,54684,16305,1168463,951915,1109427,570910,580794,92021,6236794,1873865,2571126
373.5,1115215,1026186,638034,603698,439642,50176,40192,53294,17426,1138534,954602,1048880,566075,589248,86447,6010596,1844495,2663842
374.5,1056895,1010692,614010,593729,428092,47262,42341,51977,18623,1109224,957072,990594,561625,597836,81453,5772077,1815545,2758955
375.5,997940,993338,590400,583784,416540,44661,44639,50731,19901,1080581,959294,934661,557556,606520,76984,5523624,1787036,2856173
376.5,938860,974266,567253,573905,405015,42343,47092,49552,21261,1052649,961241,881148,553861,615266,72990,5267642,1758987,2955158
377.5,880134,953628,544615,564131,393546,40283,49708,48435,22707,1025464,962884,830095,550534,624036,69427,5006506,1731420,3055527
378.5,822203,931586,522524,554498,382159,38457,52492,47379,24241,999057,964197,781522,547570,632791,66258,4742521,1704357,3156851
379.5,765465,908309,501010,545040,370879,36846,55450,46378,25864,973455,965154,735425,544962,641493,63447,4477885,1677822,3258655
380.5,710272,883970,480100,535788,359728,35430,58589,45431,27578,948677,965732,691785,542703,650101,60963,4214657,1651836,3360419
381.5,656925,858742,459815,526769,348729,34194,61912,44533,29384,924739,965909,650565,540786,658577,58779,3954731,1626423,3461580
382.5,605679,832800,440169,518007,337900,33126,65426,43683,31284,901653,965663,611716,539204,666879,56872,3699813,1601606,3561534
383.5,556736,806313,421175,509524,327258,32211,69133,42876,33276,879425,964976,575178,537949,674968,55221,3451411,1577406,3659643
384.5,510251,779446,402837,501339,316820,31441,73036,42111,35360,858058,963831,540878,537013,682804,53806,3210824,1553846,3755234
385.5,466333,752358,385159,493468,306598,30806,77138,41385,37536,837552,962213,508739,536388,690349,52613,2979141,1530945,3847612
386.5,425048,725197,368140,485924,296605,30299,81440,40694,39800,817904,960109,478676,536065,697566,51627,2757240,1508724,3936062
387.5,386425,698104,351775,478718,286851,29913,85940,40037,42151,799106,957509,450603,536035,704417,50837,2545799,1487201,4019859
388.5,350457,671208,336057,471859,277345,29645,90638,39412,44585,781151,954403,424428,536288,710868,50234,2345303,1466394,4098276
389.5,317106,644625,320977,465353,268093,29490,95530,38815,47098,764028,950786,400058,536815,716887,49808,2156062,1446318,4170594
390.5,286310,618463,306523,459205,259102,29445,100611,38245,49685,747723,946654,377402,537606,722442,49554,1978221,1426988,4236111
391.5,257983,592815,292681,453417,250375,29508,105873,37700,52339,732223,942006,356367,538649,727506,49466,1811781,1408418,4294156
392.5,232025,567763,279436,447990,241917,29679,111308,37178,55055,717511,936841,336864,539934,732052,49540,1656616,1390620,4344093
393.5,208321,543376,266773,442924,233727,29957,116905,36677,57825,703570,931164,318804,541450,736059,49774,1512492,1373604,4385338
394.5,186746,519713,254674,438216,225807,30344,122650,36194,60640,690384,924979,302102,543183,739506,50167,1379084,1357379,4417366
395.5,167171,496823,243120,433862,218157,30840,128527,35729,63493,677932,918295,286675,545122,742376,50718,1255994,1341954,4439723
396.5,149461,474742,232094,429857,210776,31449,134518,35280,66373,666196,911121,272445,547253,744657,51427,1142768,1327334,4452029
397.5,133483,453498,221577,426195,203660,32173,140603,34844,69271,655156,903468,259338,549563,746338,52297,1038908,1313526,4453995
398.5,119104,433111,211549,422870,196808,33017,146760,34422,72176,644792,895350,247281,552037,747412,53329,943888,1300531,4445420
399.5,106194,413592,201990,419871,190215,33984,152961,34010,75077,635084,886784,236209,554661,747877,54528,857169,1288354,4426202
400.5,94628,394944,192883,417190,183879,35081,159180,33609,77963,626010,877786,226059,557420,747732,55898,778200,1276996,4396339
401.5,84287,377165,184208,414816,177793,36313,165388,33216,80822,617552,868374,216771,560298,746981,57443,706438,1266457,4355932
402.5,75058,360247,175946,412738,171954,37687,171552,32831,83643,609687,858570,208292,563278,745631,59170,641347,1256735,4305181
403.5,66834,344178,168080,410943,166355,39210,177638,32453,86415,602396,848395,200569,566344,743690,61084,582407,1247831,4244387
404.5,59517,328940,160590,409418,160991,40890,183611,32080,89125,595658,837872,193557,569479,741172,63195,529119,1239740,4173945
405.5,53016,314515,153460,408149,155856,42735,189435,31711,91763,589452,827024,187213,572664,738091,65508,481007,1232459,4094341
406.5,47245,300877,146674,407120,150944,44755,195071,31347,94318,583760,815875,181496,575883,734467,68033,437621,1225984,4006141
407.5,42128,288003,140213,406317,146248,46959,200482,30985,96778,578560,804452,176371,579115,730318,70778,398540,1220309,3909985
408.5,37595,275867,134064,405721,141763,49355,205630,30626,99135,573833,792779,171804,582343,725667,73753,363369,1215428,3806575
409.5,33581,264439,128210,405315,137481,51954,210475,30269,101379,569558,780883,167768,585548,720538,76968,331744,1211334,3696666
410.5,30029,253691,122637,405080,133397,54766,214980,29913,103502,565717,768790,164234,588709,714956,80432,303326,1208019,3581054
411.5,26887,243595,117331,404998,129504,57799,219109,29558,105495,562289,756526,161179,591808,708949,84157,277808,1205475,3460562
412.5,24108,234121,112278,405047,125795,61064,222828,29203,107352,559255,744118,158582,594825,702544,88152,254904,1203693,3336031
413.5,21651,225241,107467,405206,122264,64570,226102,28848,109066,556595,731590,156426,597741,695771,92427,234356,1202662,3208304
414.5,19479,216925,102884,405453,118906,68323,228902,28494,110633,554290,718969,154694,600536,688657,96994,215930,1202372,3078221
415.5,17558,209146,98519,405766,115713,72333,231200,28139,112048,552320,706280,153372,603191,681235,101862,199413,1202811,2946600
416.5,15859,201876,94360,406120,112680,76604,232973,27783,113309,550665,693547,152451,605688,673532,107040,184613,1203966,2814234
417.5,14356,195090,90397,406492,109802,81141,234201,27427,114413,549306,680794,151920,608007,665578,112538,171357,1205824,2681880
418.5,13026,188762,86619,406857,107071,85946,234867,27071,115359,548223,668044,151773,610131,657404,118364,159489,1208372,2550249
419.5,11849,182866,83018,407190,104484,91020,234961,26714,116148,547396,655319,152004,612043,649037,124526,148870,1211593,2420004
420.5,10807,177381,79585,407464,102034,96360,234474,26357,116779,546805,642641,152611,613725,640507,131029,139375,1215471,2291750
421.5,9883,172284,76311,407655,99717,101961,233406,26000,117255,546429,630029,153592,615161,631840,137880,130894,1219990,2166035
422.5,9065,167553,73188,407737,97527,107815,231759,25643,117578,546249,617503,154948,616338,623062,145081,123327,1225130,2043345
423.5,8339,163168,70209,407682,95459,113909,229541,25286,117752,546243,605080,156680,617240,614201,152634,116587,1230873,1924103
424.5,7695,159110,67366,407467,93510,120228,226764,24930,117780,546390,592778,158791,617855,605278,160540,110595,1237197,1808668
425.5,7124,155362,64653,407066,91674,126751,223446,24574,117668,546670,580614,161287,618170,596319,168797,105282,1244079,1697339
426.5,6618,151905,62065,406453,89947,133454,219608,24220,117420,547061,568601,164173,618176,587344,177400,100588,1251498,1590355
427.5,6168,148725,59593,405607,88325,140309,215276,23867,117043,547542,556753,167457,617862,578375,186343,96459,1259426,1487897
428.5,5770,145805,57234,404503,86805,147283,210481,23517,116544,548091,545083,171147,617222,569430,195617,92849,1267839,1390092
429.5,5417,143132,54982,403120,85382,154337,205255,23168,115927,548687,533602,175252,616249,560527,205210,89716,1276707,1297019
430.5,5104,140692,52831,401439,84054,161430,199634,22822,115202,549307,522321,179783,614937,551682,215107,87027,1286001,1208709
431.5,4828,138473,50778,399442,82816,168516,193659,22480,114374,549931,511249,184750,613283,542912,225291,84751,1295689,1125152
432.5,4584,136463,48817,397112,81665,175545,187369,22140,113452,550536,500394,190165,611285,534229,235742,82863,1305738,1046303
433.5,4370,134650,46944,394435,80598,182466,180808,21805,112442,551100,489764,196038,608944,525646,246436,81341,1316113,972084
434.5,4182,133025,45156,391400,79613,189222,174018,21474,111352,551603,479364,202383,606259,517174,257347,80169,1326778,902388
435.5,4018,131577,43449,387997,78706,195756,167044,21148,110190,552022,469201,209211,603234,508824,268446,79333,1337693,837088
436.5,3877,130297,41819,384219,77875,202011,159929,20828,108963,552337,459278,216533,599872,500604,279700,78823,1348819,776035
437.5,3756,129176,40262,380063,77118,207929,152718,20513,107678,552527,449600,224360,596180,492521,291075,78633,1360113,719067
438.5,3654,128207,38777,375528,76431,213453,145452,20203,106342,552572,440168,232702,592165,484582,302534,78760,1371531,666009
439.5,3570,127381,37358,370614,75813,218526,138171,19901,104962,552452,430986,241567,587834,476794,314037,79203,1383028,616680
440.5,3502,126690,36005,365328,75261,223098,130916,19605,103544,552148,422054,250962,583198,469159,325544,79967,1394556,570892
441.5,3450,126128,34714,359676,74774,227119,123721,19316,102095,551643,413373,260893,578267,461683,337010,81056,1406067,528455
442.5,3413,125689,33483,353669,74348,230545,116623,19034,100621,550920,404944,271361,573054,454367,348391,82481,1417510,489179
443.5,3390,125365,32308,347320,73984,233339,109651,18761,99128,549960,396765,282368,567572,447214,359642,84254,1428835,452875
444.5,3382,125151,31189,340644,73677,235470,102835,18495,97620,548751,388837,293908,561834,440225,370716,86392,1439987,419359
445.5,3388,125041,30122,333661,73428,236912,96200,18238,96102,547276,381157,305976,555856,433400,381566,88914,1450915,388449
446.5,3409,125029,29106,326390,73233,237651,89768,17989,94581,545525,373724,318561,549653,426740,392147,91844,1461563,359972
447.5,3443,125110,28139,318854,73092,237677,83558,17750,93058,543484,366536,331647,543242,420243,402412,95210,1471875,333759
448.5,3493,125279,27219,311077,73003,236991,77586,17519,91540,541145,359589,345214,536639,413909,412317,99043,1481798,309650
449.5,3557,125530,26344,303086,72964,235600,71864,17298,90028,538498,352881,359236,529861,407735,421817,103379,1491274,287492
450.5,3637,125858,25512,294907,72973,233521,66404,17087,88527,535536,346409,373683,522926,401720,430873,108261,1500250,267140
451.5,3734,126260,24722,286568,73030,230777,61211,16885,87040,532254,340169,388518,515852,395860,439443,113734,1508669,248457
452.5,3849,126729,23972,278099,73133,227400,56290,16693,85568,528648,334158,403698,508656,390154,447491,119851,1516477,231316
453.5,3982,127263,23261,269528,73280,223426,51643,16511,84115,524715,328372,419173,501356,384598,454983,126670,1523621,215596
454.5,4136,127855,22588,260886,73469,218899,47269,16340,82683,520456,322806,434890,493970,379188,461889,134256,1530050,201185
455.5,4312,128503,21951,252200,73701,213867,43166,16179,81272,515871,317458,450786,486515,373921,468181,142681,1535712,187978
456.5,4511,129200,21349,243500,73971,208382,39329,16028,79885,510963,312322,466793,479009,368793,473836,152025,1540560,175879
457.5,4737,129945,20780,234813,74281,202498,35752,15888,78523,505736,307394,482839,471468,363800,478833,162375,1544547,164797
458.5,4991,130731,20244,226167,74627,196272,32429,15759,77187,500197,302671,498845,463908,358937,483158,173828,1547630,154650
459.5,5276,131556,19740,217587,75008,189760,29349,15641,75877,494353,298147,514726,456346,354199,486798,186489,1549768,145361
460.5,5596,132415,19267,209097,75424,183021,26504,15533,74595,488213,293819,530395,448797,349584,489745,200473,1550924,136859
461.5,5955,133304,18823,200721,75871,176110,23884,15437,73340,481787,289681,545759,441275,345085,491997,215905,1551065,129081
462.5,6356,134220,18409,192479,76349,169082,21477,15352,72113,475088,285731,560723,433795,340699,493554,232919,1550159,121966
463.5,6804,135159,18022,184392,76855,161989,19272,15277,70914,468128,281962,575191,426369,336420,494420,251663,1548182,115461
464.5,7305,136117,17663,176476,77389,154880,17258,15214,69742,460921,278372,589066,419012,332244,494603,272291,1545111,109515
465.5,7864,137090,17330,168747,77947,147800,15423,15163,68598,453483,274955,602248,411733,328167,494116,294972,1540930,104084
466.5,8487,138076,17024,161219,78529,140792,13755,15123,67481,445829,271708,614643,404546,324183,492973,319883,1535625,99126
467.5,9184,139070,16743,153904,79132,133893,12244,15094,66390,437978,268626,626156,397459,320288,491193,347211,1529189,94603
468.5,9960,140071,16487,146812,79755,127135,10877,15077,65325,429945,265706,636698,390484,316477,488797,377154,1521619,90481
469.5,10827,141073,16256,139951,80394,120548,9644,15071,64285,421749,262943,646183,383628,312745,485809,409915,1512917,86729
470.5,11794,142075,16049,133328,81048,114156,8535,15077,63269,413409,260333,654533,376900,309089,482255,445708,1503090,83320
471.5,12872,143073,15866,126946,81715,107980,7540,15095,62277,404944,257873,661675,370307,305503,478163,484748,1492149,80226
472.5,14074,144065,15707,120810,82392,102036,6648,15125,61307,396372,255559,667547,363856,301983,473563,527256,1480112,77427
473.5,15415,145048,15571,114921,83076,96335,5851,15166,60359,387712,253387,672093,357553,298525,468487,573450,1467000,74900
474.5,16910,146020,15458,109278,83766,90888,5141,15220,59432,378984,251354,675268,351402,295125,462965,623546,1452840,72627
475.5,18575,146977,15369,103882,84459,85700,4508,15286,58523,370206,249455,677040,345410,291778,457033,677754,1437662,70591
476.5,20430,147918,15303,98729,85152,80774,3947,15364,57633,361396,247689,677385,339579,288480,450722,736269,1421502,68778
477.5,22495,148841,15260,93817,85842,76110,3450,15454,56759,352573,246051,676291,333913,285227,444068,799272,1404399,67175
478.5,24792,149742,15241,89141,86526,71706,3011,15557,55902,343754,244538,673758,328415,282016,437103,866921,1386396,65768
479.5,27345,150622,15246,84697,87202,67559,2623,15672,55059,334957,243147,669798,323087,278843,429861,939345,1367539,64549
480.5,30182,151477,15275,80478,87867,63662,2281,15800,54229,326196,241875,664433,317931,275704,422376,1016638,1347879,63507
481.5,33329,152306,15328,76479,88518,60010,1981,15941,53412,317489,240719,657697,312947,272595,414680,1098855,1327468,62635
482.5,36816,153107,15407,72693,89152,56593,1718,16095,52605,308850,239676,649633,308138,269514,406804,1186000,1306361,61927
483.5,40677,153880,15511,69113,89767,53404,1488,16261,51809,300293,238744,640296,303502,266456,398778,1278021,1284616,61377
484.5,44943,154622,15641,65732,90358,50433,1286,16441,51020,291832,237919,629748,299040,263420,390632,1374804,1262291,60979
485.5,49651,155332,15798,62542,90923,47670,1110,16634,50239,283478,237199,618058,294752,260402,382395,1476167,1239447,60731
486.5,54837,156010,15983,59535,91460,45105,957,16840,49464,275243,236581,605305,290636,257398,374092,1581851,1216145,60630
487.5,60538,156654,16198,56704,91965,42730,824,17060,48693,267138,236063,591572,286692,254408,365749,1691518,1192448,60674
488.5,66792,157263,16442,54042,92436,40533,708,17293,47927,259172,235642,576946,282918,251427,357390,1804744,1168416,60862
489.5,73637,157836,16717,51540,92870,38504,608,17540,47163,251354,235316,561521,279312,248454,349036,1921018,1144111,61193
490.5,81110,158373,17025,49192,93263,36635,522,17801,46400,243691,235083,545389,275873,245486,340710,2039740,1119596,61669
491.5,89247,158872,17367,46989,93615,34917,447,18076,45638,236191,234940,528647,272599,242522,332430,2160224,1094930,62291
492.5,98081,159333,17745,44925,93921,33339,382,18365,44876,228860,234885,511392,269486,239559,324213,2281697,1070172,63061
493.5,107642,159754,18159,42993,94180,31895,327,18667,44112,221702,234915,493718,266533,236596,316077,2403307,1045381,63983
494.5,117954,160136,18614,41186,94390,30577,279,18984,43347,214722,235029,475719,263737,233630,308034,2524127,1020611,65059
495.5,129038,160477,19109,39497,94548,29376,238,19315,42578,207923,235225,457488,261095,230662,300100,2643169,995917,66295
496.5,140906,160777,19648,37921,94653,28287,202,19661,41806,201309,235500,439113,258603,227688,292285,2759393,971350,67697
497.5,153560,161034,20233,36451,94703,27302,172,20020,41029,194881,235852,420678,256259,224709,284600,2871722,946959,69271
498.5,166993,161248,20867,35082,94697,26416,146,20394,40247,188640,236279,402263,254059,221723,277054,2979057,922791,71023
499.5,181188,161419,21551,33809,94632,25623,124,20783,39460,182587,236779,383944,251999,218729,269655,3080296,898889,72962
500.5,196111,161544,22290,32626,94509,24919,105,21185,38668,176723,237350,365791,250077,215727,262410,3174355,875294,75097
501.5,211717,161623,23086,31528,94326,24300,89,21602,37869,171047,237990,347868,248288,212716,255325,3260182,852045,77438
502.5,227941,161656,23943,30511,94082,23760,76,22033,37064,165557,238698,330235,246628,209696,248405,3336785,829177,79995
503.5,244705,161640,24863,29571,93778,23298,64,22479,36252,160253,239470,312944,245094,206666,241652,3403244,806720,82780
504.5,261912,161574,25851,28704,93413,22910,54,22938,35434,155133,240305,296042,243681,203627,235070,3458739,784706,85807
505.5,279443,161458,26911,27906,92987,22594,46,23412,34609,150194,241200,279571,242385,200578,228662,3502559,763158,89088
506.5,297167,161289,28046,27174,92501,22347,39,23899,33778,145434,242155,263566,241201,197519,222428,3534123,742102,92640
507.5,314929,161067,29261,26504,91955,22168,33,24399,32941,140850,243166,248058,240125,194452,216369,3552993,721557,96477
508.5,332562,160790,30560,25893,91351,22057,28,24913,32098,136438,244231,233072,239153,191376,210484,3558882,701540,100618
509.5,349880,160455,31948,25339,90688,22011,23,25441,31250,132196,245349,218627,238280,188292,204775,3551663,682067,105079
510.5,366687,160062,33430,24839,89968,22031,20,25981,30396,128120,246517,204739,237499,185201,199238,3531374,663151,109882
511.5,382775,159608,35010,24391,89194,22117,17,26533,29539,124207,247733,191419,236808,182104,193873,3498212,644800,115045
512.5,397930,159091,36693,23993,88366,22269,14,27098,28678,120451,248995,178674,236199,179000,188679,3452535,627023,120592
513.5,411934,158509,38485,23643,87487,22488,12,27675,27814,116851,250300,166506,235668,175893,183652,3394852,609825,126545
514.5,424572,157860,40390,23339,86559,22777,10,28263,26949,113400,251645,154915,235208,172782,178790,3325815,593211,132927
515.5,435635,157142,42413,23079,85583,23135,8,28862,26082,110096,253030,143898,234815,169668,174090,3246198,577180,139765
516.5,444928,156353,44560,22863,84563,23567,7,29471,25215,106934,254450,133448,234482,166555,169549,3156890,561734,147085
517.5,452271,155489,46836,22689,83501,24074,6,30091,24350,103909,255904,123556,234202,163441,165164,3058872,546871,154914
518.5,457506,154550,49244,22556,82400,24659,5,30720,23486,101019,257388,114211,233970,160330,160932,2953195,532587,163280
519.5,460504,153532,51790,22462,81262,25326,4,31357,22626,98259,258900,105401,233778,157222,156849,2840964,518878,172212
520.5,461166,152433,54478,22409,80091,26079,4,32003,21771,95624,260438,97111,233620,154120,152911,2723316,505739,181740
521.5,459430,151251,57312,22394,78889,26922,3,32657,20921,93111,261998,89326,233489,151025,149115,2601396,493164,191896
522.5,455272,149984,60294,22417,77660,27860,3,33317,20078,90715,263577,82029,233376,147938,145457,2476343,481143,202708
523.5,448708,148630,63428,22478,76406,28899,2,33983,19244,88434,265172,75201,233276,144861,141933,2349266,469671,214210
524.5,439796,147186,66716,22576,75130,30043,2,34654,18419,86262,266779,68826,233180,141797,138539,2221233,458737,226430
525.5,428633,145650,70159,22712,73837,31300,2,35331,17604,84197,268397,62883,233080,138747,135272,2093251,448332,239401
526.5,415359,144022,73757,22885,72528,32675,1,36010,16802,82234,270020,57354,232968,135712,132127,1966257,438447,253153
527.5,400147,142299,77509,23095,71206,34176,1,36693,16013,80371,271647,52220,232836,132695,129102,1841109,429071,267713
528.5,383204,140481,81415,23343,69876,35809,0,37378,15238,78603,273272,47462,232676,129698,126192,1718576,420195,283111
529.5,364764,138566,85470,23628,68539,37583,0,38063,14478,76928,274892,43060,232478,126721,123394,1599335,411807,299371
530.5,345083,136553,89670,23951,67199,39503,0,38749,13736,75342,276503,38995,232235,123768,120704,1483968,403897,316518
531.5,324433,134443,94009,24312,65858,41579,0,39434,13010,73842,278102,35248,231938,120840,118119,1372960,396455,334572
532.5,303092,132235,98479,24711,64519,43817,0,40117,12304,72425,279683,31802,231578,117938,115635,1266705,389469,353549
533.5,281340,129929,103072,25149,63185,46225,0,40797,11616,71089,281244,28638,231147,115064,113249,1165505,382930,373465
534.5,259454,127528,107775,25626,61858,48810,0,41474,10949,69830,282778,25739,230634,112221,110957,1069577,376827,394327
535.5,237697,125031,112575,26141,60540,51579,0,42146,10303,68646,284283,23088,230033,109409,108757,979059,371150,416138
536.5,216312,122441,117459,26696,59233,54536,0,42812,9678,67534,285752,20669,229334,106630,106646,894015,365890,438897
537.5,195524,119761,122408,27291,57941,57687,0,43471,9076,66492,287182,18465,228530,103886,104620,814444,361035,462593
538.5,175527,116992,127403,27926,56663,61035,0,44122,8496,65517,288567,16462,227611,101179,102676,740289,356578,487211
539.5,156487,114139,132425,28600,55404,64583,0,44764,7938,64608,289903,14646,226570,98509,100812,671441,352508,512725
540.5,138538,111205,137450,29314,54163,68328,0,45397,7404,63762,291183,13002,225400,95878,99025,607750,348817,539102
541.5,121783,108195,142453,30068,52943,72271,0,46018,6893,62977,292404,11518,224092,93287,97313,549033,345497,566300
542.5,106291,105114,147409,30862,51745,76405,0,46628,6406,62252,293559,10180,222642,90738,95672,495079,342538,594264
543.5,92102,101967,152289,31694,50571,80722,0,47225,5942,61584,294643,8978,221041,88232,94100,445654,339933,622932
544.5,79227,98762,157066,32564,49421,85210,0,47808,5500,60971,295651,7900,219286,85769,92596,400514,337675,652228
545.5,67651,95503,161709,33471,48296,89856,0,48376,5082,60413,296577,6935,217369,83350,91157,359402,335755,682066
546.5,57340,92199,166187,34414,47198,94638,0,48928,4687,59907,297414,6073,215288,80977,89780,322058,334165,712348
547.5,48237,88857,170469,35391,46127,99534,0,49464,4313,59452,298159,5306,213038,78651,88463,288222,332900,742964
548.5,40274,85486,174525,36400,45083,104515,0,49982,3962,59046,298804,4625,210617,76371,87205,257638,331952,773792
549.5,33370,82092,178322,37439,44068,109547,0,50481,3632,58688,299344,4021,208021,74139,86004,230054,331313,804698
550.5,27439,78686,181831,38504,43082,114592,0,50961,3322,58377,299774,3488,205252,71954,84857,205228,330977,835536
551.5,22388,75276,185023,39594,42125,119606,0,51421,3033,58111,300087,3017,202307,69819,83764,182927,330938,866150
552.5,18125,71870,187869,40703,41197,124542,0,51860,2763,57890,300277,2604,199188,67732,82722,162932,331187,896374
553.5,14559,68479,190343,41828,40298,129348,0,52277,2512,57712,300339,2241,195896,65694,81729,145034,331719,926032
554.5,11603,65112,192422,42964,39429,133966,0,52672,2279,57575,300268,1924,192434,63705,80785,129037,332526,954940
555.5,9174,61777,194085,44106,38590,138338,0,53044,2063,57480,300058,1647,188806,61766,79887,114761,333600,982908
556.5,7195,58484,195313,45247,37780,142401,0,53393,1864,57424,299703,1407,185016,59876,79034,102037,334935,1009741
557.5,5599,55241,196092,46382,37000,146093,0,53717,1680,57408,299198,1198,181070,58035,78226,90709,336521,1035240
558.5,4321,52058,196409,47503,36248,149351,0,54016,1511,57429,298539,1018,176975,56243,77460,80635,338351,1059206
559.5,3308,48942,196257,48602,35526,152113,0,54290,1356,57487,297719,862,172738,54501,76735,71684,340415,1081441
560.5,2512,45901,195633,49672,34832,154319,0,54539,1214,57581,296736,728,168368,52807,76051,63737,342703,1101750
561.5,1892,42942,194537,50705,34166,155917,0,54761,1085,57710,295584,613,163875,51162,75405,56688,345207,1119943
562.5,1413,40072,192973,51691,33528,156856,0,54957,967,57873,294259,515,159268,49564,74798,50437,347913,1135842
563.5,1047,37298,190949,52620,32918,157098,0,55126,861,58070,292759,432,154560,48014,74228,44898,350811,1149277
564.5,769,34624,188477,53484,32335,156610,0,55268,764,58298,291078,361,149761,46512,73693,39991,353888,1160092
565.5,560,32056,185575,54273,31778,155371,0,55382,676,58558,289215,301,144884,45055,73194,35645,357129,1168149
566.5,405,29596,182262,54977,31248,153373,0,55469,597,58848,287168,250,139942,43645,72730,31797,360519,1173328
567.5,290,27249,178560,55586,30743,150620,0,55529,527,59167,284933,207,134949,42279,72298,28389,364043,1175529
568.5,206,25017,174496,56091,30263,147128,0,55561,463,59515,282510,171,129917,40959,71899,25372,367683,1174677
569.5,145,22901,170099,56482,29808,142926,0,55565,406,59889,279897,141,124862,39682,71532,22700,371419,1170720
570.5,101,20903,165399,56752,29377,138060,0,55542,356,60290,277094,116,119796,38448,71197,20334,375232,1163633
571.5,70,19022,160431,56891,28969,132582,0,55491,311,60716,274101,95,114735,37256,70891,18237,379100,1153418
572.5,48,17258,155227,56893,28584,126561,0,55412,271,61165,270919,78,109692,36106,70616,16379,383000,1140106
573.5,33,15609,149823,56751,28222,120073,0,55306,235,61637,267549,63,104681,34997,70369,14731,386907,1123755
574.5,22,14073,144254,56461,27882,113202,0,55173,204,62131,263994,51,99716,33927,70152,13269,390795,1104452
575.5,15,12649,138557,56019,27562,106038,0,55013,176,62644,260255,42,94809,32896,69962,11971,394636,1082312
576.5,10,11332,132767,55422,27264,98675,0,54826,152,63175,256336,34,89973,31903,69800,10818,398402,1057474
577.5,6,10119,126917,54670,26986,91206,0,54613,131,63724,252240,27,85221,30948,69665,9794,402062,1030105
578.5,4,9006,121042,53762,26727,83725,0,54373,113,64288,247974,22,80563,30029,69556,8882,405585,1000392
579.5,3,7989,115173,52703,26488,76321,0,54108,96,64866,243541,18,76010,29145,69473,8071,408939,968544
580.5,2,7063,109340,51496,26267,69076,0,53818,82,65456,238948,14,71572,28295,69416,7348,412088,934788
581.5,1,6223,103572,50147,26064,62067,0,53503,70,66056,234202,11,67258,27480,69384,6703,415000,899365
582.5,0,5463,97893,48664,25878,55357,0,53164,60,66664,229310,9,63075,26697,69377,6127,417639,862526
583.5,0,4780,92328,47056,25710,49004,0,52800,51,67280,224279,7,59031,25945,69394,5613,419970,824534
584.5,0,4168,86896,45333,25557,43049,0,52414,43,67899,219118,6,55132,25225,69435,5153,421958,785653
585.5,0,3621,81617,43509,25421,37527,0,52004,36,68521,213838,4,51383,24535,69500,4741,423567,746149
586.5,0,3135,76506,41597,25299,32456,0,51573,30,69143,208446,4,47788,23874,69587,4372,424763,706286
587.5,0,2704,71576,39611,25193,27848,0,51120,26,69763,202954,3,44350,23242,69698,4041,425513,666322
588.5,0,2324,66838,37566,25100,23703,0,50646,21,70379,197371,2,41071,22637,69831,3744,425784,626505
589.5,0,1990,62300,35479,25021,20010,0,50152,18,70987,191710,2,37952,22059,69986,3477,425546,587073
590.5,0,1698,57968,33365,24955,16754,0,49638,15,71587,185982,1,34993,21508,70162,3237,424771,548247
591.5,0,1443,53846,31241,24901,13911,0,49106,12,72174,180198,1,32194,20981,70360,3021,423432,510232
592.5,0,1222,49936,29122,24859,11453,0,48555,10,72748,174370,0,29554,20479,70579,2826,421507,473214
593.5,0,1031,46238,27024,24828,9350,0,47987,9,73304,168512,0,27070,20001,70819,2651,418975,437360
594.5,0,867,42751,24961,24808,7567,0,47403,7,73840,162634,0,24739,19546,71079,2492,415822,402815
595.5,0,726,39471,22948,24797,6071,0,46802,6,74354,156751,0,22558,19113,71358,2349,412034,369700
596.5,0,606,36394,20995,24796,4829,0,46187,5,74843,150873,0,20523,18702,71658,2220,407604,338116
597.5,0,503,33514,19116,24803,3807,0,45557,4,75304,145014,0,18629,18312,71976,2103,402530,308142
598.5,0,417,30827,17318,24818,2975,0,44913,3,75735,139186,0,16871,17943,72313,1997,396812,279833
599.5,0,344,28324,15610,24840,2303,0,44257,3,76133,133400,0,15244,17594,72669,1902,390457,253225
600.5,0,282,25998,13999,24869,1768,0,43589,2,76494,127670,0,13742,17264,73042,1815,383478,228336
601.5,0,231,23841,12489,24903,1344,0,42909,2,76818,122005,0,12360,16953,73432,1738,375891,205163
602.5,0,189,21845,11083,24942,1013,0,42219,1,77100,116417,0,11090,16661,73840,1667,367718,183687
603.5,0,153,20000,9783,24985,757,0,41520,1,77339,110917,0,9928,16386,74264,1604,358986,163876
604.5,0,124,18300,8588,25031,560,0,40812,0,77533,105515,0,8867,16129,74703,1547,349726,145684
605.5,0,100,16734,7498,25079,410,0,40096,0,77678,100220,0,7901,15889,75159,1495,339976,129052
606.5,0,80,15296,6510,25129,298,0,39373,0,77773,95042,0,7024,15665,75628,1449,329775,113915
607.5,0,64,13975,5621,25180,214,0,38643,0,77816,89988,0,6229,15458,76112,1408,319167,100200
608.5,0,51,12765,4825,25230,153,1,37908,0,77805,85065,0,5511,15267,76610,1371,308201,87826
609.5,0,41,11657,4118,25279,108,1,37168,0,77738,80281,0,4865,15091,77120,1339,296926,76710
610.5,0,32,10645,3494,25325,75,2,36424,0,77614,75642,0,4284,14931,77642,1311,285396,66768
611.5,0,25,9720,2947,25369,52,2,35677,0,77432,71154,0,3763,14785,78176,1286,273663,57913
612.5,0,20,8876,2471,25408,36,2,34928,0,77190,66819,0,3298,14654,78720,1264,261784,50059
613.5,0,16,8107,2059,25442,24,3,34176,0,76888,62643,0,2884,14538,79274,1246,249815,43122
614.5,0,12,7407,1706,25470,16,4,33424,0,76524,58628,0,2515,14436,79836,1231,237809,37020
615.5,0,9,6770,1405,25490,11,4,32671,0,76099,54776,0,2189,14349,80407,1219,225823,31674
616.5,0,7,6191,1149,25502,7,5,31919,0,75612,51089,0,1900,14275,80984,1209,213908,27010
617.5,0,6,5664,934,25505,5,7,31168,0,75063,47567,0,1646,14215,81568,1202,202116,22956
618.5,0,4,5186,755,25497,3,8,30419,0,74452,44210,0,1422,14169,82156,1198,190496,19446
619.5,0,3,4752,606,25478,2,10,29672,0,73781,41018,0,1226,14137,82748,1196,179092,16420
620.5,0,3,4358,484,25447,1,13,28929,0,73050,37989,0,1054,14118,83343,1197,167946,13820
621.5,0,2,4000,383,25402,0,16,28189,0,72259,35121,0,904,14114,83939,1200,157097,11595
622.5,0,1,3675,302,25344,0,19,27453,0,71411,32412,0,774,14122,84535,1205,146578,9698
623.5,0,1,3381,236,25270,0,24,26723,0,70506,29857,0,661,14145,85130,1213,136419,8087
624.5,0,0,3114,184,25180,0,29,25998,0,69546,27455,0,563,14181,85722,1223,126646,6722
625.5,0,0,2872,142,25073,0,36,25279,0,68534,25200,0,478,14232,86311,1235,117279,5572
626.5,0,0,2653,109,24949,0,45,24566,0,67471,23088,0,405,14296,86894,1250,108335,4605
627.5,0,0,2454,83,24806,0,55,23861,0,66360,21115,0,343,14374,87470,1267,99827,3794
628.5,0,0,2273,63,24644,0,68,23164,0,65204,19276,0,289,14467,88038,1286,91761,3118
629.5,0,0,2110,47,24463,0,83,22474,0,64004,17564,0,243,14574,88596,1307,84143,2555
630.5,0,0,1961,35,24263,0,103,21793,0,62765,15976,0,204,14695,89142,1331,76973,2088
631.5,0,0,1826,26,24041,0,126,21121,0,61488,14504,0,171,14832,89675,1358,70247,1702
632.5,0,0,1704,19,23800,0,154,20458,0,60178,13144,0,143,14984,90192,1387,63960,1384
633.5,0,0,1593,14,23537,0,188,19805,0,58836,11890,0,119,15151,90693,1418,58101,1123
634.5,0,0,1493,10,23253,0,230,19163,0,57468,10736,0,99,15334,91176,1452,52660,908
635.5,0,0,1401,7,22949,0,280,18530,0,56075,9677,0,82,15532,91638,1489,47624,733
636.5,0,0,1319,5,22624,0,341,17908,0,54661,8706,0,68,15748,92078,1528,42975,591
637.5,0,0,1244,4,22278,0,413,17298,0,53230,7819,0,56,15980,92494,1571,38699,475
638.5,0,0,1175,3,21912,0,499,16698,0,51786,7009,0,47,16229,92884,1616,34776,381
639.5,0,0,1114,2,21526,0,603,16110,0,50330,6272,0,38,16496,93246,1664,31188,305
640.5,0,0,1058,1,21121,0,725,15534,0,48867,5603,0,31,16781,93579,1716,27916,244
641.5,0,0,1007,0,20698,0,870,14970,0,47401,4996,0,26,17084,93880,1770,24940,194
642.5,0,0,962,0,20257,0,1041,14417,0,45934,4448,0,21,17407,94149,1829,22240,155
643.5,0,0,920,0,19798,0,1242,13877,0,44469,3952,0,17,17748,94382,1890,19798,123
644.5,0,0,883,0,19324,0,1476,13350,0,43010,3506,0,14,18110,94579,1955,17595,98
645.5,0,0,850,0,18836,0,1749,12834,0,41559,3105,0,11,18493,94737,2024,15611,77
646.5,0,0,820,0,18333,0,2065,12332,0,40119,2745,0,9,18896,94855,2097,13830,61
647.5,0,0,793,0,17818,0,2430,11842,0,38693,2423,0,7,19321,94931,2174,12235,48
648.5,0,0,770,0,17293,0,2849,11364,0,37284,2135,0,6,19768,94964,2255,10808,38
649.5,0,0,749,0,16757,0,3328,10899,0,35893,1878,0,5,20238,94951,2340,9536,30
650.5,0,0,730,0,16213,0,3872,10447,0,34523,1650,0,4,20731,94893,2430,8403,24
651.5,0,0,715,0,15663,0,4487,10008,0,33176,1447,0,3,21247,94787,2524,7396,19
652.5,0,0,701,0,15107,0,5179,9581,0,31853,1267,0,2,21788,94632,2623,6504,15
653.5,0,0,690,0,14548,0,5953,9167,0,30558,1108,0,2,22354,94426,2727,5714,12
654.5,0,0,681,0,13986,0,6814,8765,0,29290,967,0,2,22946,94170,2836,5015,9
655.5,0,0,674,0,13424,0,7765,8376,0,28051,843,0,1,23563,93862,2950,4399,7
656.5,0,0,669,0,12863,0,8810,7999,0,26844,734,0,0,24206,93501,3070,3856,6
657.5,0,0,666,0,12304,0,9950,7634,0,25667,638,0,0,24877,93086,3195,3378,4
658.5,0,0,665,0,11750,0,11188,7281,0,24523,554,0,0,25574,92617,3325,2958,3
659.5,0,0,666,0,11200,0,12520,6940,0,23413,481,0,0,26299,92094,3462,2590,3
660.5,0,0,669,0,10658,0,13945,6611,0,22335,416,0,0,27052,91517,3604,2267,2
661.5,0,0,674,0,10124,0,15458,6294,0,21292,360,0,0,27833,90884,3753,1984,2
662.5,0,0,680,0,9599,0,17051,5987,0,20284,311,0,0,28642,90197,3908,1736,1
663.5,0,0,689,0,9085,0,18717,5693,0,19310,269,0,0,29480,89456,4070,1519,1
664.5,0,0,700,0,8582,0,20442,5409,0,18370,232,0,0,30345,88660,4238,1330,0
665.5,0,0,713,0,8093,0,22213,5136,0,17464,199,0,0,31240,87811,4413,1165,0
666.5,0,0,728,0,7617,0,24015,4874,0,16593,172,0,0,32162,86909,4594,1020,0
667.5,0,0,745,0,7155,0,25828,4622,0,15756,148,0,0,33112,85956,4783,894,0
668.5,0,0,765,0,6709,0,27633,4380,0,14952,127,0,0,34089,84952,4979,784,0
669.5,0,0,787,0,6278,0,29408,4148,0,14181,109,0,0,35093,83898,5183,688,0
670.5,0,0,812,0,5863,0,31130,3926,0,13442,93,0,0,36123,82796,5394,605,0
671.5,0,0,840,0,5466,0,32776,3713,0,12736,80,0,0,37178,81647,5612,532,0
672.5,0,0,872,0,5085,0,34321,3510,0,12060,69,0,0,38257,80454,5839,468,0
673.5,0,0,906,0,4721,0,35742,3315,0,11414,59,0,0,39359,79217,6073,413,0
674.5,0,0,944,0,4375,0,37017,3129,0,10798,50,0,0,40482,77939,6315,364,0
675.5,0,0,986,0,4046,0,38124,2952,0,10211,43,0,0,41626,76623,6565,322,0
676.5,0,0,1032,0,3734,0,39044,2783,0,9652,37,0,0,42787,75269,6824,285,0
677.5,0,0,1082,0,3439,0,39761,2621,0,9120,31,0,0,43965,73881,7091,253,0
678.5,0,0,1138,0,3161,0,40262,2468,0,8614,27,0,0,45156,72461,7366,225,0
679.5,0,0,1198,0,2900,0,40536,2322,0,8133,23,0,0,46359,71011,7650,200,0
680.5,0,0,1265,0,2654,0,40577,2183,0,7676,20,0,0,47571,69534,7943,178,0
681.5,0,0,1337,0,2425,0,40385,2051,0,7243,17,0,0,48789,68033,8245,160,0
682.5,0,0,1416,0,2211,0,39959,1925,0,6832,14,0,0,50009,66510,8556,143,0
683.5,0,0,1503,0,2011,0,39308,1806,0,6443,12,0,0,51229,64968,8875,128,0
684.5,0,0,1597,0,1826,0,38441,1694,0,6074,10,0,0,52446,63411,9204,116,0
685.5,0,0,1700,0,1654,0,37372,1587,0,5726,9,0,0,53654,61840,9543,104,0
686.5,0,0,1812,0,1495,0,36118,1486,0,5396,8,0,0,54850,60259,9891,94,0
687.5,0,0,1934,0,1349,0,34698,1390,0,5084,7,0,0,56031,58670,10248,86,0
688.5,0,0,2068,0,1214,0,33137,1300,0,4790,6,0,0,57192,57076,10616,78,0
689.5,0,0,2213,0,1091,0,31456,1215,0,4511,5,0,0,58327,55481,10993,71,0
690.5,0,0,2371,0,978,0,29682,1134,0,4249,4,0,0,59434,53886,11380,65,0
691.5,0,0,2543,0,875,0,27839,1058,0,4001,4,0,0,60506,52294,11778,60,0
692.5,0,0,2731,0,781,0,25954,987,0,3768,3,0,0,61540,50709,12186,55,0
693.5,0,0,2934,0,695,0,24050,919,0,3548,3,0,0,62530,49132,12605,51,0
694.5,0,0,3156,0,618,0,22150,856,0,3340,2,0,0,63471,47566,13035,47,0
695.5,0,0,3396,0,548,0,20277,797,0,3145,2,0,0,64358,46013,13476,44,0
696.5,0,0,3657,0,485,0,18449,741,0,2961,2,0,0,65187,44476,13929,41,0
697.5,0,0,3941,0,428,0,16684,688,0,2788,1,0,0,65952,42956,14393,38,0
698.5,0,0,4248,0,377,0,14996,639,0,2625,1,0,0,66649,41456,14869,36,0
699.5,0,0,4580,0,332,0,13396,593,0,2471,1,0,0,67273,39978,15358,34,0
700.5,0,0,4940,0,291,0,11893,550,0,2327,0,0,0,67820,38523,15859,32,0
701.5,0,0,5329,0,255,0,10494,509,0,2191,0,0,0,68285,37094,16373,31,0
702.5,0,0,5749,0,223,0,9203,472,0,2063,0,0,0,68665,35691,16900,29,0
703.5,0,0,6202,0,194,0,8021,437,0,1943,0,0,0,68956,34316,17442,28,0
704.5,0,0,6690,0,169,0,6948,404,0,1831,0,0,0,69154,32970,17997,27,0
705.5,0,0,7215,0,147,0,5981,373,0,1724,0,0,0,69256,31655,18567,26,0
706.5,0,0,7779,0,127,0,5118,344,0,1625,0,0,0,69261,30371,19153,25,0
707.5,0,0,8384,0,110,0,4351,318,0,1531,0,0,0,69165,29119,19754,24,0
708.5,0,0,9032,0,95,0,3677,293,0,1443,0,0,0,68968,27900,20371,24,0
709.5,0,0,9724,0,82,0,3088,270,0,1360,0,0,0,68668,26715,21005,23,0
710.5,0,0,10463,0,70,0,2578,249,0,1282,0,0,0,68264,25564,21656,23,0
711.5,0,0,11250,0,60,0,2138,229,0,1209,0,0,0,67757,24448,22326,23,0
712.5,0,0,12086,0,51,0,1763,210,0,1140,0,0,0,67147,23366,23014,23,0
713.5,0,0,12973,0,44,0,1444,193,0,1076,0,0,0,66435,22319,23721,23,0
714.5,0,0,13911,0,37,0,1176,177,0,1015,0,0,0,65624,21307,24449,23,0
715.5,0,0,14901,0,32,0,952,163,0,958,0,0,0,64714,20329,25198,23,0
716.5,0,0,15943,0,27,0,765,149,0,904,0,0,0,63708,19387,25968,23,0
717.5,0,0,17037,0,23,0,612,137,0,853,0,0,0,62612,18478,26761,23,0
718.5,0,0,18182,0,19,0,486,125,0,806,0,0,0,61427,17604,27577,24,0
719.5,0,0,19378,0,16,0,384,114,0,761,0,0,0,60158,16763,28418,24,0
720.5,0,0,20621,0,14,0,301,105,0,719,0,0,0,58810,15955,29284,25,0
721.5,0,0,21911,0,11,0,235,96,0,680,0,0,0,57389,15180,30176,26,0
722.5,0,0,23243,0,10,0,182,87,0,642,0,0,0,55900,14436,31095,26,0
723.5,0,0,24614,0,8,0,140,80,0,607,0,0,0,54349,13724,32042,27,0
724.5,0,0,26020,0,7,0,107,73,0,574,0,0,0,52743,13043,33018,28,0
725.5,0,0,27456,0,6,0,82,66,0,543,0,0,0,51087,12391,34024,30,0
726.5,0,0,28915,0,5,0,62,60,0,514,0,0,0,49389,11769,35062,31,0
727.5,0,0,30391,0,4,0,46,55,0,486,0,0,0,47656,11174,36131,33,0
728.5,0,0,31877,0,3,0,35,50,0,460,0,0,0,45894,10607,37234,35,0
729.5,0,0,33365,0,3,0,26,45,0,436,0,0,0,44111,10067,38371,37,0
730.5,0,0,34845,0,2,0,19,41,0,413,0,0,0,42314,9553,39544,39,0
731.5,0,0,36308,0,2,0,14,37,0,391,0,0,0,40508,9063,40752,42,0
732.5,0,0,37746,0,1,0,10,34,0,370,0,0,0,38702,8597,41998,45,0
733.5,0,0,39146,0,1,0,7,31,0,351,0,0,0,36902,8154,43282,48,0
734.5,0,0,40498,0,0,0,5,28,0,332,0,0,0,35114,7734,44605,52,0
735.5,0,0,41793,0,0,0,4,25,0,315,0,0,0,33344,7335,45968,57,0
736.5,0,0,43017,0,0,0,3,23,0,299,0,0,0,31598,6956,47372,61,0
737.5,0,0,44161,0,0,0,2,20,0,283,0,0,0,29881,6597,48818,67,0
738.5,0,0,45213,0,0,0,1,18,0,269,0,0,0,28198,6257,50306,73,0
739.5,0,0,46164,0,0,0,0,17,0,255,0,0,0,26554,5935,51836,80,0
740.5,0,0,47002,0,0,0,0,15,0,242,0,0,0,24954,5631,53410,88,0
741.5,0,0,47719,0,0,0,0,14,0,229,0,0,0,23400,5342,55028,97,0
742.5,0,0,48306,0,0,0,0,12,0,217,0,0,0,21896,5069,56689,107,0
743.5,0,0,48756,0,0,0,0,11,0,206,0,0,0,20445,4812,58393,118,0
744.5,0,0,49062,0,0,0,0,10,0,196,0,0,0,19049,4568,60142,131,0
745.5,0,0,49219,0,0,0,0,9,0,186,0,0,0,17710,4338,61933,146,0
746.5,0,0,49223,0,0,0,0,8,0,176,0,0,0,16429,4121,63767,162,0
747.5,0,0,49071,0,0,0,0,7,0,167,0,0,0,15208,3916,65643,181,0
748.5,0,0,48764,0,0,0,0,6,0,159,0,0,0,14047,3723,67559,203,0
749.5,0,0,48302,0,0,0,0,6,0,151,0,0,0,12946,3540,69514,227,0
750.5,0,0,47686,0,0,0,0,5,0,143,0,0,0,11905,3368,71506,255,0
751.5,0,0,46922,0,0,0,0,5,0,136,0,0,0,10924,3206,73533,287,0
752.5,0,0,46015,0,0,0,0,4,0,129,0,0,0,10001,3054,75594,323,0
753.5,0,0,44971,0,0,0,0,4,0,122,0,1,0,9137,2910,77684,364,0
754.5,0,0,43799,0,0,0,0,3,0,116,0,2,0,8328,2774,79800,411,0
755.5,0,0,42509,0,0,0,0,3,0,110,0,2,0,7574,2647,81939,464,0
756.5,0,0,41112,0,0,0,0,3,0,105,0,3,0,6874,2527,84097,525,0
757.5,0,0,39619,0,0,0,0,2,0,99,0,4,0,6224,2414,86268,595,0
758.5,0,0,38043,0,0,0,0,2,0,94,0,5,0,5623,2307,88448,674,0
759.5,0,0,36397,0,0,0,0,2,0,89,0,7,0,5068,2207,90631,765,0
760.5,0,0,34695,0,0,0,0,2,0,85,0,9,0,4558,2113,92810,869,0
761.5,0,0,32951,0,0,0,0,1,0,80,0,12,0,4091,2025,94979,987,0
762.5,0,0,31177,0,0,0,0,1,0,76,0,16,0,3663,1942,97130,1121,0
763.5,0,0,29389,0,0,0,0,1,0,72,0,21,0,3272,1864,99255,1274,0
764.5,0,0,27598,0,0,0,0,1,0,68,0,28,0,2917,1791,101346,1449,0
765.5,0,0,25817,0,0,0,0,0,0,65,0,36,0,2594,1722,103395,1647,0
766.5,0,0,24059,0,0,0,0,0,0,61,0,47,0,2302,1657,105390,1873,0
767.5,0,0,22333,0,0,0,0,0,0,58,0,61,0,2038,1596,107323,2130,0
768.5,0,0,20651,0,0,0,0,0,0,55,0,79,0,1801,1540,109183,2421,0
769.5,0,0,19021,0,0,0,0,0,0,52,0,102,0,1587,1486,110959,2751,0
770.5,0,0,17450,0,0,0,0,0,0,49,0,132,0,1396,1436,112639,3125,0
771.5,0,0,15946,0,0,0,0,0,0,46,0,170,0,1225,1390,114214,3548,0
772.5,0,0,14513,0,0,0,0,0,0,44,0,217,0,1072,1346,115670,4026,0
773.5,0,0,13156,0,0,0,0,0,0,41,0,277,0,937,1305,116997,4566,0
774.5,0,0,11878,0,0,0,0,0,0,39,0,353,0,817,1267,118182,5173,0
775.5,0,0,10681,0,0,0,0,0,0,37,0,447,0,710,1232,119214,5855,0
776.5,0,0,9565,0,0,0,0,0,0,35,0,565,0,616,1198,120081,6622,1
777.5,0,0,8531,0,0,0,0,0,0,33,0,712,0,534,1168,120773,7480,2
778.5,0,0,7577,0,0,0,0,0,0,31,1,893,0,461,1139,121278,8440,2
779.5,0,0,6703,0,0,0,0,0,0,29,1,1116,0,397,1113,121588,9511,2
780.5,0,0,5904,0,0,0,0,0,0,27,1,1390,0,342,1088,121692,10704,3
781.5,0,0,5180,0,0,0,0,0,0,26,2,1723,0,293,1066,121582,12029,4
782.5,0,0,4525,0,0,0,0,0,0,24,2,2128,0,251,1045,121251,13498,5
783.5,0,0,3936,0,0,0,0,0,0,23,2,2617,0,215,1026,120693,15122,6
784.5,0,0,3410,0,0,0,0,0,0,21,3,3205,0,183,1009,119902,16913,7
785.5,0,0,2942,0,0,0,0,0,0,20,3,3909,0,156,994,118877,18883,9
786.5,0,0,2527,0,0,0,0,0,0,19,3,4747,0,132,980,117614,21044,11
787.5,0,0,2161,0,0,0,0,0,0,17,4,5739,0,112,967,116113,23407,13
788.5,0,0,1841,0,0,0,0,0,0,16,5,6907,0,95,956,114377,25985,17
789.5,0,0,1561,0,0,0,0,0,0,15,5,8276,0,80,947,112407,28788,21
790.5,0,0,1319,0,0,0,0,0,0,14,6,9870,0,67,939,110211,31826,26
791.5,0,0,1109,0,0,0,0,0,0,13,7,11717,0,56,932,107795,35107,32
792.5,0,0,928,0,0,0,0,0,0,12,9,13844,0,47,927,105167,38640,39
793.5,0,0,774,0,0,0,0,0,0,12,10,16279,0,40,923,102339,42430,48
794.5,0,0,642,0,0,0,0,0,0,11,12,19051,0,33,921,99323,46482,59
795.5,0,0,531,0,0,0,0,0,0,10,14,22185,0,27,920,96134,50798,72
796.5,0,0,437,0,0,0,0,0,0,9,16,25707,0,23,920,92788,55376,88
797.5,0,0,358,0,0,0,0,0,0,9,19,29640,0,19,921,89302,60215,108
798.5,0,0,292,0,0,0,0,0,0,8,22,34002,0,16,924,85694,65306,132
799.5,0,0,237,0,0,0,0,0,0,7,25,38808,0,13,928,81985,70642,161
800.5,0,0,192,0,0,0,0,0,0,7,30,44065,0,11,934,78195,76208,195
801.5,0,0,155,0,0,0,0,0,0,6,35,49776,0,9,941,74344,81988,237
802.5,0,0,124,0,0,0,0,0,0,6,41,55932,0,7,949,70456,87963,286
803.5,0,0,99,0,0,0,0,0,0,5,47,62518,0,6,959,66550,94107,345
804.5,0,0,79,0,0,0,0,0,0,5,55,69509,0,5,970,62649,100393,415
805.5,0,0,62,0,0,0,0,0,0,5,64,76867,0,4,983,58773,106789,498
806.5,0,0,49,0,0,0,0,0,0,4,75,84545,0,3,997,54944,113261,595
807.5,0,0,38,0,0,0,0,0,0,4,87,92486,0,3,1013,51179,119769,710
808.5,0,0,30,0,0,0,0,0,0,4,101,100619,0,2,1030,47498,126273,844
809.5,0,0,23,0,0,0,0,0,0,3,118,108864,0,2,1049,43917,132728,1001
810.5,0,0,18,0,0,0,0,0,0,3,137,117133,0,1,1071,40452,139089,1183
811.5,0,0,14,0,0,0,0,0,0,3,159,125329,0,1,1093,37116,145307,1395
812.5,0,0,11,0,0,0,0,0,0,2,184,133346,0,0,1118,33920,151335,1638
813.5,0,0,8,0,0,0,0,0,0,2,213,141078,0,0,1145,30875,157121,1917
814.5,0,0,6,0,0,0,0,0,0,2,246,148414,0,0,1174,27988,162619,2237
815.5,0,0,5,0,0,0,0,0,0,2,285,155244,0,0,1206,25266,167779,2601
816.5,0,0,4,0,0,0,0,0,0,2,328,161460,0,0,1239,22712,172557,3014
817.5,0,0,3,0,0,0,0,0,0,2,378,166963,0,0,1275,20328,176907,3480
818.5,0,1,2,0,0,0,0,0,0,1,435,171658,0,0,1314,18115,180790,4003
819.5,0,2,1,0,0,0,0,0,0,1,499,175466,0,0,1356,16071,184169,4588
820.5,0,2,1,0,0,0,0,0,0,1,573,178318,0,0,1400,14194,187012,5239
821.5,0,3,0,0,0,0,0,0,0,1,656,180162,0,0,1448,12479,189291,5959
822.5,0,4,0,0,0,0,0,0,0,0,750,180963,0,0,1498,10920,190984,6753
823.5,0,5,0,0,0,0,0,0,0,0,855,180702,0,0,1552,9510,192075,7622
824.5,0,6,0,0,0,0,0,0,0,0,975,179383,0,0,1610,8243,192554,8568
825.5,0,8,0,0,0,0,0,0,0,0,1109,177026,0,0,1672,7111,192417,9594
826.5,0,11,0,0,0,0,0,0,0,0,1259,173668,0,0,1737,6104,191667,10698
827.5,0,14,0,0,0,0,0,0,0,0,1426,169368,0,0,1807,5213,190312,11881
828.5,0,18,0,0,0,0,0,0,0,0,1614,164196,0,0,1881,4430,188367,13139
829.5,0,23,0,0,0,0,0,0,0,0,1822,158237,0,0,1961,3745,185852,14469
830.5,0,29,0,0,0,0,0,0,0,0,2053,151588,0,0,2045,3150,182793,15866
831.5,0,38,0,0,0,0,0,0,0,0,2309,144354,0,0,2134,2636,179221,17323
832.5,0,48,0,0,0,0,0,0,0,0,2591,136647,0,0,2230,2194,175171,18831
833.5,0,61,0,0,0,0,0,0,0,0,2902,128580,0,0,2331,1816,170682,20381
834.5,0,77,0,0,0,0,0,0,0,0,3243,120267,0,0,2438,1495,165796,21961
835.5,0,97,0,0,0,0,0,0,0,0,3617,111819,0,0,2553,1225,160557,23557
836.5,0,122,0,0,0,0,0,0,0,0,4026,103343,0,0,2674,997,155013,25155
837.5,0,153,0,0,0,0,0,0,0,0,4471,94939,0,0,2803,808,149209,26740
838.5,0,190,0,0,0,0,0,0,0,0,4953,86697,0,0,2939,650,143195,28294
839.5,0,236,0,0,0,0,0,0,0,0,5476,78697,0,0,3084,521,137018,29800
840.5,0,292,0,0,0,0,0,0,0,0,6040,71007,0,0,3238,414,130725,31241
841.5,0,359,0,0,0,0,0,0,0,0,6647,63686,0,0,3401,328,124360,32597
842.5,0,440,0,0,0,0,0,0,0,0,7298,56779,0,0,3574,258,117967,33852
843.5,0,537,0,0,0,0,0,0,0,0,7994,50318,0,0,3757,202,111588,34989
844.5,0,653,0,0,0,0,0,0,0,0,8736,44326,0,0,3951,157,105259,35990
845.5,0,791,0,0,0,0,0,0,0,0,9524,38815,0,0,4156,121,99018,36843
846.5,0,954,0,0,0,0,0,0,0,0,10357,33786,0,0,4373,93,92894,37533
847.5,0,1145,0,0,0,0,0,0,0,0,11236,29234,0,0,4603,71,86918,38050
848.5,0,1369,0,0,0,0,0,0,0,0,12160,25145,0,0,4846,54,81112,38386
849.5,0,1629,0,0,0,0,0,0,0,0,13127,21499,0,0,5102,41,75500,38534
850.5,0,1930,0,0,0,0,0,0,0,0,14135,18273,0,0,5373,31,70098,38491
851.5,0,2278,0,0,0,0,0,0,0,0,15183,15439,0,0,5658,23,64922,38258
852.5,0,2676,0,0,0,0,0,0,0,0,16268,12968,0,0,5959,17,59981,37837
853.5,0,3130,0,0,0,0,0,0,0,0,17385,10827,0,0,6276,12,55284,37233
854.5,0,3645,0,0,0,0,0,0,0,0,18531,8987,0,0,6610,9,50837,36454
855.5,0,4225,0,0,0,0,0,0,0,0,19703,7416,0,0,6961,7,46640,35512
856.5,0,4876,0,0,0,0,0,0,0,0,20894,6084,0,0,7331,5,42695,34418
857.5,0,5602,0,0,0,0,0,0,0,0,22099,4961,0,0,7719,3,38999,33188
858.5,0,6408,0,0,0,0,0,0,0,0,23312,4023,0,0,8126,2,35548,31839
859.5,0,7295,0,0,0,0,0,0,0,0,24528,3242,0,0,8553,2,32335,30388
860.5,0,8269,0,0,0,0,0,0,0,0,25738,2598,0,0,9000,1,29354,28854
861.5,0,9329,0,0,0,0,0,0,0,0,26937,2070,0,0,9468,0,26597,27256
862.5,0,10477,0,0,0,0,0,0,0,0,28116,1640,0,0,9957,0,24053,25614
863.5,0,11713,0,0,0,0,0,0,0,0,29268,1292,0,0,10468,0,21713,23946
864.5,0,13034,0,0,0,0,0,0,0,0,30386,1011,0,0,11001,0,19566,22269
865.5,0,14437,0,0,0,0,0,0,0,0,31461,787,0,0,11556,0,17602,20603
866.5,0,15917,0,0,0,0,0,0,0,0,32486,610,0,0,12134,0,15810,18961
867.5,0,17468,0,0,0,0,0,0,0,0,33453,469,0,0,12735,0,14178,17358
868.5,0,19080,0,0,0,0,0,0,0,0,34356,359,0,0,13358,0,12695,15808
869.5,0,20743,0,0,0,0,0,0,0,0,35186,273,0,0,14005,0,11352,14320
870.5,0,22446,0,0,0,0,0,0,0,0,35938,207,0,0,14673,0,10137,12904
871.5,0,24175,0,0,0,0,0,0,0,0,36605,156,0,0,15365,0,9040,11567
872.5,0,25915,0,0,0,0,0,0,0,0,37182,116,0,0,16078,0,8053,10313
873.5,0,27649,0,0,0,0,0,0,0,0,37664,87,0,0,16813,0,7165,9146
874.5,0,29360,0,0,0,0,0,0,0,0,38047,64,0,0,17569,0,6368,8068
875.5,0,31030,0,0,0,0,0,0,0,0,38328,47,0,0,18345,0,5654,7080
876.5,0,32639,0,0,0,0,0,0,0,0,38503,35,0,0,19141,0,5016,6179
877.5,0,34169,0,0,0,0,0,0,0,0,38572,25,0,0,19954,0,4446,5364
878.5,0,35601,0,0,0,0,0,0,0,0,38534,18,0,0,20785,0,3937,4632
879.5,0,36917,0,0,0,0,0,0,0,0,38388,13,0,0,21632,0,3485,3979
880.5,0,38099,0,0,0,0,0,0,0,0,38137,9,0,0,22493,0,3082,3399
881.5,0,39131,0,0,0,0,0,0,0,0,37781,7,0,0,23366,0,2725,2888
882.5,0,39999,0,0,0,0,0,0,0,0,37324,5,0,0,24249,0,2408,2441
883.5,0,40692,0,0,0,0,0,0,0,0,36769,3,0,0,25142,0,2127,2052
884.5,0,41198,0,0,0,0,0,0,0,0,36121,2,0,0,26040,0,1878,1715
885.5,0,41511,0,0,0,0,0,0,0,0,35385,2,0,0,26943,0,1658,1427
886.5,0,41626,0,0,0,0,0,0,0,0,34567,1,0,0,27847,0,1463,1180
887.5,0,41542,0,0,0,0,0,0,0,0,33674,0,0,0,28749,0,1292,971
888.5,0,41259,0,0,0,0,0,0,0,0,32711,0,0,0,29648,0,1140,794
889.5,0,40781,0,0,0,0,0,0,0,0,31686,0,0,0,30539,0,1006,646
890.5,0,40116,0,0,0,0,0,0,0,0,30608,0,0,0,31420,0,888,523
891.5,0,39272,0,0,0,0,0,0,0,0,29483,0,0,0,32287,0,784,421
892.5,0,38261,0,0,0,0,0,0,0,0,28319,0,0,0,33138,0,693,337
893.5,0,37096,0,0,0,0,0,0,0,0,27125,0,0,0,33969,0,612,269
894.5,0,35795,0,0,0,0,0,0,0,0,25909,0,0,0,34776,0,541,213
895.5,0,34373,0,0,0,0,0,0,0,0,24677,0,0,0,35556,0,479,168
896.5,0,32849,0,0,0,0,0,0,0,0,23438,0,0,0,36305,0,424,131
897.5,0,31242,0,0,0,0,0,0,0,0,22199,0,0,0,37020,0,375,102
898.5,0,29570,0,0,0,0,0,0,0,0,20966,0,0,0,37698,0,333,79
899.5,0,27854,0,0,0,0,0,0,0,0,19746,0,0,0,38335,0,295,61
900.5,0,26111,0,0,0,0,0,0,0,0,18545,0,0,0,38927,0,262,47
901.5,0,24360,0,0,0,0,0,0,0,0,17368,0,0,0,39472,0,233,36
902.5,0,22617,0,0,0,0,0,0,0,0,16220,0,0,0,39967,0,207,27
903.5,0,20898,0,0,0,0,0,0,0,0,15105,0,0,0,40409,0,185,20
904.5,0,19216,0,0,0,0,0,0,0,0,14028,0,0,0,40794,0,165,15
905.5,0,17586,0,0,0,0,0,0,0,0,12991,0,0,0,41121,0,147,11
906.5,0,16016,0,0,0,0,0,0,0,0,11997,0,0,0,41387,0,132,9
907.5,0,14517,0,0,0,0,0,0,0,0,11048,0,0,0,41591,0,118,6
908.5,0,13095,0,0,0,0,0,0,0,0,10146,0,0,0,41730,0,106,5
909.5,0,11756,0,0,0,0,0,0,0,0,9291,0,0,0,41803,0,95,3
910.5,0,10503,0,0,0,0,0,0,0,0,8485,0,0,0,41810,0,86,2
911.5,0,9339,0,0,0,0,0,0,0,0,7727,0,0,0,41748,0,77,2
912.5,0,8264,0,0,0,0,0,0,0,0,7017,0,0,0,41619,0,70,1
913.5,0,7278,0,0,0,0,0,0,0,0,6355,0,0,0,41422,0,63,0
914.5,0,6380,0,0,0,0,0,0,0,0,5739,0,0,0,41157,0,57,0
915.5,0,5565,0,0,0,0,0,0,0,0,5168,0,0,0,40825,0,52,0
916.5,0,4831,0,0,0,0,0,0,0,0,4642,0,0,0,40427,0,47,0
917.5,0,4174,0,0,0,0,0,0,0,0,4157,0,0,0,39965,0,43,0
918.5,0,3590,0,0,0,0,0,0,0,0,3713,0,0,0,39440,0,40,0
919.5,0,3072,0,0,0,0,0,0,0,0,3307,0,0,0,38854,0,36,0
920.5,0,2617,0,0,0,0,0,0,0,0,2937,0,0,0,38209,0,33,0
921.5,0,2218,0,0,0,0,0,0,0,0,2601,0,0,0,37510,0,31,0
922.5,0,1872,0,0,0,0,0,0,0,0,2298,0,0,0,36757,0,28,0
923.5,0,1572,0,0,0,0,0,0,0,0,2024,0,0,0,35955,0,26,0
924.5,0,1314,0,0,0,0,0,0,0,0,1778,0,0,0,35108,0,24,0
925.5,0,1093,0,0,0,0,0,0,0,0,1558,0,0,0,34218,0,23,0
926.5,0,905,0,0,0,0,0,0,0,0,1361,0,0,0,33290,0,21,0
927.5,0,745,0,0,0,0,0,0,0,0,1186,0,0,0,32327,0,20,0
928.5,0,611,0,0,0,0,0,0,0,0,1030,0,0,0,31335,0,19,0
929.5,0,499,0,0,0,0,0,0,0,0,893,0,0,0,30316,0,17,0
930.5,0,405,0,0,0,0,0,0,0,0,771,0,0,0,29276,0,16,0
931.5,0,328,0,0,0,0,0,0,0,0,665,0,0,0,28218,0,16,0
932.5,0,264,0,0,0,0,0,0,0,0,571,0,0,0,27148,0,15,0
933.5,0,211,0,0,0,0,0,0,0,0,490,0,0,0,26068,0,14,0
934.5,0,169,0,0,0,0,0,0,0,0,419,0,0,0,24984,0,13,0
935.5,0,134,0,0,0,0,0,0,0,0,357,0,0,0,23899,0,13,0
936.5,0,106,0,0,0,0,0,0,0,0,303,0,0,0,22817,0,12,0
937.5,0,83,0,0,0,0,0,0,0,0,257,0,0,0,21742,0,12,0
938.5,0,65,0,0,0,0,0,0,0,0,218,0,0,0,20677,0,11,0
939.5,0,51,0,0,0,0,0,0,0,0,183,0,0,0,19626,0,11,0
940.5,0,39,0,0,0,0,0,0,0,0,154,0,0,0,18593,0,11,0
941.5,0,30,0,0,0,0,0,0,0,0,129,0,0,0,17579,0,11,0
942.5,0,23,0,0,0,0,0,0,0,0,108,0,0,0,16587,0,10,0
943.5,0,18,0,0,0,0,0,0,0,0,90,0,0,0,15621,0,10,0
944.5,0,14,0,0,0,0,0,0,0,0,75,0,0,0,14682,0,10,0
945.5,0,10,0,0,0,0,0,0,0,0,62,0,0,0,13772,0,10,0
946.5,0,8,0,0,0,0,0,0,0,0,52,0,0,0,12892,0,10,0
947.5,0,6,0,0,0,0,0,0,0,0,43,0,0,0,12045,0,10,0
948.5,0,4,0,0,0,0,0,0,0,0,35,0,0,0,11231,0,10,0
949.5,0,3,0,0,0,0,0,0,0,0,29,0,0,0,10450,0,10,0
950.5,0,2,0,0,0,0,0,0,0,0,24,0,0,0,9705,0,10,0
951.5,0,2,0,0,0,0,0,0,0,0,19,0,0,0,8994,0,10,0
952.5,0,1,0,0,0,0,0,0,0,0,16,0,0,0,8318,0,10,0
953.5,0,0,0,0,0,0,0,0,0,0,13,0,0,0,7678,0,10,0
954.5,0,0,0,0,0,0,0,0,0,0,10,0,0,0,7072,0,10,0
955.5,0,0,0,0,0,0,0,0,0,0,8,0,0,0,6501,0,11,0
956.5,0,0,0,0,0,0,0,0,0,0,7,0,0,0,5964,0,11,0
957.5,0,0,0,0,0,0,0,0,0,0,5,0,0,0,5460,0,11,0
958.5,0,0,0,0,0,0,0,0,0,0,4,0,0,0,4988,0,12,0
959.5,0,0,0,0,0,0,0,0,0,0,3,0,0,0,4548,0,12,0
960.5,0,0,0,0,0,0,0,0,0,0,3,0,0,0,4138,0,13,0
961.5,0,0,0,0,0,0,0,0,0,0,2,0,0,0,3757,0,13,0
962.5,0,0,0,0,0,0,0,0,0,0,2,0,0,0,3405,0,14,0
963.5,0,0,0,0,0,0,0,0,0,0,1,0,0,0,3079,0,14,0
964.5,0,0,0,0,0,0,0,0,0,0,1,0,0,0,2778,0,15,0
965.5,0,0,0,0,0,0,0,0,0,0,0,0,0,0,2502,0,16,0
966.5,0,0,0,0,0,0,0,0,0,0,0,0,0,0,2248,0,17,0
967.5,0,0,0,0,0,0,0,0,0,0,0,0,0,0,2016,0,18,0
968.5,0,0,0,0,0,0,0,0,0,0,0,0,0,0,1804,0,20,0
969.5,0,0,0,0,0,0,0,0,0,0,0,0,0,0,1611,0,21,0
970.5,0,0,0,0,0,0,0,0,0,0,0,0,0,0,1436,0,23,0
971.5,0,0,0,0,0,0,0,0,0,0,0,0,0,0,1277,0,24,0
972.5,0,0,0,0,0,0,0,0,0,0,0,0,0,0,1133,0,26,0
973.5,0,0,0,0,0,0,0,0,0,0,0,0,0,0,1004,0,29,0
974.5,0,0,0,0,0,0,0,0,0,0,0,0,0,0,887,0,31,0
975.5,0,0,0,0,0,0,0,0,0,0,0,0,0,0,782,0,34,0
976.5,0,0,0,0,0,0,0,0,0,0,0,0,0,0,688,0,37,0
977.5,0,0,0,0,0,0,0,0,0,0,0,0,0,0,605,0,41,0
978.5,0,0,0,0,0,0,0,0,0,0,0,0,0,0,530,0,45,0
979.5,0,0,0,0,0,0,0,0,0,0,0,0,0,0,463,0,50,0
980.5,0,0,0,0,0,0,0,0,0,0,0,0,0,0,404,0,56,0
981.5,0,0,0,0,0,0,0,0,0,0,0,0,0,0,352,0,62,0
982.5,0,0,0,0,0,0,0,0,0,0,0,0,0,0,306,0,69,0
983.5,0,0,0,0,0,0,0,0,0,0,0,0,0,0,265,0,77,0
984.5,0,0,0,0,0,0,0,0,0,0,0,0,0,0,230,0,87,0
985.5,0,0,0,0,0,0,0,0,0,0,0,0,0,0,198,0,98,0
986.5,0,0,0,0,0,0,0,0,0,0,0,0,0,0,171,0,110,0
987.5,0,0,0,0,0,0,0,0,0,0,0,0,0,0,147,0,125,0
988.5,0,0,0,0,0,0,0,0,0,0,0,0,0,0,126,0,141,0
989.5,0,0,0,0,0,0,0,0,0,0,0,0,0,0,108,0,161,0
990.5,0,0,0,0,0,0,0,0,0,0,0,0,0,0,92,0,183,0
991.5,0,0,0,0,0,0,0,0,0,0,0,0,0,0,79,0,209,0
992.5,0,0,0,0,0,0,0,0,0,0,0,0,0,0,67,0,240,0
993.5,0,0,0,0,0,0,0,0,0,0,0,0,0,0,57,0,275,0
994.5,0,0,0,0,0,0,0,0,0,0,0,0,0,0,48,0,317,0
995.5,0,0,0,0,0,0,0,0,0,0,0,0,0,0,41,0,365,0
996.5,0,0,0,0,0,0,0,0,0,0,0,0,0,0,34,0,422,0
997.5,0,0,0,0,0,0,0,0,0,0,0,0,0,0,29,0,489,0
998.5,0,0,0,0,0,0,0,0,0,0,0,0,0,0,24,0,568,0
999.5,0,0,0,0,0,0,0,0,0,0,0,0,0,0,20,0,660,0
