particle_size,std_after_125_1_1_00,std_after_125_1_1_01,std_after_125_1_1_02,std_after_125_1_2_00,std_after_125_1_2_01,std_after_125_1_2_02,std_after_125_2_1_00,std_after_125_2_1_01,std_after_125_2_1_02,std_after_125_2_2_00,std_after_125_2_2_01,std_after_125_2_2_02,std_before_125_1_1_00,std_before_125_1_1_01,std_before_125_1_1_02,std_before_125_1_2_00,std_before_125_1_2_01,std_before_125_1_2_02,std_before_125_2_1_00,std_before_125_2_1_01,std_before_125_2_1_02,std_before_125_2_2_00,std_before_125_2_2_01,std_before_125_2_2_02
0.5,0,0,0,0,0,0,0,0,0,0,0,0,0,0,0,0,0,0,0,0,0,0,0,0
1.5,0,0,0,0,0,0,0,0,0,0,0,0,0,0,0,0,0,0,0,0,0,0,0,0
2.5,0,0,0,0,0,0,0,0,0,0,0,0,0,0,0,0,0,0,0,0,0,0,0,0
3.5,0,0,0,0,0,0,0,0,0,0,0,0,0,0,0,0,0,0,0,0,0,0,0,0
4.5,0,0,0,0,0,0,0,0,0,0,0,0,0,0,0,0,0,0,0,0,0,0,0,0
5.5,0,0,0,0,0,0,0,0,0,0,0,0,0,0,0,0,0,0,0,0,0,0,0,0
6.5,0,0,0,0,0,0,0,0,0,0,0,0,0,0,0,0,0,0,0,0,0,0,0,0
7.5,0,0,0,0,0,0,0,0,0,0,0,0,0,0,0,0,0,0,0,0,0,0,0,0
8.5,0,0,0,0,0,0,0,0,0,0,0,0,0,0,0,0,0,0,0,0,0,0,0,0
9.5,0,0,0,0,0,0,0,0,0,0,0,0,0,0,0,0,0,0,0,0,0,0,0,0
10.5,0,0,0,0,0,0,0,0,0,0,0,0,0,0,0,0,0,0,0,0,0,0,0,0
11.5,0,0,0,0,0,0,0,0,0,0,0,0,0,0,0,0,0,0,0,0,0,0,0,0
12.5,0,0,0,0,0,0,0,0,0,0,0,0,0,0,0,0,0,0,0,0,0,0,0,0
13.5,0,0,0,0,0,0,0,0,0,0,0,0,0,0,0,0,0,0,0,0,0,0,0,0
14.5,0,0,0,0,0,0,0,0,0,0,0,0,0,0,0,0,0,0,0,0,0,0,0,0
15.5,0,0,0,0,0,0,0,0,0,0,0,0,0,0,0,0,0,0,0,0,0,0,0,0
16.5,0,0,0,0,0,0,0,0,0,0,0,0,0,0,0,0,0,0,0,0,0,0,0,0
17.5,0,0,0,0,0,0,0,0,0,0,0,0,0,0,0,0,0,0,0,0,0,0,0,0
18.5,0,0,0,0,0,0,0,0,0,0,0,0,0,0,0,0,0,0,0,0,0,0,0,0
19.5,0,0,0,0,0,0,0,0,0,0,0,0,0,0,0,0,0,0,0,0,0,0,0,0
20.5,0,0,0,0,0,0,0,0,0,0,0,0,0,0,0,0,0,0,0,0,0,0,0,0
21.5,0,0,0,0,0,0,0,0,0,0,0,0,0,0,0,0,0,0,0,0,0,0,0,0
22.5,0,0,0,0,0,0,0,0,0,0,0,0,0,0,0,0,0,0,0,0,0,0,0,0
23.5,0,0,0,0,0,0,0,0,0,0,0,0,0,0,0,0,0,0,0,0,0,0,0,0
24.5,0,0,0,0,0,0,0,0,0,0,0,0,0,0,0,0,0,0,0,0,0,0,0,0
25.5,0,0,0,0,0,0,0,0,0,0,0,0,0,0,0,0,0,0,0,0,0,0,0,0
26.5,0,0,0,0,0,0,0,0,0,0,0,0,0,0,0,0,0,0,0,0,0,0,0,0
27.5,0,0,0,0,0,0,0,0,0,0,0,0,0,0,0,0,0,0,0,0,0,0,0,0
28.5,0,0,0,0,0,0,0,0,0,0,0,0,0,0,0,0,0,0,0,0,0,0,0,0
29.5,0,0,0,0,0,0,0,0,0,0,0,0,0,0,0,0,0,0,0,0,0,0,0,0
30.5,0,0,0,0,0,0,0,0,0,5,0,0,0,0,0,0,0,0,0,0,0,0,0,0
31.5,0,0,0,0,0,0,0,0,0,87,0,0,0,0,0,0,0,0,0,0,0,0,0,0
32.5,0,0,0,0,0,0,0,0,0,862,0,0,0,0,0,0,0,0,0,0,0,0,0,0
33.5,0,0,0,0,0,0,0,0,0,4835,2,0,0,0,0,0,0,0,0,0,0,0,0,0
34.5,0,0,0,0,0,0,0,0,0,16048,16,0,0,0,0,0,0,0,0,0,0,0,0,0
35.5,0,0,0,0,0,0,0,0,0,33077,90,0,0,0,0,0,0,0,0,0,0,0,0,0
36.5,0,0,0,0,0,0,0,0,0,44449,396,0,0,0,0,0,0,0,0,0,0,0,0,0
37.5,0,0,0,0,0,0,2,0,0,40905,1343,0,0,0,0,0,0,0,0,0,0,0,0,0
38.5,0,0,0,0,0,0,5,0,0,27091,3581,0,0,0,0,0,0,0,0,0,0,0,0,0
39.5,0,0,0,0,0,0,10,0,0,13578,7648,0,0,0,0,0,0,0,0,0,0,0,0,0
40.5,0,0,0,0,0,0,19,0,0,5418,13335,0,0,0,0,0,0,0,0,0,0,0,0,0
41.5,0,0,0,0,0,0,33,0,0,1811,19345,0,0,0,0,0,0,0,0,0,0,0,0,0
42.5,0,0,0,0,0,0,52,0,0,533,23801,0,0,0,2,0,0,0,0,0,0,0,0,0
43.5,0,0,0,0,0,0,78,0,0,145,25314,0,0,0,10,0,0,0,0,0,0,0,0,0
44.5,0,0,0,0,0,0,109,0,0,38,23727,0,0,0,48,0,0,0,0,0,0,0,0,0
45.5,0,0,0,0,0,0,146,0,0,10,19978,0,0,0,182,0,0,0,0,0,0,0,0,0
46.5,0,0,0,0,0,119,188,0,0,3,15405,0,0,0,575,0,0,0,0,0,0,0,0,0
47.5,0,0,0,0,0,4781,235,0,0,0,11087,0,0,0,1496,0,0,0,0,0,0,0,0,0
48.5,0,0,0,0,0,54234,287,0,0,0,7588,0,0,0,3242,0,0,0,0,0,0,0,0,0
49.5,0,0,0,0,0,198545,349,0,0,0,5029,0,0,0,5914,0,0,0,0,0,0,0,0,0
50.5,0,0,0,0,0,271269,427,0,0,0,3284,0,0,3,9206,0,0,0,0,0,0,0,0,1
51.5,0,0,1,0,0,162042,531,0,0,0,2149,0,0,14,12418,0,0,0,0,0,0,0,0,2
52.5,0,0,3,0,0,50099,676,0,0,0,1429,0,0,53,14770,0,0,0,0,0,0,0,0,4
53.5,0,0,5,0,0,9555,892,0,0,0,980,0,0,159,15776,0,0,0,0,0,0,0,0,7
54.5,0,0,10,0,0,1342,1220,0,0,0,701,0,0,375,15429,0,0,0,0,0,0,1,0,13
55.5,0,0,19,0,0,165,1736,0,0,0,528,0,0,714,14090,0,0,0,0,0,0,3,0,23
56.5,0,0,35,0,2,21,2557,0,0,0,423,0,0,1123,12255,0,0,0,0,0,0,6,0,41
57.5,0,0,67,0,4,3,3875,0,0,0,361,0,0,1503,10348,0,0,0,0,0,0,12,0,73
58.5,0,0,125,0,9,0,5981,0,0,0,330,0,0,1765,8640,0,0,0,0,0,0,23,0,132
59.5,0,0,232,0,20,0,9303,0,0,0,323,0,0,1878,7256,0,0,0,0,0,0,45,0,239
60.5,0,0,427,0,41,0,14424,0,0,0,340,0,0,1872,6221,0,0,0,0,0,0,86,0,434
61.5,0,0,777,0,86,0,22074,0,0,2,381,0,0,1806,5517,0,0,0,0,0,0,165,0,786
62.5,0,0,1400,0,178,0,33087,0,0,4,457,0,0,1738,5112,0,0,0,0,0,0,311,0,1417
63.5,0,0,2487,0,364,0,48314,0,0,11,581,0,0,1718,4986,0,0,0,0,0,0,584,0,2533
64.5,0,0,4352,0,731,0,68551,0,3,27,779,0,0,1785,5144,0,0,2,0,0,0,1088,0,4479
65.5,0,0,7490,0,1439,0,94496,0,9,67,1099,0,0,1986,5621,0,0,6,0,0,0,2016,0,7808
66.5,0,0,12655,0,2769,0,126816,0,27,160,1617,0,0,2397,6497,0,0,16,0,0,0,3711,0,13390
67.5,0,0,20958,0,5196,1,166295,0,82,369,2469,1,0,3153,7919,0,0,41,0,0,0,6784,0,22543
68.5,0,0,33971,0,9489,3,214076,0,236,818,3891,10,0,4518,10119,2,0,107,0,0,3,12290,3,37209
69.5,0,0,53838,0,16835,10,271920,0,644,1734,6287,57,0,7001,13467,4,0,270,0,0,12,22030,11,60154
70.5,0,0,83357,0,28989,30,342477,0,1660,3510,10353,250,1,11593,18527,11,0,672,1,0,45,38982,39,95210
71.5,2,0,126025,2,48432,84,429527,0,4044,6785,17276,875,5,20198,26143,28,0,1630,6,0,165,67931,141,147528
72.5,11,0,186022,7,78524,227,538210,0,9296,12547,29044,2507,18,36386,37558,64,2,3838,29,0,577,116297,507,223856
73.5,59,0,268132,25,123635,587,675216,0,20146,22253,48921,6092,64,66575,54570,146,12,8723,120,0,1896,195138,1778,332814
74.5,285,0,377579,85,189247,1440,848952,1,41181,37989,82126,12990,231,121632,79730,322,60,19037,460,7,5852,320213,5941,485148
75.5,1201,2,519818,276,282016,3351,1069594,4,79463,62660,136724,25052,802,218566,116608,699,260,39714,1614,50,16855,512900,18620,693946
76.5,4453,13,700276,842,409786,7431,1349003,13,144975,100253,224697,44856,2656,381509,170128,1491,1019,78919,5214,299,45111,800631,54012,974752
77.5,14596,72,924087,2402,581553,15752,1700387,43,250631,156174,363021,76202,8289,640789,247018,3140,3564,149038,15541,1483,111850,1216477,143578,1345531
78.5,42496,365,1195828,6389,807362,32043,2137648,152,411700,237677,574474,124950,24127,1029120,356384,6524,11140,267187,42786,6210,256420,1797508,347530,1826382
79.5,110556,1631,1519274,15853,1098103,62770,2674379,542,644638,354377,887704,200258,65027,1575078,510452,13359,31168,454767,108912,22294,543202,2581726,763617,2438891
80.5,258709,6439,1897168,36760,1465168,118733,3322529,1917,965552,518818,1336078,316344,161510,2295699,725458,26914,78274,735772,256500,69701,1063898,3603622,1523064,3205000
81.5,548304,22439,2331004,79908,1919918,217251,4090821,6590,1388622,747021,1954895,494837,368873,3191158,1022640,53208,177253,1133993,559318,192510,1929608,4888760,2764549,4145278
82.5,1059796,69131,2820813,163469,2472902,384842,4983112,21647,1924859,1058889,2776861,767640,774766,4243964,1429165,102880,364085,1669671,1130384,475604,3249029,6448127,4587857,5276530
83.5,1880910,188690,3364938,315985,3132807,659901,5996912,66845,2581368,1478299,3826233,1179861,1499391,5423111,1978705,193872,683137,2356430,2120260,1062076,5094957,8273169,7004463,6608764
84.5,3085366,457705,3959807,579381,3905129,1094326,7122285,191392,3361114,2032650,5112557,1791777,2682480,6691299,2711155,354762,1180175,3199180,3697778,2161795,7468526,10332499,9910112,8141715
85.5,4707074,990774,4599717,1011058,4790631,1752266,8341351,502409,4262949,2751646,6625316,2677965,4454985,8012287,3670832,628149,1893108,4193305,6009816,4036425,10274987,12571038,13095681,9861283
86.5,6718413,1923558,5276659,1683577,5783718,2703730,9628487,1198759,5281613,3665110,8330816,3921155,6900016,9355827,4902359,1072656,2843882,5324989,9126082,6945743,13322805,14912026,16292653,11736474
87.5,9021469,3369271,5980221,2679833,6870921,4011073,10951261,2584483,6407417,4799772,10172300,5598514,10013586,10699131,6443569,1761440,4034417,6572245,12985109,11050174,16349704,17261838,19232855,13717574
88.5,11457158,5359820,6697623,4081471,8029785,5708329,12272011,5018156,7625482,6175167,12073540,7759848,13677942,12025150,8315280,2774743,5447281,7906124,17362555,16287758,19069081,19517130,21699218,15736314
89.5,13830835,7800291,7413933,5949225,9228455,7776871,13549919,8767414,8914583,7799016,13945462,10400773,17657744,13318848,10508764,4184969,7049593,9291807,21878567,22273461,21222943,21573413,23553516,17708629
90.5,15947098,10466562,8112481,8296431,10426256,10125133,14743366,13802497,10245853,9662732,15694671,13438328,21623375,14562796,12973189,6035134,8797613,10689450,26048544,28285636,22626334,23333992,24739807,19540221
91.5,17643681,13055108,8775505,11061130,11575470,12582576,15812365,19645815,11581773,11737800,17232507,16699438,25198463,15733286,15606664,8315090,10639951,12054948,29367123,33386177,23192600,24718130,25270892,21134602
92.5,18815546,15264813,9384998,14086594,12624349,14916091,16720863,25410994,12875983,13973817,18483241,19931288,28022191,16797879,18255228,10943136,12518572,13340865,31404606,36662044,22936094,25667457,25207453,22402656
93.5,19424424,16874205,9923694,17122028,13521163,16869654,17438757,30063925,14074456,16298786,19390384,22836176,29812477,17715064,20723333,13761424,14368098,14497823,31891856,37503683,21955749,26149934,24637406,23272289
94.5,19494080,17784018,10376121,19851784,14218879,18217813,17943485,32784454,15118402,18621940,19920490,25123828,30414966,18436423,22796742,16550662,16114743,15476572,30773296,35799336,20407020,26161063,23659483,23696517
95.5,19095393,18016321,10729605,21951872,14679842,18815980,18221123,33233800,15948986,20839029,20064295,26566405,29825763,18911356,24274818,19063319,17676565,16230789,28215929,31956253,18470655,25722391,22372060,23658549
96.5,18326952,17681673,10975106,23160084,14879757,18630229,18266924,31602027,16513445,22839641,19835404,27039719,28182859,19093872,25005320,21067493,18966461,16720478,24572769,26745493,16325104,24877760,20866537,23172959
97.5,17296324,16934359,11107799,23337242,14810323,17737287,18085290,28453010,16771742,24515868,19267032,26539468,25730019,18950381,24912774,22389120,19898711,16915666,20309800,21050966,14126573,23687941,19223968,22282869
98.5,16105396,15932728,11127311,22497861,14480060,16297306,17689201,24484138,16702505,25771494,18407392,25170689,22764508,18466916,24012557,22940599,20398781,16799875,15914598,15634362,11997855,22224451,17513709,21053798
99.5,14841095,14813173,11037615,20799811,13913193,14511473,17099148,20321455,16306930,26530777,17314431,23117258,19583284,17654023,22406803,22728948,20414883,16372825,11809376,10996230,10024987,20563320,15793198,19565457
100.5,13571192,13678453,10846574,18498706,13146789,12579465,16341666,16410395,15609658,26745909,16050525,20602678,16440380,16547914,20263699,21843667,19928727,15651789,8289411,7351913,8259627,18779455,14108346,17902963
101.5,12344009,12596667,10565228,15885299,12226640,10668119,15447580,12998317,14656227,26402239,14677665,17852916,13522481,15207319,17786357,20430570,18962458,14671194,5499157,4690497,6724799,16942069,12494284,16148850
102.5,11190552,11606171,10206895,13227182,11202580,8895916,14450112,10172533,13507549,25520508,13253506,15068340,10943098,13706527,15179653,18660494,17579295,13480289,3445904,2866616,5421971,15111421,10976352,14376839
103.5,10127810,10722614,9786211,10729972,10123931,7331706,13382996,7916308,12232508,24155540,11828502,12407305,8750855,12126149,12622636,16701057,15876911,12139064,2039429,1684626,4338008,13336895,9571268,12647840
104.5,9162284,9945746,9318191,8522709,9035668,6002732,12278745,6159098,10900153,22391297,10444169,9980429,6945397,10543598,10251154,14696543,13974584,10712900,1140596,955528,3451147,11656320,8288433,11008177
105.5,8293198,9264959,8817411,6663264,7975691,4906571,11167184,4811876,9572903,20332707,9132401,7852769,5494994,9025175,8151737,12757417,11996996,9266708,603520,525033,2735634,10096288,7131286,9489693
106.5,7515141,8663364,8297352,5155228,6973327,4022926,10074347,3787635,8301744,18095290,7915664,6050747,4351894,7621035,6364833,10958246,10058378,7859420,302719,280493,2165011,8673195,6098638,8111179
107.5,6820081,8120655,7769943,3967935,6049002,3323115,9021768,3010915,7123838,15794019,6807832,4571135,3463640,6363389,4893931,9341377,8250362,6539613,144340,146235,1714220,7394739,5185903,6880587
108.5,6198814,7615186,7245286,3054009,5214821,2776587,8026160,2420599,6062362,13533091,5815432,3390244,2780199,5267528,3717002,7923593,6635472,5342789,65663,74685,1360784,6261609,4386171,5797517
109.5,5641942,7125660,6731565,2361986,4475784,2354781,7099456,1969247,5128035,11398021,4939078,2472181,2257662,4334765,2797453,6703483,5246480,4290526,28630,37515,1085315,5269191,3691090,4855638
110.5,5140509,6632755,6235086,1843872,3831291,2032987,6249137,1621008,4321625,9451024,4174925,1775607,1859550,3556259,2092982,5668133,4090361,3391319,12030,18614,871585,4409139,3091550,4044795
111.5,4686369,6120831,5760419,1458715,3276721,1790911,5478763,1349244,3636790,7729898,3516011,1258809,1556676,2916845,1561744,4798437,3154872,2642710,4902,9167,706323,3670739,2578190,3352720
112.5,4272391,5579660,5310608,1173544,2804860,1612504,4788630,1134369,3062744,6249965,2953422,883128,1326289,2398311,1166006,4072922,2415764,2034109,1951,4504,578883,3042015,2141745,2766325
113.5,3892533,5005934,4887411,962855,2407110,1485452,4176465,962074,2586468,5008153,2477237,614930,1150954,1981853,873823,3470229,1843189,1549792,765,2220,480857,2510597,1773282,2272598
114.5,3541847,4404147,4491543,807467,2074404,1400547,3638119,821950,2194364,3988115,2077259,426415,1017436,1649680,659367,2970555,1406516,1171594,298,1105,405691,2064338,1464352,1859191
115.5,3216421,3786411,4122918,693237,1797865,1351061,3168179,706449,1873355,3165373,1743537,295579,915713,1385918,502467,2556349,1077427,881055,116,560,348339,1691752,1207078,1514755
116.5,2913290,3170968,3780852,609879,1569224,1332181,2760508,610110,1611535,2511779,1466731,205641,838159,1176971,387785,2212531,831499,660909,46,290,304962,1382268,994213,1229101
117.5,2630317,2579432,3464251,549992,1381049,1340496,2408669,528990,1398466,1998905,1238316,144210,778886,1011536,303892,1926418,648710,495950,19,155,272675,1126371,819175,993231
118.5,2366058,2033262,3171757,508296,1226843,1373518,2106258,460235,1225253,1600292,1050697,102383,733247,880408,242399,1687502,513243,373399,8,87,249350,915643,676060,799299
119.5,2119613,1550245,2901867,481048,1101049,1429221,1847136,401765,1084465,1292695,897238,73908,697458,776197,197218,1487167,412961,282907,3,51,233462,742745,559642,640532
120.5,1890476,1141834,2653025,465622,998987,1505566,1625582,352041,969989,1056549,772232,54476,668327,693022,163969,1318390,338742,216340,2,32,223966,601351,465357,511117
121.5,1678390,811966,2423690,460189,916773,1599992,1436382,309892,876840,875923,670847,41159,643083,626211,139516,1175473,283842,167457,0,21,220215,486066,389276,406099
122.5,1483215,557487,2212376,463486,851214,1708916,1274865,274400,800987,738173,589040,31986,619285,572048,121627,1053791,243334,131568,0,15,221899,392323,328059,321269
123.5,1304814,369849,2017686,474632,799709,1827257,1136906,244817,739172,633457,523476,25643,594813,527561,108723,949590,213649,105194,0,12,229004,316283,278906,253071
124.5,1142964,237432,1838325,492987,760153,1948105,1018902,220521,688768,554234,471437,21257,567918,490350,99694,859811,192227,85793,0,10,241779,254744,239495,198508
125.5,997301,147814,1673106,518027,730847,2062644,917732,200989,647649,494784,430737,18250,537314,458468,93774,781950,177243,71521,0,9,260718,205040,207922,155068
126.5,867286,89491,1520953,549237,710421,2160460,830712,185794,614081,450802,399649,16242,502281,430323,90449,713945,167410,61052,0,9,286523,164971,182640,120653
127.5,752200,52872,1380890,586014,697770,2230345,755544,174601,586637,419063,376836,14986,462744,404628,89394,654086,161836,53440,0,11,320054,132723,162397,93523
128.5,651164,30607,1252033,627580,691987,2261558,690270,167182,564132,397143,361297,14327,419277,380357,90434,600945,159918,48016,0,13,362234,106806,146190,72238
129.5,563168,17440,1133584,672915,692321,2245431,633226,163429,545559,383207,352320,14176,373032,356734,93508,553321,161263,44313,0,19,413896,86003,133212,55617
130.5,487112,9831,1024813,720714,698120,2176980,583002,163373,530052,375830,349442,14489,325570,333223,98652,510197,165632,42017,0,28,475539,69322,122816,42696
131.5,421849,5512,925056,769381,708801,2056141,538407,167210,516850,373862,352420,15261,278633,309514,105982,470718,172892,40925,0,47,546989,55955,114481,32694
132.5,366229,3091,833698,817067,723803,1888247,498439,175325,505275,376310,361205,16520,233900,285515,115677,434162,182977,40926,0,83,626974,45248,107785,24981
133.5,319133,1745,750167,861761,742562,1683528,462261,188332,494709,382248,375918,18320,192770,261320,127964,399929,195851,41983,0,159,712662,36674,102384,19055
134.5,279507,997,673931,901414,764475,1455680,429179,207109,484591,390740,396832,20747,156222,237174,143095,367536,211473,44123,0,322,799279,29805,97993,14517
135.5,246376,580,604485,934110,788880,1219814,398626,232836,474407,400789,424338,23910,124764,213423,161313,336605,229760,47435,1,683,879986,24300,94380,11050
136.5,218865,346,541354,958231,815036,990278,370147,267015,463694,411306,458919,27947,98466,190459,182813,306868,250555,52069,3,1491,946218,19883,91351,8408
137.5,196202,212,484087,972618,842111,778834,343388,311457,452049,421116,501103,33021,77046,168667,207686,278157,273596,58240,6,3311,988651,16335,88751,6399
138.5,177719,135,432252,976681,869175,593553,318081,368189,439131,428986,551400,39314,59994,148385,235851,250402,298488,66227,16,7360,998803,13480,86456,4872
139.5,162851,90,385440,970454,895212,438520,294037,439248,424680,433699,610227,47029,46679,129867,266987,223621,324692,76379,41,16129,971014,11178,84373,3714
140.5,151134,62,343260,954569,919133,314257,271132,526275,408526,434145,677808,56373,36448,113274,300458,197902,351531,89113,108,34318,904275,9316,82441,2835
141.5,142193,45,305340,930180,939809,218589,249296,629885,390600,429440,754055,67552,28689,98670,335261,173394,378205,104906,292,69840,803239,7807,80625,2168
142.5,135743,35,271330,898823,956103,147677,228503,748780,370937,419024,838443,80756,22865,86034,370008,150274,403840,124282,786,133984,677848,6579,78917,1661
143.5,131576,28,240896,862256,966931,96964,208761,878729,349684,402747,929875,96142,18535,75280,402955,128731,427540,147775,2090,238975,541486,5577,77334,1276
144.5,129563,24,213723,822304,971308,61910,190094,1011647,327083,380907,1026581,113820,15346,66275,432094,108938,448456,175888,5398,391150,408128,4755,75912,983
145.5,129650,22,189518,780711,968411,38454,172539,1135247,303465,354225,1126044,133831,13028,58862,455322,91031,465858,209017,13365,580463,289413,4079,74704,760
146.5,131855,21,168004,739036,957636,23241,156133,1233791,279225,323772,1224995,156138,11379,52879,470653,75097,479198,247363,31307,772386,192615,3519,73774,589
147.5,136269,22,148925,698589,938643,13669,140906,1290364,254796,290845,1319505,180602,10256,48170,476470,61157,488148,290819,68498,912399,120070,3054,73197,458
148.5,143059,24,132040,660396,911398,7823,126877,1290612,230621,256829,1405162,206969,9562,44600,471759,49174,492627,338851,138316,948362,69995,2665,73055,357
149.5,152472,28,117130,625205,876184,4355,114050,1227101,207120,223049,1477362,234860,9236,42057,456290,39053,492795,390392,254877,860695,38114,2338,73436,280
150.5,164832,34,103991,593506,833607,2357,102410,1102747,184670,190658,1531676,263750,9253,40463,430691,30650,489024,443758,424143,677571,19373,2062,74433,220
151.5,180544,43,92436,565572,784563,1240,91926,931621,163583,160556,1564255,292965,9616,39770,396415,23790,481851,496635,631332,460183,9189,1827,76149,174
152.5,200086,59,82295,541491,730201,633,82555,736192,144092,133356,1572238,321669,10360,39969,355571,18279,471924,546147,833298,268473,4068,1625,78689,137
153.5,223991,84,73413,521213,671856,314,74238,541666,126350,109388,1554084,348874,11559,41090,310671,13918,459944,589036,967784,134110,1682,1451,82170,109
154.5,252821,124,65650,504574,610976,151,66908,369530,110429,88738,1509784,373449,13330,43208,264334,10516,446613,621950,982293,57236,650,1300,86714,87
155.5,287103,190,58877,491325,549043,70,60493,232880,96333,71296,1440918,394160,15845,46446,218990,7895,432587,641815,866267,20846,235,1169,92444,69
156.5,327257,303,52982,481149,487490,32,54916,135135,84006,56817,1350529,409729,19353,50980,176651,5899,418450,646259,660524,6478,80,1052,99477,56
157.5,373469,496,47863,473670,427629,14,50101,72001,73350,44979,1242853,418926,24198,57045,138764,4394,404690,633990,433753,1719,25,949,107905,45
158.5,425536,830,43429,468461,370599,6,45976,35143,64238,35423,1122913,420683,30845,64941,106172,3269,391694,605077,244576,390,8,857,117772,36
159.5,482683,1413,39599,465040,317315,2,42471,15684,56524,27791,996067,414238,39899,75027,79150,2432,379746,561046,118170,76,2,775,129039,29
160.5,543367,2434,36303,462879,268452,0,39522,6390,50060,21748,867549,399268,52122,87714,57512,1814,369028,504764,48867,13,0,700,141535,24
161.5,605107,4216,33479,461408,224439,0,37070,2375,44701,16996,742074,376014,68418,103441,40752,1359,359633,440103,17292,2,0,633,154910,19
162.5,664413,7299,31074,460022,185471,0,35064,805,40313,13277,623544,345340,89779,122626,28172,1024,351567,371453,5239,0,0,571,168582,16
163.5,716863,12557,29040,458100,151537,0,33458,248,36773,10377,514879,308723,117155,145601,19010,778,344755,303163,1361,0,0,514,181702,13
164.5,757405,21334,27338,455033,122453,0,32214,70,33978,8119,417964,268142,151245,172502,12529,597,339048,239026,304,0,0,463,193165,10
165.5,780925,35588,25934,450252,97906,0,31298,18,31841,6363,333713,225876,192185,203137,8070,464,334222,181894,59,0,0,415,201673,9
166.5,783028,57940,24800,443272,77489,0,30683,4,30293,4997,262202,184240,239178,236846,5082,365,329979,133487,10,0,0,372,205876,7
167.5,760932,91532,23912,433723,60743,0,30345,0,29283,3932,202852,145313,290142,272366,3131,292,325950,94402,1,0,0,332,204595,6
168.5,714263,139513,23252,421389,47190,0,30265,0,28776,3099,154621,110697,341516,307759,1888,237,321698,64293,0,0,0,295,197079,5
169.5,645502,204022,22806,406233,36358,0,30426,0,28753,2447,116198,81383,388378,340451,1115,197,316725,42145,0,0,0,261,183245,4
170.5,559889,284715,22563,388397,27803,0,30815,0,29212,1934,86153,57719,425005,367422,645,166,310495,26577,0,0,0,231,163818,3
171.5,464700,377168,22516,368202,21120,0,31418,0,30166,1530,63070,39491,445875,385574,366,143,302460,16118,0,0,0,203,140297,3
172.5,368035,471913,22662,346114,15953,0,32224,0,31642,1210,45624,26078,446916,392228,204,126,292102,9398,0,0,0,178,114727,2
173.5,277405,554997,22999,322703,11993,0,33220,0,33680,955,32639,16638,426663,385667,111,114,278992,5267,0,0,0,155,89323,2
174.5,198521,610686,23530,298597,8985,0,34392,0,36336,753,23113,10272,386881,365588,60,106,262853,2838,0,0,0,135,66052,2
175.5,134597,625955,24260,274422,6716,0,35725,0,39673,591,16216,6150,332376,333309,31,100,243621,1469,0,0,0,117,46301,1
176.5,86292,595214,25196,250763,5015,0,37199,0,43760,462,11282,3580,269960,291651,16,97,221501,732,0,0,0,101,30724,1
177.5,52230,523030,26346,228124,3746,0,38793,0,48667,359,7793,2034,206910,244477,8,97,196991,350,0,0,0,86,19281,0
178.5,29805,423189,27723,206903,2804,0,40480,0,54455,277,5349,1131,149415,196011,4,100,170869,161,0,0,0,74,11441,0
179.5,16020,314230,29338,187390,2106,0,42231,0,61161,211,3653,619,101527,150111,2,104,144130,72,0,0,0,63,6419,0
180.5,8104,213468,31203,169764,1590,0,44010,0,68785,160,2484,335,64850,109690,0,112,117886,31,0,0,0,54,3409,0
181.5,3857,132307,33332,154108,1209,0,45779,0,77266,119,1685,180,38909,76415,0,124,93227,13,0,0,0,45,1716,0
182.5,1727,74630,35736,140428,927,0,47499,0,86464,88,1141,97,21918,50721,0,140,71087,5,0,0,0,38,820,0
183.5,728,38225,38426,128670,718,0,49124,0,96140,64,773,53,11589,32066,0,162,52123,2,0,0,0,32,373,0
184.5,289,17744,41408,118744,563,0,50613,0,105937,46,524,29,5752,19306,0,191,36655,0,0,0,0,27,162,0
185.5,108,7453,44686,110535,448,0,51922,0,115388,32,356,16,2680,11070,0,230,24662,0,0,0,0,23,67,0
186.5,38,2829,48258,103924,362,0,53011,0,123919,22,243,9,1173,6047,0,283,15838,0,0,0,0,19,27,0
187.5,13,969,52114,98795,298,0,53847,0,130895,15,166,6,482,3148,0,354,9688,0,0,0,0,16,10,0
188.5,4,299,56236,95040,250,0,54399,0,135678,10,115,3,187,1563,0,449,5633,0,0,0,0,13,4,0
189.5,1,83,60597,92567,214,0,54646,0,137699,6,80,2,68,741,0,578,3107,0,0,0,0,11,1,0
190.5,0,21,65158,91300,187,0,54575,0,136550,4,56,2,23,335,0,754,1624,0,0,0,0,9,0,0
191.5,0,5,69868,91177,168,0,54182,0,132056,2,40,1,8,145,0,992,802,0,0,0,0,8,0,0
192.5,0,0,74666,92147,154,0,53473,0,124328,1,29,0,2,60,0,1316,375,0,0,0,0,6,0,0
193.5,0,0,79478,94162,145,0,52462,0,113770,0,21,0,0,24,0,1756,165,0,0,0,0,5,0,0
194.5,0,0,84219,97173,140,0,51170,0,101048,0,16,0,0,9,0,2350,69,0,0,0,0,4,0,0
195.5,0,0,88794,101114,139,0,49626,0,87003,0,12,0,0,3,0,3148,27,0,0,0,0,4,0,0
196.5,0,0,93104,105887,141,0,47863,0,72541,0,9,0,0,1,0,4212,10,0,0,0,0,3,0,0
197.5,0,0,97043,111350,148,0,45920,0,58519,0,7,0,0,0,0,5615,3,0,0,0,0,2,0,0
198.5,0,0,100508,117295,158,0,43834,0,45643,0,6,0,0,0,0,7441,1,0,0,0,0,2,0,0
199.5,0,0,103399,123434,174,0,41645,0,34403,0,5,1,0,0,0,9782,0,0,0,0,0,2,0,0
200.5,0,0,105626,129386,196,1,39391,0,25050,0,4,2,0,0,0,12726,0,0,0,0,0,1,0,0
201.5,0,0,107110,134679,225,4,37108,0,17617,0,3,2,0,0,0,16349,0,0,0,0,0,1,0,0
202.5,0,0,107791,138763,265,13,34828,0,11967,0,3,4,0,0,0,20700,0,0,0,0,0,1,0,0
203.5,0,0,107631,141052,317,43,32579,0,7852,0,3,6,0,0,0,25774,0,0,0,0,0,0,0,0
204.5,0,0,106611,140983,387,137,30386,0,4979,0,2,10,0,0,0,31499,0,0,0,0,0,0,0,0
205.5,0,0,104740,138094,479,407,28268,0,3052,0,2,19,0,0,0,37714,0,0,0,0,0,0,0,0
206.5,0,0,102050,132117,602,1135,26241,0,1810,0,2,36,0,0,0,44159,0,0,0,0,0,0,0,0
207.5,0,0,98597,123054,765,2937,24315,0,1039,0,2,69,0,0,0,50478,0,0,0,0,0,0,0,0
208.5,0,0,94458,111224,982,7023,22498,0,577,0,2,135,0,0,0,56242,0,0,0,0,0,0,0,0
209.5,0,0,89725,97261,1270,15419,20794,0,311,0,2,268,0,0,0,60985,0,0,0,0,0,0,0,0
210.5,0,0,84507,82043,1650,30936,19204,0,163,0,2,535,0,0,0,64267,0,0,0,0,0,0,0,0
211.5,0,0,78919,66572,2152,56463,17728,0,83,0,3,1062,0,0,0,65733,0,0,0,0,0,0,0,0
212.5,0,0,73080,51828,2811,93376,16363,0,41,0,3,2080,0,0,0,65173,0,0,0,0,0,0,0,0
213.5,0,0,67109,38620,3669,139421,15103,0,20,0,3,3992,0,0,0,62568,0,0,0,0,0,0,0,0
214.5,0,0,61117,27483,4777,187366,13945,0,9,0,4,7453,0,0,0,58103,0,0,0,0,0,0,0,0
215.5,0,0,55207,18640,6192,226013,12882,0,4,0,4,13437,0,0,0,52143,0,0,0,0,0,0,0,0
216.5,0,0,49470,12028,7979,244132,11907,0,2,0,5,23250,0,0,0,45183,0,0,0,0,0,0,0,0
217.5,0,0,43983,7372,10203,235653,11014,0,0,0,6,38366,0,0,0,37775,0,0,0,0,0,0,0,0
218.5,0,0,38805,4286,12928,202919,10197,0,0,0,8,60037,0,0,0,30450,0,0,0,0,0,0,0,0
219.5,0,0,33982,2361,16210,155644,9449,0,0,0,10,88629,0,0,0,23653,0,0,0,0,0,0,0,0
220.5,0,0,29543,1231,20085,106212,8764,0,0,0,13,122835,0,0,0,17696,0,0,0,0,0,0,0,0
221.5,0,0,25505,607,24563,64420,8135,0,0,0,17,159139,0,0,0,12746,0,0,0,0,0,0,0,0
222.5,0,0,21871,283,29618,34700,7559,0,0,0,22,191979,0,0,0,8835,0,0,0,0,0,0,0,0
223.5,0,0,18634,125,35173,16590,7028,0,0,0,29,214911,0,0,0,5892,0,0,0,0,0,0,0,0
224.5,0,0,15778,52,41102,7037,6539,0,0,0,38,222577,0,0,0,3780,0,0,0,0,0,0,0,0
225.5,0,0,13282,20,47221,2648,6087,0,0,0,51,212714,0,0,0,2332,0,0,0,0,0,0,0,0
226.5,0,0,11118,8,53297,883,5669,0,0,0,68,187177,0,0,0,1384,0,0,0,0,0,0,0,0
227.5,0,0,9259,3,59056,261,5281,0,0,0,92,151378,0,0,0,790,0,0,0,0,0,0,0,0
228.5,0,0,7673,0,64204,69,4919,0,0,0,125,112356,0,0,0,433,0,0,0,0,0,0,0,0
229.5,0,0,6330,0,68446,16,4582,0,0,0,169,76449,0,0,0,229,0,0,0,0,0,0,0,0
230.5,0,0,5200,0,71519,3,4266,0,0,0,228,47649,0,0,0,116,0,0,0,0,0,0,0,0
231.5,0,0,4256,0,73215,0,3969,0,0,0,309,27192,0,0,0,57,0,0,0,0,0,0,0,0
232.5,0,0,3471,0,73405,0,3690,0,0,0,417,14205,0,0,0,27,0,0,0,0,0,0,0,0
233.5,0,0,2822,0,72057,0,3427,0,0,0,562,6793,0,0,0,12,0,0,0,0,0,0,0,0
234.5,0,0,2289,0,69236,0,3178,0,0,0,753,2975,0,0,0,5,0,0,0,0,0,0,0,0
235.5,0,0,1851,0,65104,0,2943,0,0,0,1004,1194,0,0,0,2,0,0,0,0,0,0,0,0
236.5,0,0,1495,0,59901,0,2720,0,0,0,1331,439,0,0,0,0,0,0,0,0,0,0,0,0
237.5,0,0,1205,0,53922,0,2509,0,0,0,1753,148,0,0,0,0,0,0,0,0,0,0,0,0
238.5,0,0,970,0,47485,0,2309,0,0,0,2291,46,0,0,0,0,0,0,0,0,0,0,0,0
239.5,0,0,781,0,40907,0,2120,0,0,0,2969,13,0,0,0,0,0,0,0,0,0,0,0,0
240.5,0,0,628,0,34474,0,1941,0,0,0,3813,3,0,0,0,0,0,0,0,0,0,0,0,0
241.5,0,0,505,0,28421,0,1772,0,0,0,4848,0,0,0,0,0,0,0,0,0,0,0,0,0
242.5,0,0,406,0,22924,0,1613,0,0,0,6101,0,0,0,0,0,0,0,0,0,0,0,0,0
243.5,0,0,326,0,18091,0,1463,0,0,0,7593,0,0,0,0,0,0,0,0,0,0,0,0,0
244.5,0,0,263,0,13971,0,1322,0,0,0,9340,0,0,0,0,0,0,0,0,0,0,0,0,0
245.5,0,0,212,0,10559,0,1191,0,0,0,11351,0,0,0,0,0,0,0,0,0,0,0,0,0
246.5,0,0,171,0,7812,0,1068,0,0,0,13620,0,0,0,0,0,0,0,0,0,0,0,0,0
247.5,0,0,138,0,5658,0,955,0,0,0,16131,0,0,0,0,0,0,0,0,0,0,0,0,0
248.5,0,0,112,0,4014,0,850,0,0,0,18847,0,0,0,0,0,0,0,0,0,0,0,0,0
249.5,0,0,91,0,2789,0,753,0,0,0,21716,0,0,0,0,0,0,0,0,0,0,0,0,0
250.5,0,0,74,0,1899,0,664,0,0,0,24667,0,0,0,0,0,0,0,0,0,0,0,0,0
251.5,0,0,60,0,1267,0,583,0,0,0,27613,0,0,0,0,0,0,0,0,0,0,0,0,0
252.5,0,0,49,0,829,0,510,0,0,0,30452,0,0,0,0,0,0,0,0,0,0,0,0,0
253.5,0,0,40,0,532,0,444,0,0,0,33077,0,0,0,0,0,0,0,0,0,0,0,0,0
254.5,0,0,33,0,335,0,384,0,0,0,35378,0,0,0,0,0,0,0,0,0,0,0,0,0
255.5,0,0,27,0,207,0,331,0,0,0,37250,0,0,0,0,0,0,0,0,0,0,0,0,0
256.5,0,0,22,0,126,0,284,0,0,0,38603,0,0,0,0,0,0,0,0,0,0,0,0,0
257.5,0,0,18,0,75,0,242,0,0,0,39368,0,0,0,0,0,0,0,0,0,0,0,0,0
258.5,0,0,15,0,44,0,206,0,0,0,39501,0,0,0,0,0,0,0,0,0,0,0,0,0
259.5,0,0,13,0,25,0,174,0,0,0,38992,0,0,0,0,0,0,0,0,0,0,0,0,0
260.5,0,0,11,0,14,0,146,0,0,0,37860,0,0,0,0,0,0,0,0,0,0,0,0,0
261.5,0,0,9,0,8,0,122,0,0,0,36156,0,0,0,0,0,0,0,0,0,0,0,0,0
262.5,0,0,7,0,4,0,101,0,0,0,33956,0,0,0,0,0,0,0,0,0,0,0,0,0
263.5,0,0,6,0,2,0,84,0,0,0,31361,0,0,0,0,0,0,0,0,0,0,0,0,0
264.5,0,0,5,0,1,0,69,0,0,0,28481,0,0,0,0,0,0,0,0,0,0,0,0,0
265.5,0,0,4,0,0,0,57,0,0,0,25432,0,0,0,0,0,0,0,0,0,0,0,0,0
266.5,0,0,4,0,0,0,46,0,0,0,22329,0,0,0,0,0,0,0,0,0,0,0,0,0
267.5,0,0,3,0,0,0,37,0,0,0,19276,0,0,0,0,0,0,0,0,0,0,0,1,0
268.5,0,0,3,0,0,0,30,0,0,0,16362,0,0,0,0,0,0,0,0,0,0,0,1,0
269.5,0,0,2,0,0,0,24,0,0,0,13654,0,0,0,0,0,0,0,0,0,0,0,2,0
270.5,0,0,2,0,0,0,19,0,0,0,11204,0,0,0,0,0,0,0,0,0,0,0,3,0
271.5,0,0,2,0,0,0,15,0,0,0,9040,0,0,0,0,0,0,0,0,0,0,0,4,0
272.5,0,0,1,0,0,0,12,0,0,0,7172,0,0,0,0,0,0,0,0,0,0,0,6,0
273.5,0,0,1,0,0,0,9,0,0,0,5595,0,0,0,0,0,0,0,0,0,0,0,8,0
274.5,0,0,0,0,0,0,7,0,0,0,4293,0,0,0,0,0,0,0,0,0,0,0,10,0
275.5,0,0,0,0,0,0,6,0,0,0,3239,0,0,0,0,0,0,0,0,0,0,0,14,0
276.5,0,0,0,0,0,0,4,0,0,0,2404,0,0,0,0,0,0,0,0,0,0,0,19,0
277.5,0,0,0,0,0,0,3,0,0,0,1755,0,0,0,0,0,0,0,0,0,0,0,24,0
278.5,0,0,0,0,0,0,3,0,0,0,1260,0,0,0,0,0,0,0,0,0,0,0,31,0
279.5,0,0,0,0,0,0,2,0,0,0,890,0,0,0,0,0,0,0,0,0,0,0,40,0
280.5,0,0,0,0,0,0,2,0,0,0,619,0,0,0,0,0,0,0,0,0,0,0,51,0
281.5,0,0,0,0,0,0,1,0,0,0,423,0,0,0,0,0,0,0,0,0,0,0,64,0
282.5,0,0,0,0,0,0,0,0,0,0,285,0,0,0,0,0,0,0,0,0,0,0,79,0
283.5,0,0,0,0,0,0,0,0,0,0,189,0,0,0,0,0,0,0,0,0,0,0,97,0
284.5,0,0,0,0,0,0,0,0,0,0,123,0,0,0,0,0,0,0,0,0,0,0,117,0
285.5,1,0,0,0,0,0,0,0,0,0,79,0,0,0,0,0,0,0,0,0,0,0,140,0
286.5,3,0,0,0,0,0,0,0,0,0,50,0,0,0,0,0,0,0,0,0,0,0,166,0
287.5,5,0,0,0,0,0,0,0,0,0,31,0,0,0,0,0,0,0,0,0,0,0,194,0
288.5,9,0,0,0,0,0,0,0,0,0,19,0,0,0,0,0,0,0,0,0,0,0,224,0
289.5,17,0,0,0,0,0,0,0,0,0,12,0,0,0,0,0,0,0,0,0,0,0,255,0
290.5,30,0,0,0,0,0,0,0,0,0,7,0,0,0,0,0,0,0,0,0,0,0,287,0
291.5,52,0,0,0,0,0,0,0,0,0,4,0,0,0,0,0,0,0,0,0,0,0,320,0
292.5,90,0,0,0,0,0,0,0,0,0,2,0,0,0,0,0,0,0,0,0,0,0,352,0
293.5,151,0,0,0,0,0,0,0,0,0,1,0,0,0,0,0,0,0,0,0,0,0,382,0
294.5,247,0,0,0,0,0,0,0,0,0,0,0,0,0,0,0,0,0,0,0,0,0,409,0
295.5,398,0,0,0,0,0,0,0,0,0,0,0,0,0,0,0,0,0,0,0,0,0,433,0
296.5,627,0,0,0,0,0,0,0,0,0,0,0,0,0,0,0,0,0,0,0,0,0,453,0
297.5,968,0,0,0,0,0,0,0,0,0,0,0,0,0,0,0,0,0,0,0,0,0,467,0
298.5,1463,0,0,0,0,0,0,0,0,0,0,0,0,0,0,0,0,0,0,0,0,0,476,0
299.5,2165,0,0,0,0,0,0,0,0,0,0,0,0,0,0,0,0,0,0,0,0,0,479,0
300.5,3138,0,0,0,0,0,0,0,0,0,0,0,0,0,0,0,0,0,0,0,0,0,476,0
301.5,4455,0,0,0,0,0,0,0,0,0,0,0,0,0,0,0,0,0,0,0,0,0,467,0
302.5,6194,0,0,0,0,0,0,0,0,0,0,0,0,0,0,0,0,0,0,0,0,0,452,0
303.5,8434,0,0,0,0,0,0,0,0,0,0,0,0,0,0,0,0,0,0,0,0,0,432,0
304.5,11248,0,0,0,0,0,0,0,0,0,0,0,0,0,0,0,0,0,0,0,0,0,407,0
305.5,14693,0,0,0,0,0,0,0,0,0,0,0,0,0,0,0,0,0,0,0,0,0,379,0
306.5,18800,0,0,0,0,0,0,0,0,0,0,0,0,0,0,0,0,0,0,0,0,0,348,0
307.5,23563,0,0,0,0,0,0,0,0,0,0,0,0,0,0,0,0,0,0,0,0,0,316,0
308.5,28931,0,0,0,0,0,0,0,0,0,0,0,0,0,0,0,0,0,0,0,0,0,283,0
309.5,34799,0,0,0,0,0,0,0,0,0,0,0,0,0,0,0,0,0,0,0,0,0,250,0
310.5,41006,0,0,0,0,0,0,0,0,0,0,0,0,0,0,0,0,0,0,0,0,0,218,0
311.5,47339,0,0,0,0,0,0,0,0,0,0,0,0,0,0,0,0,0,0,0,0,0,188,0
312.5,53546,0,0,0,0,0,0,0,0,0,0,0,0,0,0,0,0,0,0,0,0,0,159,0
313.5,59342,0,0,0,0,0,0,0,0,0,0,0,0,0,0,0,0,0,0,0,0,0,134,0
314.5,64439,0,0,0,0,0,0,0,0,0,0,0,0,0,0,0,0,0,0,0,0,0,111,0
315.5,68565,0,0,0,0,0,0,0,0,0,0,0,0,0,0,0,0,0,0,0,0,0,90,0
316.5,71490,0,0,0,0,0,0,0,0,0,0,0,0,0,0,0,0,0,0,0,0,0,73,0
317.5,73043,0,0,0,0,0,0,0,0,0,0,0,0,0,0,0,0,0,0,0,0,0,58,0
318.5,73133,0,0,0,0,0,0,0,0,0,0,0,0,0,0,0,0,0,0,0,0,0,46,0
319.5,71758,0,0,0,0,0,0,0,0,0,0,0,0,0,0,0,0,0,0,0,0,0,35,0
320.5,69000,0,0,0,0,0,0,0,0,0,0,0,0,0,0,0,2,0,0,0,0,0,27,0
321.5,65021,0,0,0,0,0,0,0,0,0,0,0,0,0,0,0,4,0,0,0,0,0,20,0
322.5,60048,0,0,0,0,0,0,0,0,0,0,0,0,0,0,0,9,0,0,0,0,0,15,0
323.5,54348,0,0,0,0,0,0,0,0,0,0,0,0,0,0,0,20,0,0,0,0,0,11,0
324.5,48206,0,0,0,0,0,0,0,0,0,0,0,0,0,0,0,42,0,0,0,0,0,8,0
325.5,41905,0,0,0,0,0,0,0,0,0,0,0,0,0,0,0,86,0,0,0,0,0,6,0
326.5,35700,0,0,0,0,0,0,0,0,0,0,0,0,0,0,0,172,0,0,0,0,0,4,0
327.5,29806,0,0,0,0,0,0,0,0,0,0,0,0,0,0,0,331,0,0,0,0,0,3,0
328.5,24387,0,0,0,0,0,0,0,0,0,0,0,0,0,0,0,617,0,0,0,0,0,2,0
329.5,19554,0,0,0,0,0,0,0,0,0,0,0,0,0,0,0,1110,0,0,0,0,0,1,0
330.5,15365,0,0,0,0,0,0,0,0,0,0,0,0,0,0,0,1929,0,0,0,0,0,0,0
331.5,11831,0,0,0,0,0,0,0,0,0,0,0,0,0,0,0,3239,0,0,0,0,0,0,0
332.5,8927,0,0,0,0,0,0,0,0,0,0,0,0,0,0,0,5253,0,0,0,0,0,0,0
333.5,6600,0,0,0,0,0,0,0,0,0,0,0,0,0,0,0,8229,0,0,0,0,0,0,0
334.5,4781,0,0,0,0,0,0,0,0,0,0,0,0,0,0,0,12449,0,0,0,0,0,0,0
335.5,3394,0,0,0,0,0,0,0,0,0,0,0,0,0,0,0,18187,0,0,0,0,0,0,0
336.5,2360,0,0,0,0,0,0,0,0,0,0,0,0,0,0,0,25656,0,0,0,0,0,0,0
337.5,1608,0,0,0,0,0,0,0,0,0,0,0,0,0,0,0,34942,0,0,0,0,0,0,0
338.5,1073,0,0,0,0,0,0,0,0,0,0,0,0,0,0,0,45944,0,0,0,0,0,0,0
339.5,702,0,0,0,0,0,0,0,0,0,0,0,0,0,0,0,58320,0,0,0,0,0,0,0
340.5,450,0,0,0,0,0,0,0,0,0,0,0,0,0,0,0,71462,0,0,0,0,0,0,0
341.5,282,0,0,0,0,0,0,0,0,0,0,0,0,0,0,0,84526,0,0,0,0,0,0,0
342.5,173,0,0,0,0,0,0,0,0,0,0,0,0,0,0,0,96506,0,0,0,0,0,0,0
343.5,104,0,0,0,0,0,0,0,0,0,0,0,0,0,0,0,106352,0,0,0,0,0,0,0
344.5,61,0,0,0,0,0,0,0,0,0,0,0,0,0,0,0,113126,0,0,0,0,0,0,0
345.5,35,0,0,0,0,0,0,0,0,0,0,0,0,0,0,0,116143,0,0,0,0,0,0,0
346.5,20,0,0,0,0,0,0,0,0,0,0,0,0,0,0,0,115089,0,0,0,0,0,0,0
347.5,11,0,0,0,0,0,0,0,0,0,0,0,0,0,0,0,110075,0,0,0,0,0,0,0
348.5,6,0,0,0,0,0,0,0,0,0,0,0,0,0,0,0,101615,0,0,0,0,0,0,0
349.5,3,0,0,0,0,0,0,0,0,0,0,0,0,0,0,0,90540,0,0,0,0,0,0,0
350.5,2,0,0,0,0,0,0,0,0,0,0,0,0,0,0,0,77866,0,0,0,0,0,0,0
351.5,0,0,0,0,0,0,0,0,0,0,0,0,0,0,0,0,64637,0,0,0,0,0,0,0
352.5,0,0,0,0,0,0,0,0,0,0,0,0,0,0,0,0,51792,0,0,0,0,0,0,0
353.5,0,0,0,0,0,0,0,0,0,0,0,0,0,0,0,0,40058,0,0,0,0,0,0,0
354.5,0,0,0,0,0,0,0,0,0,0,0,0,0,0,0,0,29908,0,0,0,0,0,0,0
355.5,0,0,0,0,0,0,0,0,0,0,0,0,0,0,0,0,21556,0,0,0,0,0,0,0
356.5,0,0,0,0,0,0,0,0,0,0,0,0,0,0,0,0,14999,0,0,0,0,0,0,0
357.5,0,0,0,0,0,0,0,0,0,0,0,0,0,0,0,0,10075,0,0,0,0,0,0,0
358.5,0,0,0,0,0,0,0,0,0,0,0,0,0,0,0,0,6534,0,0,0,0,0,0,0
359.5,0,0,0,0,0,0,0,0,0,0,0,0,0,0,0,0,4092,0,0,0,0,0,0,0
360.5,0,0,0,0,0,0,0,0,0,0,0,0,0,0,0,0,2474,0,0,0,0,0,0,0
361.5,0,0,0,0,0,0,0,0,0,0,0,0,0,0,0,0,1445,0,0,0,0,0,0,0
362.5,0,0,0,0,0,0,0,0,0,0,0,0,0,0,0,0,814,0,0,0,0,0,0,0
363.5,0,0,0,0,0,0,0,0,0,0,0,0,0,0,0,0,444,0,0,0,0,0,0,0
364.5,0,0,0,0,0,0,0,0,0,0,0,0,0,0,0,0,233,0,0,0,0,0,0,0
365.5,0,0,0,0,0,0,0,0,0,0,0,0,0,0,0,0,118,0,0,0,0,0,0,0
366.5,0,0,0,0,0,0,0,0,0,0,0,0,0,0,0,0,58,0,0,0,0,0,0,0
367.5,0,0,0,0,0,0,0,0,0,0,0,0,0,0,0,0,28,0,0,0,0,0,0,0
368.5,0,0,0,0,0,0,0,0,0,0,0,0,0,0,0,0,13,0,0,0,0,0,0,0
369.5,0,0,0,0,0,0,0,0,0,0,0,0,0,0,0,0,6,0,0,0,0,0,0,0
370.5,0,0,0,0,0,0,0,0,0,0,0,0,0,0,0,0,2,0,0,0,0,0,0,0
371.5,0,0,0,0,0,0,0,0,0,0,0,0,0,0,0,0,0,0,0,0,0,0,0,0
372.5,0,0,0,0,0,0,0,0,0,0,0,0,0,0,0,0,0,0,0,0,0,0,0,0
373.5,0,0,0,0,0,0,0,0,0,0,0,0,0,0,0,0,0,0,0,0,0,0,0,0
374.5,0,0,0,0,0,0,0,0,0,0,0,0,0,0,0,0,0,0,0,0,0,0,0,0
375.5,0,0,0,0,0,0,0,0,0,0,0,0,0,0,0,0,0,0,0,0,0,0,0,0
376.5,0,0,0,0,0,0,0,0,0,0,0,0,0,0,0,0,0,0,0,0,0,0,0,0
377.5,0,0,0,0,0,0,0,0,0,0,0,0,0,0,0,0,0,0,0,0,0,0,0,0
378.5,0,0,0,0,0,0,0,0,0,0,0,0,0,0,0,0,0,0,0,0,0,0,0,0
379.5,0,0,0,0,0,0,0,0,0,0,0,0,0,0,0,0,0,0,0,0,0,0,0,0
380.5,0,0,0,0,0,0,0,0,0,0,0,0,0,0,0,0,0,0,0,0,0,0,0,0
381.5,0,0,0,0,0,0,0,0,0,0,0,0,0,0,0,0,0,0,0,0,0,0,0,0
382.5,0,0,0,0,0,0,0,0,0,0,0,0,0,0,0,0,0,0,0,0,0,0,0,0
383.5,0,0,0,0,0,0,0,0,0,0,0,0,0,0,0,0,0,0,0,0,0,0,0,0
384.5,0,0,0,0,0,0,0,0,0,0,0,0,0,0,0,0,0,0,0,0,0,0,0,0
385.5,0,0,0,0,0,0,0,0,0,0,0,0,0,0,0,0,0,0,0,0,0,0,0,0
386.5,0,0,0,0,0,0,0,0,0,0,0,0,0,0,0,0,0,0,0,0,0,0,0,0
387.5,0,0,0,0,0,0,0,0,0,0,0,0,0,0,0,0,0,0,0,0,0,0,0,0
388.5,0,0,0,0,0,0,0,0,0,0,0,0,0,0,0,0,0,0,0,0,0,0,0,0
389.5,0,0,0,0,0,0,0,0,0,0,0,0,0,0,0,0,0,0,0,0,0,0,0,0
390.5,0,0,0,0,0,0,0,0,0,0,0,0,0,0,0,0,0,0,0,0,0,0,0,0
391.5,0,0,0,0,0,0,0,0,0,0,0,0,0,0,0,0,0,0,0,0,0,0,0,0
392.5,0,0,0,0,0,0,0,0,0,0,0,0,0,0,0,0,0,0,0,0,0,0,0,0
393.5,0,0,0,0,0,0,0,0,0,0,0,0,0,0,0,0,0,0,0,0,0,0,0,0
394.5,0,0,0,0,0,0,0,0,0,0,0,0,0,0,0,0,0,0,0,0,0,0,0,0
395.5,0,0,0,0,0,0,0,0,0,0,0,0,0,0,0,0,0,0,0,0,0,0,0,0
396.5,0,0,0,0,0,0,0,0,0,0,0,0,0,0,0,0,0,0,0,0,0,0,0,0
397.5,0,0,0,0,0,0,0,0,0,0,0,0,0,0,0,0,0,0,0,0,0,0,0,0
398.5,0,0,0,0,0,0,0,0,0,0,0,0,0,0,0,0,0,0,0,0,0,0,0,0
399.5,0,0,0,0,0,0,0,0,0,0,0,0,0,0,0,0,0,0,0,0,0,0,0,0
400.5,0,0,0,0,0,0,0,0,0,0,0,0,0,0,0,0,0,0,0,0,0,0,0,0
401.5,0,0,0,0,0,0,0,0,0,0,0,0,0,0,0,0,0,0,0,0,0,0,0,0
402.5,0,0,0,0,0,0,0,0,0,0,0,0,0,0,0,0,0,0,0,0,0,0,0,0
403.5,0,0,0,0,0,0,0,0,0,0,0,0,0,0,0,0,0,0,0,0,0,0,0,0
404.5,0,0,0,0,0,0,0,0,0,0,0,0,0,0,0,0,0,0,0,0,0,0,0,0
405.5,0,0,0,0,0,0,0,0,0,0,0,0,0,0,0,0,0,0,0,0,0,0,0,0
406.5,0,0,0,0,0,0,0,0,0,0,0,0,0,0,0,0,0,0,0,0,0,0,0,0
407.5,0,0,0,0,0,0,0,0,0,0,0,0,0,0,0,0,0,0,0,0,0,0,0,0
408.5,0,0,0,0,0,0,0,0,0,0,0,0,0,0,0,0,0,0,0,0,0,0,0,0
409.5,0,0,0,0,0,0,0,0,0,0,0,0,0,0,0,0,0,0,0,0,0,0,0,0
410.5,0,0,0,0,0,0,0,0,0,0,0,0,0,0,0,0,0,0,0,0,0,0,0,0
411.5,0,0,0,0,0,0,0,0,0,0,0,0,0,0,0,0,0,0,0,0,0,0,0,0
412.5,0,0,0,0,0,0,0,0,0,0,0,0,0,0,0,0,0,0,0,0,0,0,0,0
413.5,0,0,0,0,0,0,0,0,0,0,0,0,0,0,0,0,0,0,0,0,0,0,0,0
414.5,0,0,0,0,0,0,0,0,0,0,0,0,0,0,0,0,0,0,0,0,0,0,0,0
415.5,0,0,0,0,0,0,0,0,0,0,0,0,0,0,0,0,0,0,0,0,0,0,0,0
416.5,0,0,0,0,0,0,0,0,0,0,0,0,0,0,0,0,0,0,0,0,0,0,0,0
417.5,0,0,0,0,0,0,0,0,0,0,0,0,0,0,0,0,0,0,0,0,0,0,0,0
418.5,0,0,0,0,0,0,0,0,0,0,0,0,0,0,0,0,0,0,0,0,0,0,0,0
419.5,0,0,0,0,0,0,0,0,0,0,0,0,0,0,0,0,0,0,0,0,0,0,0,0
420.5,0,0,0,0,0,0,0,0,0,0,0,0,0,0,0,0,0,0,0,0,0,0,0,0
421.5,0,0,0,0,0,0,0,0,0,0,0,0,0,0,0,0,0,0,0,0,0,0,0,0
422.5,0,0,0,0,0,0,0,0,0,0,0,0,0,0,0,0,0,0,0,0,0,0,0,0
423.5,0,0,0,0,0,0,0,0,0,0,0,0,0,0,0,0,0,0,0,0,0,0,0,0
424.5,0,0,0,0,0,0,0,0,0,0,0,0,0,0,0,0,0,0,0,0,0,0,0,0
425.5,0,0,0,0,0,0,0,0,0,0,0,0,0,0,0,0,0,0,0,0,0,0,0,0
426.5,0,0,0,0,0,0,0,0,0,0,0,0,0,0,0,0,0,0,0,0,0,0,0,0
427.5,0,0,0,0,0,0,0,0,0,0,0,0,0,0,0,0,0,0,0,0,0,0,0,0
428.5,0,0,0,0,0,0,0,0,0,0,0,0,0,0,0,0,0,0,0,0,0,0,0,0
429.5,0,0,0,0,0,0,0,0,0,0,0,0,0,0,0,0,0,0,0,0,0,0,0,0
430.5,0,0,0,0,0,0,0,0,0,0,0,0,0,0,0,0,0,0,0,0,0,0,0,0
431.5,0,0,0,0,0,0,0,0,0,0,0,0,0,0,0,0,0,0,0,0,0,0,0,0
432.5,0,0,0,0,0,0,0,0,0,0,0,0,0,0,0,0,0,0,0,0,0,0,0,0
433.5,0,0,0,0,0,0,0,0,0,0,0,0,0,0,0,0,0,0,0,0,0,0,0,0
434.5,0,0,0,0,0,0,0,0,0,0,0,0,0,0,0,0,0,0,0,0,0,0,0,0
435.5,0,0,0,0,0,0,0,0,0,0,0,0,0,0,0,0,0,0,0,0,0,0,0,0
436.5,0,0,0,0,0,0,0,0,0,0,0,0,0,0,0,0,0,0,0,0,0,0,0,0
437.5,0,0,0,0,0,0,0,0,0,0,0,0,0,0,0,0,0,0,0,0,0,0,0,0
438.5,0,0,0,0,0,0,0,0,0,0,0,0,0,0,0,0,0,0,0,0,0,0,0,0
439.5,0,0,0,0,0,0,0,0,0,0,0,0,0,0,0,0,0,0,0,0,0,0,0,0
440.5,0,0,0,0,0,0,0,0,0,0,0,0,0,0,0,0,0,0,0,0,0,0,0,0
441.5,0,0,0,0,0,0,0,0,0,0,0,0,0,0,0,0,0,0,0,0,0,0,0,0
442.5,0,0,0,0,0,0,0,0,0,0,0,0,0,0,0,0,0,0,0,0,0,0,0,0
443.5,0,0,0,0,0,0,0,0,0,0,0,0,0,0,0,0,0,0,0,0,0,0,0,0
444.5,0,0,0,0,0,0,0,0,0,0,0,0,0,0,0,0,0,0,0,0,0,0,0,0
445.5,0,0,0,0,0,0,0,0,0,0,0,0,0,0,0,0,0,0,0,0,0,0,0,0
446.5,0,0,0,0,0,0,0,0,0,0,0,0,0,0,0,0,0,0,0,0,0,0,0,0
447.5,0,0,0,0,0,0,0,0,0,0,0,0,0,0,0,0,0,0,0,0,0,0,0,0
448.5,0,0,0,0,0,0,0,0,0,0,0,0,0,0,0,0,0,0,0,0,0,0,0,0
449.5,0,0,0,0,0,0,0,0,0,0,0,0,0,0,0,0,0,0,0,0,0,0,0,0
450.5,0,0,0,0,0,0,0,0,0,0,0,0,0,0,0,0,0,0,0,0,0,0,0,0
451.5,0,0,0,0,0,0,0,0,0,0,0,0,0,0,0,0,0,0,0,0,0,0,0,0
452.5,0,0,0,0,0,0,0,0,0,0,0,0,0,0,0,0,0,0,0,0,0,0,0,0
453.5,0,0,0,0,0,0,0,0,0,0,0,0,0,0,0,0,0,0,0,0,0,0,0,0
454.5,0,0,0,0,0,0,0,0,0,0,0,0,0,0,0,0,0,0,0,0,0,0,0,0
455.5,0,0,0,0,0,0,0,0,0,0,0,0,0,0,0,0,0,0,0,0,0,0,0,0
456.5,0,0,0,0,0,0,0,0,0,0,0,0,0,0,0,0,0,0,0,0,0,0,0,0
457.5,0,0,0,0,0,0,0,0,0,0,0,0,0,0,0,0,0,0,0,0,0,0,0,0
458.5,0,0,0,0,0,0,0,0,0,0,0,0,0,0,0,0,0,0,0,0,0,0,0,0
459.5,0,0,0,0,0,0,0,0,0,0,0,0,0,0,0,0,0,0,0,0,0,0,0,0
460.5,0,0,0,0,0,0,0,0,0,0,0,0,0,0,0,0,0,0,0,0,0,0,0,0
461.5,0,0,0,0,0,0,0,0,0,0,0,0,0,0,0,0,0,0,0,0,0,0,0,0
462.5,0,0,0,0,0,0,0,0,0,0,0,0,0,0,0,0,0,0,0,0,0,0,0,0
463.5,0,0,0,0,0,0,0,0,0,0,0,0,0,0,0,0,0,0,0,0,0,0,0,0
464.5,0,0,0,0,0,0,0,0,0,0,0,0,0,0,0,0,0,0,0,0,0,0,0,0
465.5,0,0,0,0,0,0,0,0,0,0,0,0,0,0,0,0,0,0,0,0,0,0,0,0
466.5,0,0,0,0,0,0,0,0,0,0,0,0,0,0,0,0,0,0,0,0,0,0,0,0
467.5,0,0,0,0,0,0,0,0,0,0,0,0,0,0,0,0,0,0,0,0,0,0,0,0
468.5,0,0,0,0,0,0,0,0,0,0,0,0,0,0,0,0,0,0,0,0,0,0,0,0
469.5,0,0,0,0,0,0,0,0,0,0,0,0,0,0,0,0,0,0,0,0,0,0,0,0
470.5,0,0,0,0,0,0,0,0,0,0,0,0,0,0,0,0,0,0,0,0,0,0,0,0
471.5,0,0,0,0,0,0,0,0,0,0,0,0,0,0,0,0,0,0,0,0,0,0,0,0
472.5,0,0,0,0,0,0,0,0,0,0,0,0,0,0,0,0,0,0,0,0,0,0,0,0
473.5,0,0,0,0,0,0,0,0,0,0,0,0,0,0,0,0,0,0,0,0,0,0,0,0
474.5,0,0,0,0,0,0,0,0,0,0,0,0,0,0,0,0,0,0,0,0,0,0,0,0
475.5,0,0,0,0,0,0,0,0,0,0,0,0,0,0,0,0,0,0,0,0,0,0,0,0
476.5,0,0,0,0,0,0,0,0,0,0,0,0,0,0,0,0,0,0,0,0,0,0,0,0
477.5,0,0,0,0,0,0,0,0,0,0,0,0,0,0,0,0,0,0,0,0,0,0,0,0
478.5,0,0,0,0,0,0,0,0,0,0,0,0,0,0,0,0,0,0,0,0,0,0,0,0
479.5,0,0,0,0,0,0,0,0,0,0,0,0,0,0,0,0,0,0,0,0,0,0,0,0
480.5,0,0,0,0,0,0,0,0,0,0,0,0,0,0,0,0,0,0,0,0,0,0,0,0
481.5,0,0,0,0,0,0,0,0,0,0,0,0,0,0,0,0,0,0,0,0,0,0,0,0
482.5,0,0,0,0,0,0,0,0,0,0,0,0,0,0,0,0,0,0,0,0,0,0,0,0
483.5,0,0,0,0,0,0,0,0,0,0,0,0,0,0,0,0,0,0,0,0,0,0,0,0
484.5,0,0,0,0,0,0,0,0,0,0,0,0,0,0,0,0,0,0,0,0,0,0,0,0
485.5,0,0,0,0,0,0,0,0,0,0,0,0,0,0,0,0,0,0,0,0,0,0,0,0
486.5,0,0,0,0,0,0,0,0,0,0,0,0,0,0,0,0,0,0,0,0,0,0,0,0
487.5,0,0,0,0,0,0,0,0,0,0,0,0,0,0,0,0,0,0,0,0,0,0,0,0
488.5,0,0,0,0,0,0,0,0,0,0,0,0,0,0,0,0,0,0,0,0,0,0,0,0
489.5,0,0,0,0,0,0,0,0,0,0,0,0,0,0,0,0,0,0,0,0,0,0,0,0
490.5,0,0,0,0,0,0,0,0,0,0,0,0,0,0,0,0,0,0,0,0,0,0,0,0
491.5,0,0,0,0,0,0,0,0,0,0,0,0,0,0,0,0,0,0,0,0,0,0,0,0
492.5,0,0,0,0,0,0,0,0,0,0,0,0,0,0,0,0,0,0,0,0,0,0,0,0
493.5,0,0,0,0,0,0,0,0,0,0,0,0,0,0,0,0,0,0,0,0,0,0,0,0
494.5,0,0,0,0,0,0,0,0,0,0,0,0,0,0,0,0,0,0,0,0,0,0,0,0
495.5,0,0,0,0,0,0,0,0,0,0,0,0,0,0,0,0,0,0,0,0,0,0,0,0
496.5,0,0,0,0,0,0,0,0,0,0,0,0,0,0,0,0,0,0,0,0,0,0,0,0
497.5,0,0,0,0,0,0,0,0,0,0,0,0,0,0,0,0,0,0,0,0,0,0,0,0
498.5,0,0,0,0,0,0,0,0,0,0,0,0,0,0,0,0,0,0,0,0,0,0,0,0
499.5,0,0,0,0,0,0,0,0,0,0,0,0,0,0,0,0,0,0,0,0,0,0,0,0
500.5,0,0,0,0,0,0,0,0,0,0,0,0,0,0,0,0,0,0,0,0,0,0,0,0
501.5,0,0,0,0,0,0,0,0,0,0,0,0,0,0,0,0,0,0,0,0,0,0,0,0
502.5,0,0,0,0,0,0,0,0,0,0,0,0,0,0,0,0,0,0,0,0,0,0,0,0
503.5,0,0,0,0,0,0,0,0,0,0,0,0,0,0,0,0,0,0,0,0,0,0,0,0
504.5,0,0,0,0,0,0,0,0,0,0,0,0,0,0,0,0,0,0,0,0,0,0,0,0
505.5,0,0,0,0,0,0,0,0,0,0,0,0,0,0,0,0,0,0,0,0,0,0,0,0
506.5,0,0,0,0,0,0,0,0,0,0,0,0,0,0,0,0,0,0,0,0,0,0,0,0
507.5,0,0,0,0,0,0,0,0,0,0,0,0,0,0,0,0,0,0,0,0,0,0,0,0
508.5,0,0,0,0,0,0,0,0,0,0,0,0,0,0,0,0,0,0,0,0,0,0,0,0
509.5,0,0,0,0,0,0,0,0,0,0,0,0,0,0,0,0,0,0,0,0,0,0,0,0
510.5,0,0,0,0,0,0,0,0,0,0,0,0,0,0,0,0,0,0,0,0,0,0,0,0
511.5,0,0,0,0,0,0,0,0,0,0,0,0,0,0,0,0,0,0,0,0,0,0,0,0
512.5,0,0,0,0,0,0,0,0,0,0,0,0,0,0,0,0,0,0,0,0,0,0,0,0
513.5,0,0,0,0,0,0,0,0,0,0,0,0,0,0,0,0,0,0,0,0,0,0,0,0
514.5,0,0,0,0,0,0,0,0,0,0,0,0,0,0,0,0,0,0,0,0,0,0,0,0
515.5,0,0,0,0,0,0,0,0,0,0,0,0,0,0,0,0,0,0,0,0,0,0,0,0
516.5,0,0,0,0,0,0,0,0,0,0,0,0,0,0,0,0,0,0,0,0,0,0,0,0
517.5,0,0,0,0,0,0,0,0,0,0,0,0,0,0,0,0,0,0,0,0,0,0,0,0
518.5,0,0,0,0,0,0,0,0,0,0,0,0,0,0,0,0,0,0,0,0,0,0,0,0
519.5,0,0,0,0,0,0,0,0,0,0,0,0,0,0,0,0,0,0,0,0,0,0,0,0
520.5,0,0,0,0,0,0,0,0,0,0,0,0,0,0,0,0,0,0,0,0,0,0,0,0
521.5,0,0,0,0,0,0,0,0,0,0,0,0,0,0,0,0,0,0,0,0,0,0,0,0
522.5,0,0,0,0,0,0,0,0,0,0,0,0,0,0,0,0,0,0,0,0,0,0,0,0
523.5,0,0,0,0,0,0,0,0,0,0,0,0,0,0,0,0,0,0,0,0,0,0,0,0
524.5,0,0,0,0,0,0,0,0,0,0,0,0,0,0,0,0,0,0,0,0,0,0,0,0
525.5,0,0,0,0,0,0,0,0,0,0,0,0,0,0,0,0,0,0,0,0,0,0,0,0
526.5,0,0,0,0,0,0,0,0,0,0,0,0,0,0,0,0,0,0,0,0,0,0,0,0
527.5,0,0,0,0,0,0,0,0,0,0,0,0,0,0,0,0,0,0,0,0,0,0,0,0
528.5,0,0,0,0,0,0,0,0,0,0,0,0,0,0,0,0,0,0,0,0,0,0,0,0
529.5,0,0,0,0,0,0,0,0,0,0,0,0,0,0,0,0,0,0,0,0,0,0,0,0
530.5,0,0,0,0,0,0,0,0,0,0,0,0,0,0,0,0,0,0,0,0,0,0,0,0
531.5,0,0,0,0,0,0,0,0,0,0,0,0,0,0,0,0,0,0,0,0,0,0,0,0
532.5,0,0,0,0,0,0,0,0,0,0,0,0,0,0,0,0,0,0,0,0,0,0,0,0
533.5,0,0,0,0,0,0,0,0,0,0,0,0,0,0,0,0,0,0,0,0,0,0,0,0
534.5,0,0,0,0,0,0,0,0,0,0,0,0,0,0,0,0,0,0,0,0,0,0,0,0
535.5,0,0,0,0,0,0,0,0,0,0,0,0,0,0,0,0,0,0,0,0,0,0,0,0
536.5,0,0,0,0,0,0,0,0,0,0,0,0,0,0,0,0,0,0,0,0,0,0,0,0
537.5,0,0,0,0,0,0,0,0,0,0,0,0,0,0,0,0,0,0,0,0,0,0,0,0
538.5,0,0,0,0,0,0,0,0,0,0,0,0,0,0,0,0,0,0,0,0,0,0,0,0
539.5,0,0,0,0,0,0,0,0,0,0,0,0,0,0,0,0,0,0,0,0,0,0,0,0
540.5,0,0,0,0,0,0,0,0,0,0,0,0,0,0,0,0,0,0,0,0,0,0,0,0
541.5,0,0,0,0,0,0,0,0,0,0,0,0,0,0,0,0,0,0,0,0,0,0,0,0
542.5,0,0,0,0,0,0,0,0,0,0,0,0,0,0,0,0,0,0,0,0,0,0,0,0
543.5,0,0,0,0,0,0,0,0,0,0,0,0,0,0,0,0,0,0,0,0,0,0,0,0
544.5,0,0,0,0,0,0,0,0,0,0,0,0,0,0,0,0,0,0,0,0,0,0,0,0
545.5,0,0,0,0,0,0,0,0,0,0,0,0,0,0,0,0,0,0,0,0,0,0,0,0
546.5,0,0,0,0,0,0,0,0,0,0,0,0,0,0,0,0,0,0,0,0,0,0,0,0
547.5,0,0,0,0,0,0,0,0,0,0,0,0,0,0,0,0,0,0,0,0,0,0,0,0
548.5,0,0,0,0,0,0,0,0,0,0,0,0,0,0,0,0,0,0,0,0,0,0,0,0
549.5,0,0,0,0,0,0,0,0,0,0,0,0,0,0,0,0,0,0,0,0,0,0,0,0
550.5,0,0,0,0,0,0,0,0,0,0,0,0,0,0,0,0,0,0,0,0,0,0,0,0
551.5,0,0,0,0,0,0,0,0,0,0,0,0,0,0,0,0,0,0,0,0,0,0,0,0
552.5,0,0,0,0,0,0,0,0,0,0,0,0,0,0,0,0,0,0,0,0,0,0,0,0
553.5,0,0,0,0,0,0,0,0,0,0,0,0,0,0,0,0,0,0,0,0,0,0,0,0
554.5,0,0,0,0,0,0,0,0,0,0,0,0,0,0,0,0,0,0,0,0,0,0,0,0
555.5,0,0,0,0,0,0,0,0,0,0,0,0,0,0,0,0,0,0,0,0,0,0,0,0
556.5,0,0,0,0,0,0,0,0,0,0,0,0,0,0,0,0,0,0,0,0,0,0,0,0
557.5,0,0,0,0,0,0,0,0,0,0,0,0,0,0,0,0,0,0,0,0,0,0,0,0
558.5,0,0,0,0,0,0,0,0,0,0,0,0,0,0,0,0,0,0,0,0,0,0,0,0
559.5,0,0,0,0,0,0,0,0,0,0,0,0,0,0,0,0,0,0,0,0,0,0,0,0
560.5,0,0,0,0,0,0,0,0,0,0,0,0,0,0,0,0,0,0,0,0,0,0,0,0
561.5,0,0,0,0,0,0,0,0,0,0,0,0,0,0,0,0,0,0,0,0,0,0,0,0
562.5,0,0,0,0,0,0,0,0,0,0,0,0,0,0,0,0,0,0,0,0,0,0,0,0
563.5,0,0,0,0,0,0,0,0,0,0,0,0,0,0,0,0,0,0,0,0,0,0,0,0
564.5,0,0,0,0,0,0,0,0,0,0,0,0,0,0,0,0,0,0,0,0,0,0,0,0
565.5,0,0,0,0,0,0,0,0,0,0,0,0,0,0,0,0,0,0,0,0,0,0,0,0
566.5,0,0,0,0,0,0,0,0,0,0,0,0,0,0,0,0,0,0,0,0,0,0,0,0
567.5,0,0,0,0,0,0,0,0,0,0,0,0,0,0,0,0,0,0,0,0,0,0,0,0
568.5,0,0,0,0,0,0,0,0,0,0,0,0,0,0,0,0,0,0,0,0,0,0,0,0
569.5,0,0,0,0,0,0,0,0,0,0,0,0,0,0,0,0,0,0,0,0,0,0,0,0
570.5,0,0,0,0,0,0,0,0,0,0,0,0,0,0,0,0,0,0,0,0,0,0,0,0
571.5,0,0,0,0,0,0,0,0,0,0,0,0,0,0,0,0,0,0,0,0,0,0,0,0
572.5,0,0,0,0,0,0,0,0,0,0,0,0,0,0,0,0,0,0,0,0,0,0,0,0
573.5,0,0,0,0,0,0,0,0,0,0,0,0,0,0,0,0,0,0,0,0,0,0,0,0
574.5,0,0,0,0,0,0,0,0,0,0,0,0,0,0,0,0,0,0,0,0,0,0,0,0
575.5,0,0,0,0,0,0,0,0,0,0,0,0,0,0,0,0,0,0,0,0,0,0,0,0
576.5,0,0,0,0,0,0,0,0,0,0,0,0,0,0,0,0,0,0,0,0,0,0,0,0
577.5,0,0,0,0,0,0,0,0,0,0,0,0,0,0,0,0,0,0,0,0,0,0,0,0
578.5,0,0,0,0,0,0,0,0,0,0,0,0,0,0,0,0,0,0,0,0,0,0,0,0
579.5,0,0,0,0,0,0,0,0,0,0,0,0,0,0,0,0,0,0,0,0,0,0,0,0
580.5,0,0,0,0,0,0,0,0,0,0,0,0,0,0,0,0,0,0,0,0,0,0,0,0
581.5,0,0,0,0,0,0,0,0,0,0,0,0,0,0,0,0,0,0,0,0,0,0,0,0
582.5,0,0,0,0,0,0,0,0,0,0,0,0,0,0,0,0,0,0,0,0,0,0,0,0
583.5,0,0,0,0,0,0,0,0,0,0,0,0,0,0,0,0,0,0,0,0,0,0,0,0
584.5,0,0,0,0,0,0,0,0,0,0,0,0,0,0,0,0,0,0,0,0,0,0,0,0
585.5,0,0,0,0,0,0,0,0,0,0,0,0,0,0,0,0,0,0,0,0,0,0,0,0
586.5,0,0,0,0,0,0,0,0,0,0,0,0,0,0,0,0,0,0,0,0,0,0,0,0
587.5,0,0,0,0,0,0,0,0,0,0,0,0,0,0,0,0,0,0,0,0,0,0,0,0
588.5,0,0,0,0,0,0,0,0,0,0,0,0,0,0,0,0,0,0,0,0,0,0,0,0
589.5,0,0,0,0,0,0,0,0,0,0,0,0,0,0,0,0,0,0,0,0,0,0,0,0
590.5,0,0,0,0,0,0,0,0,0,0,0,0,0,0,0,0,0,0,0,0,0,0,0,0
591.5,0,0,0,0,0,0,0,0,0,0,0,0,0,0,0,0,0,0,0,0,0,0,0,0
592.5,0,0,0,0,0,0,0,0,0,0,0,0,0,0,0,0,0,0,0,0,0,0,0,0
593.5,0,0,0,0,0,0,0,0,0,0,0,0,0,0,0,0,0,0,0,0,0,0,0,0
594.5,0,0,0,0,0,0,0,0,0,0,0,0,0,0,0,0,0,0,0,0,0,0,0,0
595.5,0,0,0,0,0,0,0,0,0,0,0,0,0,0,0,0,0,0,0,0,0,0,0,0
596.5,0,0,0,0,0,0,0,0,0,0,0,0,0,0,0,0,0,0,0,0,0,0,0,0
597.5,0,0,0,0,0,0,0,0,0,0,0,0,0,0,0,0,0,0,0,0,0,0,0,0
598.5,0,0,0,0,0,0,0,0,0,0,0,0,0,0,0,0,0,0,0,0,0,0,0,0
599.5,0,0,0,0,0,0,0,0,0,0,0,0,0,0,0,0,0,0,0,0,0,0,0,0
600.5,0,0,0,0,0,0,0,0,0,0,0,0,0,0,0,0,0,0,0,0,0,0,0,0
601.5,0,0,0,0,0,0,0,0,0,0,0,0,0,0,0,0,0,0,0,0,0,0,0,0
602.5,0,0,0,0,0,0,0,0,0,0,0,0,0,0,0,0,0,0,0,0,0,0,0,0
603.5,0,0,0,0,0,0,0,0,0,0,0,0,0,0,0,0,0,0,0,0,0,0,0,0
604.5,0,0,0,0,0,0,0,0,0,0,0,0,0,0,0,0,0,0,0,0,0,0,0,0
605.5,0,0,0,0,0,0,0,0,0,0,0,0,0,0,0,0,0,0,0,0,0,0,0,0
606.5,0,0,0,0,0,0,0,0,0,0,0,0,0,0,0,0,0,0,0,0,0,0,0,0
607.5,0,0,0,0,0,0,0,0,0,0,0,0,0,0,0,0,0,0,0,0,0,0,0,0
608.5,0,0,0,0,0,0,0,0,0,0,0,0,0,0,0,0,0,0,0,0,0,0,0,0
609.5,0,0,0,0,0,0,0,0,0,0,0,0,0,0,0,0,0,0,0,0,0,0,0,0
610.5,0,0,0,0,0,0,0,0,0,0,0,0,0,0,0,0,0,0,0,0,0,0,0,0
611.5,0,0,0,0,0,0,0,0,0,0,0,0,0,0,0,0,0,0,0,0,0,0,0,0
612.5,0,0,0,0,0,0,0,0,0,0,0,0,0,0,0,0,0,0,0,0,0,0,0,0
613.5,0,0,0,0,0,0,0,0,0,0,0,0,0,0,0,0,0,0,0,0,0,0,0,0
614.5,0,0,0,0,0,0,0,0,0,0,0,0,0,0,0,0,0,0,0,0,0,0,0,0
615.5,0,0,0,0,0,0,0,0,0,0,0,0,0,0,0,0,0,0,0,0,0,0,0,0
616.5,0,0,0,0,0,0,0,0,0,0,0,0,0,0,0,0,0,0,0,0,0,0,0,0
617.5,0,0,0,0,0,0,0,0,0,0,0,0,0,0,0,0,0,0,0,0,0,0,0,0
618.5,0,0,0,0,0,0,0,0,0,0,0,0,0,0,0,0,0,0,0,0,0,0,0,0
619.5,0,0,0,0,0,0,0,0,0,0,0,0,0,0,0,0,0,0,0,0,0,0,0,0
620.5,0,0,0,0,0,0,0,0,0,0,0,0,0,0,0,0,0,0,0,0,0,0,0,0
621.5,0,0,0,0,0,0,0,0,0,0,0,0,0,0,0,0,0,0,0,0,0,0,0,0
622.5,0,0,0,0,0,0,0,0,0,0,0,0,0,0,0,0,0,0,0,0,0,0,0,0
623.5,0,0,0,0,0,0,0,0,0,0,0,0,0,0,0,0,0,0,0,0,0,0,0,0
624.5,0,0,0,0,0,0,0,0,0,0,0,0,0,0,0,0,0,0,0,0,0,0,0,0
625.5,0,0,0,0,0,0,0,0,0,0,0,0,0,0,0,0,0,0,0,0,0,0,0,0
626.5,0,0,0,0,0,0,0,0,0,0,0,0,0,0,0,0,0,0,0,0,0,0,0,0
627.5,0,0,0,0,0,0,0,0,0,0,0,0,0,0,0,0,0,0,0,0,0,0,0,0
628.5,0,0,0,0,0,0,0,0,0,0,0,0,0,0,0,0,0,0,0,0,0,0,0,0
629.5,0,0,0,0,0,0,0,0,0,0,0,0,0,0,0,0,0,0,0,0,0,0,0,0
630.5,0,0,0,0,0,0,0,0,0,0,0,0,0,0,0,0,0,0,0,0,0,0,0,0
631.5,0,0,0,0,0,0,0,0,0,0,0,0,0,0,0,0,0,0,0,0,0,0,0,0
632.5,0,0,0,0,0,0,0,0,0,0,0,0,0,0,0,0,0,0,0,0,0,0,0,0
633.5,0,0,0,0,0,0,0,0,0,0,0,0,0,0,0,0,0,0,0,0,0,0,0,0
634.5,0,0,0,0,0,0,0,0,0,0,0,0,0,0,0,0,0,0,0,0,0,0,0,0
635.5,0,0,0,0,0,0,0,0,0,0,0,0,0,0,0,0,0,0,0,0,0,0,0,0
636.5,0,0,0,0,0,0,0,0,0,0,0,0,0,0,0,0,0,0,0,0,0,0,0,0
637.5,0,0,0,0,0,0,0,0,0,0,0,0,0,0,0,0,0,0,0,0,0,0,0,0
638.5,0,0,0,0,0,0,0,0,0,0,0,0,0,0,0,0,0,0,0,0,0,0,0,0
639.5,0,0,0,0,0,0,0,0,0,0,0,0,0,0,0,0,0,0,0,0,0,0,0,0
640.5,0,0,0,0,0,0,0,0,0,0,0,0,0,0,0,0,0,0,0,0,0,0,0,0
641.5,0,0,0,0,0,0,0,0,0,0,0,0,0,0,0,0,0,0,0,0,0,0,0,0
642.5,0,0,0,0,0,0,0,0,0,0,0,0,0,0,0,0,0,0,0,0,0,0,0,0
643.5,0,0,0,0,0,0,0,0,0,0,0,0,0,0,0,0,0,0,0,0,0,0,0,0
644.5,0,0,0,0,0,0,0,0,0,0,0,0,0,0,0,0,0,0,0,0,0,0,0,0
645.5,0,0,0,0,0,0,0,0,0,0,0,0,0,0,0,0,0,0,0,0,0,0,0,0
646.5,0,0,0,0,0,0,0,0,0,0,0,0,0,0,0,0,0,0,0,0,0,0,0,0
647.5,0,0,0,0,0,0,0,0,0,0,0,0,0,0,0,0,0,0,0,0,0,0,0,0
648.5,0,0,0,0,0,0,0,0,0,0,0,0,0,0,0,0,0,0,0,0,0,0,0,0
649.5,0,0,0,0,0,0,0,0,0,0,0,0,0,0,0,0,0,0,0,0,0,0,0,0
650.5,0,0,0,0,0,0,0,0,0,0,0,0,0,0,0,0,0,0,0,0,0,0,0,0
651.5,0,0,0,0,0,0,0,0,0,0,0,0,0,0,0,0,0,0,0,0,0,0,0,0
652.5,0,0,0,0,0,0,0,0,0,0,0,0,0,0,0,0,0,0,0,0,0,0,0,0
653.5,0,0,0,0,0,0,0,0,0,0,0,0,0,0,0,0,0,0,0,0,0,0,0,0
654.5,0,0,0,0,0,0,0,0,0,0,0,0,0,0,0,0,0,0,0,0,0,0,0,0
655.5,0,0,0,0,0,0,0,0,0,0,0,0,0,0,0,0,0,0,0,0,0,0,0,0
656.5,0,0,0,0,0,0,0,0,0,0,0,0,0,0,0,0,0,0,0,0,0,0,0,0
657.5,0,0,0,0,0,0,0,0,0,0,0,0,0,0,0,0,0,0,0,0,0,0,0,0
658.5,0,0,0,0,0,0,0,0,0,0,0,0,0,0,0,0,0,0,0,0,0,0,0,0
659.5,0,0,0,0,0,0,0,0,0,0,0,0,0,0,0,0,0,0,0,0,0,0,0,0
660.5,0,0,0,0,0,0,0,0,0,0,0,0,0,0,0,0,0,0,0,0,0,0,0,0
661.5,0,0,0,0,0,0,0,0,0,0,0,0,0,0,0,0,0,0,0,0,0,0,0,0
662.5,0,0,0,0,0,0,0,0,0,0,0,0,0,0,0,0,0,0,0,0,0,0,0,0
663.5,0,0,0,0,0,0,0,0,0,0,0,0,0,0,0,0,0,0,0,0,0,0,0,0
664.5,0,0,0,0,0,0,0,0,0,0,0,0,0,0,0,0,0,0,0,0,0,0,0,0
665.5,0,0,0,0,0,0,0,0,0,0,0,0,0,0,0,0,0,0,0,0,0,0,0,0
666.5,0,0,0,0,0,0,0,0,0,0,0,0,0,0,0,0,0,0,0,0,0,0,0,0
667.5,0,0,0,0,0,0,0,0,0,0,0,0,0,0,0,0,0,0,0,0,0,0,0,0
668.5,0,0,0,0,0,0,0,0,0,0,0,0,0,0,0,0,0,0,0,0,0,0,0,0
669.5,0,0,0,0,0,0,0,0,0,0,0,0,0,0,0,0,0,0,0,0,0,0,0,0
670.5,0,0,0,0,0,0,0,0,0,0,0,0,0,0,0,0,0,0,0,0,0,0,0,0
671.5,0,0,0,0,0,0,0,0,0,0,0,0,0,0,0,0,0,0,0,0,0,0,0,0
672.5,0,0,0,0,0,0,0,0,0,0,0,0,0,0,0,0,0,0,0,0,0,0,0,0
673.5,0,0,0,0,0,0,0,0,0,0,0,0,0,0,0,0,0,0,0,0,0,0,0,0
674.5,0,0,0,0,0,0,0,0,0,0,0,0,0,0,0,0,0,0,0,0,0,0,0,0
675.5,0,0,0,0,0,0,0,0,0,0,0,0,0,0,0,0,0,0,0,0,0,0,0,0
676.5,0,0,0,0,0,0,0,0,0,0,0,0,0,0,0,0,0,0,0,0,0,0,0,0
677.5,0,0,0,0,0,0,0,0,0,0,0,0,0,0,0,0,0,0,0,0,0,0,0,0
678.5,0,0,0,0,0,0,0,0,0,0,0,0,0,0,0,0,0,0,0,0,0,0,0,0
679.5,0,0,0,0,0,0,0,0,0,0,0,0,0,0,0,0,0,0,0,0,0,0,0,0
680.5,0,0,0,0,0,0,0,0,0,0,0,0,0,0,0,0,0,0,0,0,0,0,0,0
681.5,0,0,0,0,0,0,0,0,0,0,0,0,0,0,0,0,0,0,0,0,0,0,0,0
682.5,0,0,0,0,0,0,0,0,0,0,0,0,0,0,0,0,0,0,0,0,0,0,0,0
683.5,0,0,0,0,0,0,0,0,0,0,0,0,0,0,0,0,0,0,0,0,0,0,0,0
684.5,0,0,0,0,0,0,0,0,0,0,0,0,0,0,0,0,0,0,0,0,0,0,0,0
685.5,0,0,0,0,0,0,0,0,0,0,0,0,0,0,0,0,0,0,0,0,0,0,0,0
686.5,0,0,0,0,0,0,0,0,0,0,0,0,0,0,0,0,0,0,0,0,0,0,0,0
687.5,0,0,0,0,0,0,0,0,0,0,0,0,0,0,0,0,0,0,0,0,0,0,0,0
688.5,0,0,0,0,0,0,0,0,0,0,0,0,0,0,0,0,0,0,0,0,0,0,0,0
689.5,0,0,0,0,0,0,0,0,0,0,0,0,0,0,0,0,0,0,0,0,0,0,0,0
690.5,0,0,0,0,0,0,0,0,0,0,0,0,0,0,0,0,0,0,0,0,0,0,0,0
691.5,0,0,0,0,0,0,0,0,0,0,0,0,0,0,0,0,0,0,0,0,0,0,0,0
692.5,0,0,0,0,0,0,0,0,0,0,0,0,0,0,0,0,0,0,0,0,0,0,0,0
693.5,0,0,0,0,0,0,0,0,0,0,0,0,0,0,0,0,0,0,0,0,0,0,0,0
694.5,0,0,0,0,0,0,0,0,0,0,0,0,0,0,0,0,0,0,0,0,0,0,0,0
695.5,0,0,0,0,0,0,0,0,0,0,0,0,0,0,0,0,0,0,0,0,0,0,0,0
696.5,0,0,0,0,0,0,0,0,0,0,0,0,0,0,0,0,0,0,0,0,0,0,0,0
697.5,0,0,0,0,0,0,0,0,0,0,0,0,0,0,0,0,0,0,0,0,0,0,0,0
698.5,0,0,0,0,0,0,0,0,0,0,0,0,0,0,0,0,0,0,0,0,0,0,0,0
699.5,0,0,0,0,0,0,0,0,0,0,0,0,0,0,0,0,0,0,0,0,0,0,0,0
700.5,0,0,0,0,0,0,0,0,0,0,0,0,0,0,0,0,0,0,0,0,0,0,0,0
701.5,0,0,0,0,0,0,0,0,0,0,0,0,0,0,0,0,0,0,0,0,0,0,0,0
702.5,0,0,0,0,0,0,0,0,0,0,0,0,0,0,0,0,0,0,0,0,0,0,0,0
703.5,0,0,0,0,0,0,0,0,0,0,0,0,0,0,0,0,0,0,0,0,0,0,0,0
704.5,0,0,0,0,0,0,0,0,0,0,0,0,0,0,0,0,0,0,0,0,0,0,0,0
705.5,0,0,0,0,0,0,0,0,0,0,0,0,0,0,0,0,0,0,0,0,0,0,0,0
706.5,0,0,0,0,0,0,0,0,0,0,0,0,0,0,0,0,0,0,0,0,0,0,0,0
707.5,0,0,0,0,0,0,0,0,0,0,0,0,0,0,0,0,0,0,0,0,0,0,0,0
708.5,0,0,0,0,0,0,0,0,0,0,0,0,0,0,0,0,0,0,0,0,0,0,0,0
709.5,0,0,0,0,0,0,0,0,0,0,0,0,0,0,0,0,0,0,0,0,0,0,0,0
710.5,0,0,0,0,0,0,0,0,0,0,0,0,0,0,0,0,0,0,0,0,0,0,0,0
711.5,0,0,0,0,0,0,0,0,0,0,0,0,0,0,0,0,0,0,0,0,0,0,0,0
712.5,0,0,0,0,0,0,0,0,0,0,0,0,0,0,0,0,0,0,0,0,0,0,0,0
713.5,0,0,0,0,0,0,0,0,0,0,0,0,0,0,0,0,0,0,0,0,0,0,0,0
714.5,0,0,0,0,0,0,0,0,0,0,0,0,0,0,0,0,0,0,0,0,0,0,0,0
715.5,0,0,0,0,0,0,0,0,0,0,0,0,0,0,0,0,0,0,0,0,0,0,0,0
716.5,0,0,0,0,0,0,0,0,0,0,0,0,0,0,0,0,0,0,0,0,0,0,0,0
717.5,0,0,0,0,0,0,0,0,0,0,0,0,0,0,0,0,0,0,0,0,0,0,0,0
718.5,0,0,0,0,0,0,0,0,0,0,0,0,0,0,0,0,0,0,0,0,0,0,0,0
719.5,0,0,0,0,0,0,0,0,0,0,0,0,0,0,0,0,0,0,0,0,0,0,0,0
720.5,0,0,0,0,0,0,0,0,0,0,0,0,0,0,0,0,0,0,0,0,0,0,0,0
721.5,0,0,0,0,0,0,0,0,0,0,0,0,0,0,0,0,0,0,0,0,0,0,0,0
722.5,0,0,0,0,0,0,0,0,0,0,0,0,0,0,0,0,0,0,0,0,0,0,0,0
723.5,0,0,0,0,0,0,0,0,0,0,0,0,0,0,0,0,0,0,0,0,0,0,0,0
724.5,0,0,0,0,0,0,0,0,0,0,0,0,0,0,0,0,0,0,0,0,0,0,0,0
725.5,0,0,0,0,0,0,0,0,0,0,0,0,0,0,0,0,0,0,0,0,0,0,0,0
726.5,0,0,0,0,0,0,0,0,0,0,0,0,0,0,0,0,0,0,0,0,0,0,0,0
727.5,0,0,0,0,0,0,0,0,0,0,0,0,0,0,0,0,0,0,0,0,0,0,0,0
728.5,0,0,0,0,0,0,0,0,0,0,0,0,0,0,0,0,0,0,0,0,0,0,0,0
729.5,0,0,0,0,0,0,0,0,0,0,0,0,0,0,0,0,0,0,0,0,0,0,0,0
730.5,0,0,0,0,0,0,0,0,0,0,0,0,0,0,0,0,0,0,0,0,0,0,0,0
731.5,0,0,0,0,0,0,0,0,0,0,0,0,0,0,0,0,0,0,0,0,0,0,0,0
732.5,0,0,0,0,0,0,0,0,0,0,0,0,0,0,0,0,0,0,0,0,0,0,0,0
733.5,0,0,0,0,0,0,0,0,0,0,0,0,0,0,0,0,0,0,0,0,0,0,0,0
734.5,0,0,0,0,0,0,0,0,0,0,0,0,0,0,0,0,0,0,0,0,0,0,0,0
735.5,0,0,0,0,0,0,0,0,0,0,0,0,0,0,0,0,0,0,0,0,0,0,0,0
736.5,0,0,0,0,0,0,0,0,0,0,0,0,0,0,0,0,0,0,0,0,0,0,0,0
737.5,0,0,0,0,0,0,0,0,0,0,0,0,0,0,0,0,0,0,0,0,0,0,0,0
738.5,0,0,0,0,0,0,0,0,0,0,0,0,0,0,0,0,0,0,0,0,0,0,0,0
739.5,0,0,0,0,0,0,0,0,0,0,0,0,0,0,0,0,0,0,0,0,0,0,0,0
740.5,0,0,0,0,0,0,0,0,0,0,0,0,0,0,0,0,0,0,0,0,0,0,0,0
741.5,0,0,0,0,0,0,0,0,0,0,0,0,0,0,0,0,0,0,0,0,0,0,0,0
742.5,0,0,0,0,0,0,0,0,0,0,0,0,0,0,0,0,0,0,0,0,0,0,0,0
743.5,0,0,0,0,0,0,0,0,0,0,0,0,0,0,0,0,0,0,0,0,0,0,0,0
744.5,0,0,0,0,0,0,0,0,0,0,0,0,0,0,0,0,0,0,0,0,0,0,0,0
745.5,0,0,0,0,0,0,0,0,0,0,0,0,0,0,0,0,0,0,0,0,0,0,0,0
746.5,0,0,0,0,0,0,0,0,0,0,0,0,0,0,0,0,0,0,0,0,0,0,0,0
747.5,0,0,0,0,0,0,0,0,0,0,0,0,0,0,0,0,0,0,0,0,0,0,0,0
748.5,0,0,0,0,0,0,0,0,0,0,0,0,0,0,0,0,0,0,0,0,0,0,0,0
749.5,0,0,0,0,0,0,0,0,0,0,0,0,0,0,0,0,0,0,0,0,0,0,0,0
750.5,0,0,0,0,0,0,0,0,0,0,0,0,0,0,0,0,0,0,0,0,0,0,0,0
751.5,0,0,0,0,0,0,0,0,0,0,0,0,0,0,0,0,0,0,0,0,0,0,0,0
752.5,0,0,0,0,0,0,0,0,0,0,0,0,0,0,0,0,0,0,0,0,0,0,0,0
753.5,0,0,0,0,0,0,0,0,0,0,0,0,0,0,0,0,0,0,0,0,0,0,0,0
754.5,0,0,0,0,0,0,0,0,0,0,0,0,0,0,0,0,0,0,0,0,0,0,0,0
755.5,0,0,0,0,0,0,0,0,0,0,0,0,0,0,0,0,0,0,0,0,0,0,0,0
756.5,0,0,0,0,0,0,0,0,0,0,0,0,0,0,0,0,0,0,0,0,0,0,0,0
757.5,0,0,0,0,0,0,0,0,0,0,0,0,0,0,0,0,0,0,0,0,0,0,0,0
758.5,0,0,0,0,0,0,0,0,0,0,0,0,0,0,0,0,0,0,0,0,0,0,0,0
759.5,0,0,0,0,0,0,0,0,0,0,0,0,0,0,0,0,0,0,0,0,0,0,0,0
760.5,0,0,0,0,0,0,0,0,0,0,0,0,0,0,0,0,0,0,0,0,0,0,0,0
761.5,0,0,0,0,0,0,0,0,0,0,0,0,0,0,0,0,0,0,0,0,0,0,0,0
762.5,0,0,0,0,0,0,0,0,0,0,0,0,0,0,0,0,0,0,0,0,0,0,0,0
763.5,0,0,0,0,0,0,0,0,0,0,0,0,0,0,0,0,0,0,0,0,0,0,0,0
764.5,0,0,0,0,0,0,0,0,0,0,0,0,0,0,0,0,0,0,0,0,0,0,0,0
765.5,0,0,0,0,0,0,0,0,0,0,0,0,0,0,0,0,0,0,0,0,0,0,0,0
766.5,0,0,0,0,0,0,0,0,0,0,0,0,0,0,0,0,0,0,0,0,0,0,0,0
767.5,0,0,0,0,0,0,0,0,0,0,0,0,0,0,0,0,0,0,0,0,0,0,0,0
768.5,0,0,0,0,0,0,0,0,0,0,0,0,0,0,0,0,0,0,0,0,0,0,0,0
769.5,0,0,0,0,0,0,0,0,0,0,0,0,0,0,0,0,0,0,0,0,0,0,0,0
770.5,0,0,0,0,0,0,0,0,0,0,0,0,0,0,0,0,0,0,0,0,0,0,0,0
771.5,0,0,0,0,0,0,0,0,0,0,0,0,0,0,0,0,0,0,0,0,0,0,0,0
772.5,0,0,0,0,0,0,0,0,0,0,0,0,0,0,0,0,0,0,0,0,0,0,0,0
773.5,0,0,0,0,0,0,0,0,0,0,0,0,0,0,0,0,0,0,0,0,0,0,0,0
774.5,0,0,0,0,0,0,0,0,0,0,0,0,0,0,0,0,0,0,0,0,0,0,0,0
775.5,0,0,0,0,0,0,0,0,0,0,0,0,0,0,0,0,0,0,0,0,0,0,0,0
776.5,0,0,0,0,0,0,0,0,0,0,0,0,0,0,0,0,0,0,0,0,0,0,0,0
777.5,0,0,0,0,0,0,0,0,0,0,0,0,0,0,0,0,0,0,0,0,0,0,0,0
778.5,0,0,0,0,0,0,0,0,0,0,0,0,0,0,0,0,0,0,0,0,0,0,0,0
779.5,0,0,0,0,0,0,0,0,0,0,0,0,0,0,0,0,0,0,0,0,0,0,0,0
780.5,0,0,0,0,0,0,0,0,0,0,0,0,0,0,0,0,0,0,0,0,0,0,0,0
781.5,0,0,0,0,0,0,0,0,0,0,0,0,0,0,0,0,0,0,0,0,0,0,0,0
782.5,0,0,0,0,0,0,0,0,0,0,0,0,0,0,0,0,0,0,0,0,0,0,0,0
783.5,0,0,0,0,0,0,0,0,0,0,0,0,0,0,0,0,0,0,0,0,0,0,0,0
784.5,0,0,0,0,0,0,0,0,0,0,0,0,0,0,0,0,0,0,0,0,0,0,0,0
785.5,0,0,0,0,0,0,0,0,0,0,0,0,0,0,0,0,0,0,0,0,0,0,0,0
786.5,0,0,0,0,0,0,0,0,0,0,0,0,0,0,0,0,0,0,0,0,0,0,0,0
787.5,0,0,0,0,0,0,0,0,0,0,0,0,0,0,0,0,0,0,0,0,0,0,0,0
788.5,0,0,0,0,0,0,0,0,0,0,0,0,0,0,0,0,0,0,0,0,0,0,0,0
789.5,0,0,0,0,0,0,0,0,0,0,0,0,0,0,0,0,0,0,0,0,0,0,0,0
790.5,0,0,0,0,0,0,0,0,0,0,0,0,0,0,0,0,0,0,0,0,0,0,0,0
791.5,0,0,0,0,0,0,0,0,0,0,0,0,0,0,0,0,0,0,0,0,0,0,0,0
792.5,0,0,0,0,0,0,0,0,0,0,0,0,0,0,0,0,0,0,0,0,0,0,0,0
793.5,0,0,0,0,0,0,0,0,0,0,0,0,0,0,0,0,0,0,0,0,0,0,0,0
794.5,0,0,0,0,0,0,0,0,0,0,0,0,0,0,0,0,0,0,0,0,0,0,0,0
795.5,0,0,0,0,0,0,0,0,0,0,0,0,0,0,0,0,0,0,0,0,0,0,0,0
796.5,0,0,0,0,0,0,0,0,0,0,0,0,0,0,0,0,0,0,0,0,0,0,0,0
797.5,0,0,0,0,0,0,0,0,0,0,0,0,0,0,0,0,0,0,0,0,0,0,0,0
798.5,0,0,0,0,0,0,0,0,0,0,0,0,0,0,0,0,0,0,0,0,0,0,0,0
799.5,0,0,0,0,0,0,0,0,0,0,0,0,0,0,0,0,0,0,0,0,0,0,0,0
800.5,0,0,0,0,0,0,0,0,0,0,0,0,0,0,0,0,0,0,0,0,0,0,0,0
801.5,0,0,0,0,0,0,0,0,0,0,0,0,0,0,0,0,0,0,0,0,0,0,0,0
802.5,0,0,0,0,0,0,0,0,0,0,0,0,0,0,0,0,0,0,0,0,0,0,0,0
803.5,0,0,0,0,0,0,0,0,0,0,0,0,0,0,0,0,0,0,0,0,0,0,0,0
804.5,0,0,0,0,0,0,0,0,0,0,0,0,0,0,0,0,0,0,0,0,0,0,0,0
805.5,0,0,0,0,0,0,0,0,0,0,0,0,0,0,0,0,0,0,0,0,0,0,0,0
806.5,0,0,0,0,0,0,0,0,0,0,0,0,0,0,0,0,0,0,0,0,0,0,0,0
807.5,0,0,0,0,0,0,0,0,0,0,0,0,0,0,0,0,0,0,0,0,0,0,0,0
808.5,0,0,0,0,0,0,0,0,0,0,0,0,0,0,0,0,0,0,0,0,0,0,0,0
809.5,0,0,0,0,0,0,0,0,0,0,0,0,0,0,0,0,0,0,0,0,0,0,0,0
810.5,0,0,0,0,0,0,0,0,0,0,0,0,0,0,0,0,0,0,0,0,0,0,0,0
811.5,0,0,0,0,0,0,0,0,0,0,0,0,0,0,0,0,0,0,0,0,0,0,0,0
812.5,0,0,0,0,0,0,0,0,0,0,0,0,0,0,0,0,0,0,0,0,0,0,0,0
813.5,0,0,0,0,0,0,0,0,0,0,0,0,0,0,0,0,0,0,0,0,0,0,0,0
814.5,0,0,0,0,0,0,0,0,0,0,0,0,0,0,0,0,0,0,0,0,0,0,0,0
815.5,0,0,0,0,0,0,0,0,0,0,0,0,0,0,0,0,0,0,0,0,0,0,0,0
816.5,0,0,0,0,0,0,0,0,0,0,0,0,0,0,0,0,0,0,0,0,0,0,0,0
817.5,0,0,0,0,0,0,0,0,0,0,0,0,0,0,0,0,0,0,0,0,0,0,0,0
818.5,0,0,0,0,0,0,0,0,0,0,0,0,0,0,0,0,0,0,0,0,0,0,0,0
819.5,0,0,0,0,0,0,0,0,0,0,0,0,0,0,0,0,0,0,0,0,0,0,0,0
820.5,0,0,0,0,0,0,0,0,0,0,0,0,0,0,0,0,0,0,0,0,0,0,0,0
821.5,0,0,0,0,0,0,0,0,0,0,0,0,0,0,0,0,0,0,0,0,0,0,0,0
822.5,0,0,0,0,0,0,0,0,0,0,0,0,0,0,0,0,0,0,0,0,0,0,0,0
823.5,0,0,0,0,0,0,0,0,0,0,0,0,0,0,0,0,0,0,0,0,0,0,0,0
824.5,0,0,0,0,0,0,0,0,0,0,0,0,0,0,0,0,0,0,0,0,0,0,0,0
825.5,0,0,0,0,0,0,0,0,0,0,0,0,0,0,0,0,0,0,0,0,0,0,0,0
826.5,0,0,0,0,0,0,0,0,0,0,0,0,0,0,0,0,0,0,0,0,0,0,0,0
827.5,0,0,0,0,0,0,0,0,0,0,0,0,0,0,0,0,0,0,0,0,0,0,0,0
828.5,0,0,0,0,0,0,0,0,0,0,0,0,0,0,0,0,0,0,0,0,0,0,0,0
829.5,0,0,0,0,0,0,0,0,0,0,0,0,0,0,0,0,0,0,0,0,0,0,0,0
830.5,0,0,0,0,0,0,0,0,0,0,0,0,0,0,0,0,0,0,0,0,0,0,0,0
831.5,0,0,0,0,0,0,0,0,0,0,0,0,0,0,0,0,0,0,0,0,0,0,0,0
832.5,0,0,0,0,0,0,0,0,0,0,0,0,0,0,0,0,0,0,0,0,0,0,0,0
833.5,0,0,0,0,0,0,0,0,0,0,0,0,0,0,0,0,0,0,0,0,0,0,0,0
834.5,0,0,0,0,0,0,0,0,0,0,0,0,0,0,0,0,0,0,0,0,0,0,0,0
835.5,0,0,0,0,0,0,0,0,0,0,0,0,0,0,0,0,0,0,0,0,0,0,0,0
836.5,0,0,0,0,0,0,0,0,0,0,0,0,0,0,0,0,0,0,0,0,0,0,0,0
837.5,0,0,0,0,0,0,0,0,0,0,0,0,0,0,0,0,0,0,0,0,0,0,0,0
838.5,0,0,0,0,0,0,0,0,0,0,0,0,0,0,0,0,0,0,0,0,0,0,0,0
839.5,0,0,0,0,0,0,0,0,0,0,0,0,0,0,0,0,0,0,0,0,0,0,0,0
840.5,0,0,0,0,0,0,0,0,0,0,0,0,0,0,0,0,0,0,0,0,0,0,0,0
841.5,0,0,0,0,0,0,0,0,0,0,0,0,0,0,0,0,0,0,0,0,0,0,0,0
842.5,0,0,0,0,0,0,0,0,0,0,0,0,0,0,0,0,0,0,0,0,0,0,0,0
843.5,0,0,0,0,0,0,0,0,0,0,0,0,0,0,0,0,0,0,0,0,0,0,0,0
844.5,0,0,0,0,0,0,0,0,0,0,0,0,0,0,0,0,0,0,0,0,0,0,0,0
845.5,0,0,0,0,0,0,0,0,0,0,0,0,0,0,0,0,0,0,0,0,0,0,0,0
846.5,0,0,0,0,0,0,0,0,0,0,0,0,0,0,0,0,0,0,0,0,0,0,0,0
847.5,0,0,0,0,0,0,0,0,0,0,0,0,0,0,0,0,0,0,0,0,0,0,0,0
848.5,0,0,0,0,0,0,0,0,0,0,0,0,0,0,0,0,0,0,0,0,0,0,0,0
849.5,0,0,0,0,0,0,0,0,0,0,0,0,0,0,0,0,0,0,0,0,0,0,0,0
850.5,0,0,0,0,0,0,0,0,0,0,0,0,0,0,0,0,0,0,0,0,0,0,0,0
851.5,0,0,0,0,0,0,0,0,0,0,0,0,0,0,0,0,0,0,0,0,0,0,0,0
852.5,0,0,0,0,0,0,0,0,0,0,0,0,0,0,0,0,0,0,0,0,0,0,0,0
853.5,0,0,0,0,0,0,0,0,0,0,0,0,0,0,0,0,0,0,0,0,0,0,0,0
854.5,0,0,0,0,0,0,0,0,0,0,0,0,0,0,0,0,0,0,0,0,0,0,0,0
855.5,0,0,0,0,0,0,0,0,0,0,0,0,0,0,0,0,0,0,0,0,0,0,0,0
856.5,0,0,0,0,0,0,0,0,0,0,0,0,0,0,0,0,0,0,0,0,0,0,0,0
857.5,0,0,0,0,0,0,0,0,0,0,0,0,0,0,0,0,0,0,0,0,0,0,0,0
858.5,0,0,0,0,0,0,0,0,0,0,0,0,0,0,0,0,0,0,0,0,0,0,0,0
859.5,0,0,0,0,0,0,0,0,0,0,0,0,0,0,0,0,0,0,0,0,0,0,0,0
860.5,0,0,0,0,0,0,0,0,0,0,0,0,0,0,0,0,0,0,0,0,0,0,0,0
861.5,0,0,0,0,0,0,0,0,0,0,0,0,0,0,0,0,0,0,0,0,0,0,0,0
862.5,0,0,0,0,0,0,0,0,0,0,0,0,0,0,0,0,0,0,0,0,0,0,0,0
863.5,0,0,0,0,0,0,0,0,0,0,0,0,0,0,0,0,0,0,0,0,0,0,0,0
864.5,0,0,0,0,0,0,0,0,0,0,0,0,0,0,0,0,0,0,0,0,0,0,0,0
865.5,0,0,0,0,0,0,0,0,0,0,0,0,0,0,0,0,0,0,0,0,0,0,0,0
866.5,0,0,0,0,0,0,0,0,0,0,0,0,0,0,0,0,0,0,0,0,0,0,0,0
867.5,0,0,0,0,0,0,0,0,0,0,0,0,0,0,0,0,0,0,0,0,0,0,0,0
868.5,0,0,0,0,0,0,0,0,0,0,0,0,0,0,0,0,0,0,0,0,0,0,0,0
869.5,0,0,0,0,0,0,0,0,0,0,0,0,0,0,0,0,0,0,0,0,0,0,0,0
870.5,0,0,0,0,0,0,0,0,0,0,0,0,0,0,0,0,0,0,0,0,0,0,0,0
871.5,0,0,0,0,0,0,0,0,0,0,0,0,0,0,0,0,0,0,0,0,0,0,0,0
872.5,0,0,0,0,0,0,0,0,0,0,0,0,0,0,0,0,0,0,0,0,0,0,0,0
873.5,0,0,0,0,0,0,0,0,0,0,0,0,0,0,0,0,0,0,0,0,0,0,0,0
874.5,0,0,0,0,0,0,0,0,0,0,0,0,0,0,0,0,0,0,0,0,0,0,0,0
875.5,0,0,0,0,0,0,0,0,0,0,0,0,0,0,0,0,0,0,0,0,0,0,0,0
876.5,0,0,0,0,0,0,0,0,0,0,0,0,0,0,0,0,0,0,0,0,0,0,0,0
877.5,0,0,0,0,0,0,0,0,0,0,0,0,0,0,0,0,0,0,0,0,0,0,0,0
878.5,0,0,0,0,0,0,0,0,0,0,0,0,0,0,0,0,0,0,0,0,0,0,0,0
879.5,0,0,0,0,0,0,0,0,0,0,0,0,0,0,0,0,0,0,0,0,0,0,0,0
880.5,0,0,0,0,0,0,0,0,0,0,0,0,0,0,0,0,0,0,0,0,0,0,0,0
881.5,0,0,0,0,0,0,0,0,0,0,0,0,0,0,0,0,0,0,0,0,0,0,0,0
882.5,0,0,0,0,0,0,0,0,0,0,0,0,0,0,0,0,0,0,0,0,0,0,0,0
883.5,0,0,0,0,0,0,0,0,0,0,0,0,0,0,0,0,0,0,0,0,0,0,0,0
884.5,0,0,0,0,0,0,0,0,0,0,0,0,0,0,0,0,0,0,0,0,0,0,0,0
885.5,0,0,0,0,0,0,0,0,0,0,0,0,0,0,0,0,0,0,0,0,0,0,0,0
886.5,0,0,0,0,0,0,0,0,0,0,0,0,0,0,0,0,0,0,0,0,0,0,0,0
887.5,0,0,0,0,0,0,0,0,0,0,0,0,0,0,0,0,0,0,0,0,0,0,0,0
888.5,0,0,0,0,0,0,0,0,0,0,0,0,0,0,0,0,0,0,0,0,0,0,0,0
889.5,0,0,0,0,0,0,0,0,0,0,0,0,0,0,0,0,0,0,0,0,0,0,0,0
890.5,0,0,0,0,0,0,0,0,0,0,0,0,0,0,0,0,0,0,0,0,0,0,0,0
891.5,0,0,0,0,0,0,0,0,0,0,0,0,0,0,0,0,0,0,0,0,0,0,0,0
892.5,0,0,0,0,0,0,0,0,0,0,0,0,0,0,0,0,0,0,0,0,0,0,0,0
893.5,0,0,0,0,0,0,0,0,0,0,0,0,0,0,0,0,0,0,0,0,0,0,0,0
894.5,0,0,0,0,0,0,0,0,0,0,0,0,0,0,0,0,0,0,0,0,0,0,0,0
895.5,0,0,0,0,0,0,0,0,0,0,0,0,0,0,0,0,0,0,0,0,0,0,0,0
896.5,0,0,0,0,0,0,0,0,0,0,0,0,0,0,0,0,0,0,0,0,0,0,0,0
897.5,0,0,0,0,0,0,0,0,0,0,0,0,0,0,0,0,0,0,0,0,0,0,0,0
898.5,0,0,0,0,0,0,0,0,0,0,0,0,0,0,0,0,0,0,0,0,0,0,0,0
899.5,0,0,0,0,0,0,0,0,0,0,0,0,0,0,0,0,0,0,0,0,0,0,0,0
900.5,0,0,0,0,0,0,0,0,0,0,0,0,0,0,0,0,0,0,0,0,0,0,0,0
901.5,0,0,0,0,0,0,0,0,0,0,0,0,0,0,0,0,0,0,0,0,0,0,0,0
902.5,0,0,0,0,0,0,0,0,0,0,0,0,0,0,0,0,0,0,0,0,0,0,0,0
903.5,0,0,0,0,0,0,0,0,0,0,0,0,0,0,0,0,0,0,0,0,0,0,0,0
904.5,0,0,0,0,0,0,0,0,0,0,0,0,0,0,0,0,0,0,0,0,0,0,0,0
905.5,0,0,0,0,0,0,0,0,0,0,0,0,0,0,0,0,0,0,0,0,0,0,0,0
906.5,0,0,0,0,0,0,0,0,0,0,0,0,0,0,0,0,0,0,0,0,0,0,0,0
907.5,0,0,0,0,0,0,0,0,0,0,0,0,0,0,0,0,0,0,0,0,0,0,0,0
908.5,0,0,0,0,0,0,0,0,0,0,0,0,0,0,0,0,0,0,0,0,0,0,0,0
909.5,0,0,0,0,0,0,0,0,0,0,0,0,0,0,0,0,0,0,0,0,0,0,0,0
910.5,0,0,0,0,0,0,0,0,0,0,0,0,0,0,0,0,0,0,0,0,0,0,0,0
911.5,0,0,0,0,0,0,0,0,0,0,0,0,0,0,0,0,0,0,0,0,0,0,0,0
912.5,0,0,0,0,0,0,0,0,0,0,0,0,0,0,0,0,0,0,0,0,0,0,0,0
913.5,0,0,0,0,0,0,0,0,0,0,0,0,0,0,0,0,0,0,0,0,0,0,0,0
914.5,0,0,0,0,0,0,0,0,0,0,0,0,0,0,0,0,0,0,0,0,0,0,0,0
915.5,0,0,0,0,0,0,0,0,0,0,0,0,0,0,0,0,0,0,0,0,0,0,0,0
916.5,0,0,0,0,0,0,0,0,0,0,0,0,0,0,0,0,0,0,0,0,0,0,0,0
917.5,0,0,0,0,0,0,0,0,0,0,0,0,0,0,0,0,0,0,0,0,0,0,0,0
918.5,0,0,0,0,0,0,0,0,0,0,0,0,0,0,0,0,0,0,0,0,0,0,0,0
919.5,0,0,0,0,0,0,0,0,0,0,0,0,0,0,0,0,0,0,0,0,0,0,0,0
920.5,0,0,0,0,0,0,0,0,0,0,0,0,0,0,0,0,0,0,0,0,0,0,0,0
921.5,0,0,0,0,0,0,0,0,0,0,0,0,0,0,0,0,0,0,0,0,0,0,0,0
922.5,0,0,0,0,0,0,0,0,0,0,0,0,0,0,0,0,0,0,0,0,0,0,0,0
923.5,0,0,0,0,0,0,0,0,0,0,0,0,0,0,0,0,0,0,0,0,0,0,0,0
924.5,0,0,0,0,0,0,0,0,0,0,0,0,0,0,0,0,0,0,0,0,0,0,0,0
925.5,0,0,0,0,0,0,0,0,0,0,0,0,0,0,0,0,0,0,0,0,0,0,0,0
926.5,0,0,0,0,0,0,0,0,0,0,0,0,0,0,0,0,0,0,0,0,0,0,0,0
927.5,0,0,0,0,0,0,0,0,0,0,0,0,0,0,0,0,0,0,0,0,0,0,0,0
928.5,0,0,0,0,0,0,0,0,0,0,0,0,0,0,0,0,0,0,0,0,0,0,0,0
929.5,0,0,0,0,0,0,0,0,0,0,0,0,0,0,0,0,0,0,0,0,0,0,0,0
930.5,0,0,0,0,0,0,0,0,0,0,0,0,0,0,0,0,0,0,0,0,0,0,0,0
931.5,0,0,0,0,0,0,0,0,0,0,0,0,0,0,0,0,0,0,0,0,0,0,0,0
932.5,0,0,0,0,0,0,0,0,0,0,0,0,0,0,0,0,0,0,0,0,0,0,0,0
933.5,0,0,0,0,0,0,0,0,0,0,0,0,0,0,0,0,0,0,0,0,0,0,0,0
934.5,0,0,0,0,0,0,0,0,0,0,0,0,0,0,0,0,0,0,0,0,0,0,0,0
935.5,0,0,0,0,0,0,0,0,0,0,0,0,0,0,0,0,0,0,0,0,0,0,0,0
936.5,0,0,0,0,0,0,0,0,0,0,0,0,0,0,0,0,0,0,0,0,0,0,0,0
937.5,0,0,0,0,0,0,0,0,0,0,0,0,0,0,0,0,0,0,0,0,0,0,0,0
938.5,0,0,0,0,0,0,0,0,0,0,0,0,0,0,0,0,0,0,0,0,0,0,0,0
939.5,0,0,0,0,0,0,0,0,0,0,0,0,0,0,0,0,0,0,0,0,0,0,0,0
940.5,0,0,0,0,0,0,0,0,0,0,0,0,0,0,0,0,0,0,0,0,0,0,0,0
941.5,0,0,0,0,0,0,0,0,0,0,0,0,0,0,0,0,0,0,0,0,0,0,0,0
942.5,0,0,0,0,0,0,0,0,0,0,0,0,0,0,0,0,0,0,0,0,0,0,0,0
943.5,0,0,0,0,0,0,0,0,0,0,0,0,0,0,0,0,0,0,0,0,0,0,0,0
944.5,0,0,0,0,0,0,0,0,0,0,0,0,0,0,0,0,0,0,0,0,0,0,0,0
945.5,0,0,0,0,0,0,0,0,0,0,0,0,0,0,0,0,0,0,0,0,0,0,0,0
946.5,0,0,0,0,0,0,0,0,0,0,0,0,0,0,0,0,0,0,0,0,0,0,0,0
947.5,0,0,0,0,0,0,0,0,0,0,0,0,0,0,0,0,0,0,0,0,0,0,0,0
948.5,0,0,0,0,0,0,0,0,0,0,0,0,0,0,0,0,0,0,0,0,0,0,0,0
949.5,0,0,0,0,0,0,0,0,0,0,0,0,0,0,0,0,0,0,0,0,0,0,0,0
950.5,0,0,0,0,0,0,0,0,0,0,0,0,0,0,0,0,0,0,0,0,0,0,0,0
951.5,0,0,0,0,0,0,0,0,0,0,0,0,0,0,0,0,0,0,0,0,0,0,0,0
952.5,0,0,0,0,0,0,0,0,0,0,0,0,0,0,0,0,0,0,0,0,0,0,0,0
953.5,0,0,0,0,0,0,0,0,0,0,0,0,0,0,0,0,0,0,0,0,0,0,0,0
954.5,0,0,0,0,0,0,0,0,0,0,0,0,0,0,0,0,0,0,0,0,0,0,0,0
955.5,0,0,0,0,0,0,0,0,0,0,0,0,0,0,0,0,0,0,0,0,0,0,0,0
956.5,0,0,0,0,0,0,0,0,0,0,0,0,0,0,0,0,0,0,0,0,0,0,0,0
957.5,0,0,0,0,0,0,0,0,0,0,0,0,0,0,0,0,0,0,0,0,0,0,0,0
958.5,0,0,0,0,0,0,0,0,0,0,0,0,0,0,0,0,0,0,0,0,0,0,0,0
959.5,0,0,0,0,0,0,0,0,0,0,0,0,0,0,0,0,0,0,0,0,0,0,0,0
960.5,0,0,0,0,0,0,0,0,0,0,0,0,0,0,0,0,0,0,0,0,0,0,0,0
961.5,0,0,0,0,0,0,0,0,0,0,0,0,0,0,0,0,0,0,0,0,0,0,0,0
962.5,0,0,0,0,0,0,0,0,0,0,0,0,0,0,0,0,0,0,0,0,0,0,0,0
963.5,0,0,0,0,0,0,0,0,0,0,0,0,0,0,0,0,0,0,0,0,0,0,0,0
964.5,0,0,0,0,0,0,0,0,0,0,0,0,0,0,0,0,0,0,0,0,0,0,0,0
965.5,0,0,0,0,0,0,0,0,0,0,0,0,0,0,0,0,0,0,0,0,0,0,0,0
966.5,0,0,0,0,0,0,0,0,0,0,0,0,0,0,0,0,0,0,0,0,0,0,0,0
967.5,0,0,0,0,0,0,0,0,0,0,0,0,0,0,0,0,0,0,0,0,0,0,0,0
968.5,0,0,0,0,0,0,0,0,0,0,0,0,0,0,0,0,0,0,0,0,0,0,0,0
969.5,0,0,0,0,0,0,0,0,0,0,0,0,0,0,0,0,0,0,0,0,0,0,0,0
970.5,0,0,0,0,0,0,0,0,0,0,0,0,0,0,0,0,0,0,0,0,0,0,0,0
971.5,0,0,0,0,0,0,0,0,0,0,0,0,0,0,0,0,0,0,0,0,0,0,0,0
972.5,0,0,0,0,0,0,0,0,0,0,0,0,0,0,0,0,0,0,0,0,0,0,0,0
973.5,0,0,0,0,0,0,0,0,0,0,0,0,0,0,0,0,0,0,0,0,0,0,0,0
974.5,0,0,0,0,0,0,0,0,0,0,0,0,0,0,0,0,0,0,0,0,0,0,0,0
975.5,0,0,0,0,0,0,0,0,0,0,0,0,0,0,0,0,0,0,0,0,0,0,0,0
976.5,0,0,0,0,0,0,0,0,0,0,0,0,0,0,0,0,0,0,0,0,0,0,0,0
977.5,0,0,0,0,0,0,0,0,0,0,0,0,0,0,0,0,0,0,0,0,0,0,0,0
978.5,0,0,0,0,0,0,0,0,0,0,0,0,0,0,0,0,0,0,0,0,0,0,0,0
979.5,0,0,0,0,0,0,0,0,0,0,0,0,0,0,0,0,0,0,0,0,0,0,0,0
980.5,0,0,0,0,0,0,0,0,0,0,0,0,0,0,0,0,0,0,0,0,0,0,0,0
981.5,0,0,0,0,0,0,0,0,0,0,0,0,0,0,0,0,0,0,0,0,0,0,0,0
982.5,0,0,0,0,0,0,0,0,0,0,0,0,0,0,0,0,0,0,0,0,0,0,0,0
983.5,0,0,0,0,0,0,0,0,0,0,0,0,0,0,0,0,0,0,0,0,0,0,0,0
984.5,0,0,0,0,0,0,0,0,0,0,0,0,0,0,0,0,0,0,0,0,0,0,0,0
985.5,0,0,0,0,0,0,0,0,0,0,0,0,0,0,0,0,0,0,0,0,0,0,0,0
986.5,0,0,0,0,0,0,0,0,0,0,0,0,0,0,0,0,0,0,0,0,0,0,0,0
987.5,0,0,0,0,0,0,0,0,0,0,0,0,0,0,0,0,0,0,0,0,0,0,0,0
988.5,0,0,0,0,0,0,0,0,0,0,0,0,0,0,0,0,0,0,0,0,0,0,0,0
989.5,0,0,0,0,0,0,0,0,0,0,0,0,0,0,0,0,0,0,0,0,0,0,0,0
990.5,0,0,0,0,0,0,0,0,0,0,0,0,0,0,0,0,0,0,0,0,0,0,0,0
991.5,0,0,0,0,0,0,0,0,0,0,0,0,0,0,0,0,0,0,0,0,0,0,0,0
992.5,0,0,0,0,0,0,0,0,0,0,0,0,0,0,0,0,0,0,0,0,0,0,0,0
993.5,0,0,0,0,0,0,0,0,0,0,0,0,0,0,0,0,0,0,0,0,0,0,0,0
994.5,0,0,0,0,0,0,0,0,0,0,0,0,0,0,0,0,0,0,0,0,0,0,0,0
995.5,0,0,0,0,0,0,0,0,0,0,0,0,0,0,0,0,0,0,0,0,0,0,0,0
996.5,0,0,0,0,0,0,0,0,0,0,0,0,0,0,0,0,0,0,0,0,0,0,0,0
997.5,0,0,0,0,0,0,0,0,0,0,0,0,0,0,0,0,0,0,0,0,0,0,0,0
998.5,0,0,0,0,0,0,0,0,0,0,0,0,0,0,0,0,0,0,0,0,0,0,0,0
999.5,0,0,0,0,0,0,0,0,0,0,0,0,0,0,0,0,0,0,0,0,0,0,0,0
