particle_size,ratio_50std.50GFP_125_yes_10200,ratio_50std.50GFP_125_yes_10201,ratio_50std.50GFP_125_yes_10202,ratio_50std.50GFP_125_no_100,ratio_50std.50GFP_125_no_101,ratio_50std.50GFP_125_no_102
0.5,0,0,0,0,0,0
1.5,0,0,0,0,0,0
2.5,0,0,0,0,0,0
3.5,0,0,0,0,0,0
4.5,0,0,0,0,0,0
5.5,0,0,0,0,0,0
6.5,0,0,0,0,0,0
7.5,0,0,0,0,0,0
8.5,0,0,0,0,0,0
9.5,0,0,0,0,0,0
10.5,0,0,0,0,0,0
11.5,0,0,0,0,0,0
12.5,0,0,0,0,0,0
13.5,0,0,0,0,0,0
14.5,0,0,0,0,0,0
15.5,0,0,0,0,0,0
16.5,0,0,0,0,0,0
17.5,0,0,0,0,0,0
18.5,0,0,0,0,0,0
19.5,0,0,0,0,0,0
20.5,0,0,0,0,0,0
21.5,0,0,0,0,0,0
22.5,0,0,0,0,0,0
23.5,0,0,0,0,0,0
24.5,0,0,0,0,0,0
25.5,0,0,0,0,0,0
26.5,0,0,0,0,0,0
27.5,0,0,0,0,0,0
28.5,0,0,0,0,0,0
29.5,0,0,0,0,0,0
30.5,0,0,0,0,0,0
31.5,0,0,0,0,0,0
32.5,0,0,0,0,0,0
33.5,0,0,0,0,0,0
34.5,0,0,0,0,0,0
35.5,0,0,0,0,0,0
36.5,0,0,0,0,0,0
37.5,0,0,0,0,0,0
38.5,0,0,0,0,0,0
39.5,0,0,0,0,0,0
40.5,0,0,0,0,0,0
41.5,0,0,0,0,0,0
42.5,0,1,0,0,0,0
43.5,0,5,0,0,0,0
44.5,0,18,0,0,0,0
45.5,0,52,0,0,0,0
46.5,0,137,0,0,0,0
47.5,0,327,0,0,0,0
48.5,0,708,0,0,0,0
49.5,0,1398,0,0,0,0
50.5,0,2530,0,0,0,0
51.5,0,4214,0,0,0,0
52.5,0,6485,0,0,0,0
53.5,0,9255,0,0,0,0
54.5,0,12292,0,0,0,0
55.5,0,15252,0,0,0,0
56.5,0,17741,0,0,0,0
57.5,0,19416,0,0,0,0
58.5,0,20062,0,0,0,0
59.5,0,19640,0,0,0,0
60.5,0,18280,0,0,0,0
61.5,0,16235,0,0,0,0
62.5,0,13805,0,0,0,0
63.5,0,11280,0,0,0,0
64.5,0,8888,0,0,0,0
65.5,0,6777,0,0,0,0
66.5,0,5019,0,0,0,0
67.5,0,3624,0,0,0,0
68.5,0,2560,0,0,0,0
69.5,0,1775,0,0,0,0
70.5,0,1214,0,0,0,0
71.5,0,821,0,0,0,1
72.5,0,551,0,3,4,6
73.5,0,369,0,7,17,28
74.5,0,247,0,19,65,113
75.5,0,166,0,52,226,398
76.5,0,112,0,136,716,1259
77.5,0,77,0,356,2089,3594
78.5,0,53,0,921,5622,9341
79.5,0,38,0,2348,14027,22263
80.5,0,27,0,5877,32576,48997
81.5,0,20,0,14374,70736,100190
82.5,0,15,0,34165,144229,191432
83.5,0,11,0,78453,277255,343556
84.5,0,9,0,172991,504280,581942
85.5,0,7,0,364143,870474,934622
86.5,0,6,0,727745,1429602,1429367
87.5,0,5,0,1374198,2238222,2090223
88.5,0,5,0,2441950,3345618,2934187
89.5,0,4,0,4071081,4780199,3968616
90.5,0,4,0,6354598,6534898,5189700
91.5,0,4,0,9278201,8555822,6581942
92.5,0,4,0,12673733,10738986,8118315
93.5,0,4,0,16215900,12938562,9760676
94.5,0,5,0,19477869,14986677,11460163
95.5,0,5,0,22033078,16720627,13157614
96.5,0,6,0,23565074,18010307,14784377
97.5,0,7,0,23941752,18778339,16264150
98.5,0,9,0,23228613,19007985,17516544
99.5,0,11,0,21644840,18738235,18462821
100.5,0,15,0,19488237,18049293,19033733
101.5,0,20,0,17060189,17043784,19178610
102.5,0,28,0,14612382,15828782,18874080
103.5,0,40,0,12322235,14502114,18130310
104.5,0,58,0,10292370,13144201,16992791
105.5,0,86,0,8564400,11815048,15538503
106.5,0,129,0,7137720,10554989,13866730
107.5,0,196,0,5987079,9387643,12086257
108.5,0,299,0,5076060,8323729,10301701
109.5,0,458,0,4365960,7364857,8601875
110.5,0,703,0,3820832,6506783,7052300
111.5,0,1074,0,3409793,5741960,5692652
112.5,0,1633,0,3107644,5061378,4538603
113.5,0,2462,0,2894562,4455799,3586628
114.5,0,3672,1,2755361,3916515,2820057
115.5,0,5411,15,2678614,3435751,2214949
116.5,0,7866,124,2655742,3006823,1744855
117.5,0,11269,780,2680156,2624127,1384141
118.5,0,15898,3796,2746410,2283028,1109918
119.5,0,22075,14465,2849389,1979687,902893
120.5,0,30167,43930,2983514,1710880,747478
121.5,0,40573,108196,3141993,1473806,631470
122.5,0,53716,219960,3316206,1265939,545554
123.5,0,70032,375694,3495318,1084903,482755
124.5,0,89948,548668,3666279,928395,437941
125.5,0,113870,697084,3814328,794147,407392
126.5,0,142158,783607,3924078,679919,388460
127.5,0,175103,792221,3981107,583521,379296
128.5,0,212903,731700,3973851,502847,378641
129.5,0,255632,626633,3895420,435909,385656
130.5,0,303213,504607,3744918,380879,399788
131.5,0,355392,387074,3527885,336114,420647
132.5,1,411707,286235,3255701,300174,447901
133.5,3,471476,206284,2944026,271836,481173
134.5,7,533785,146309,2610625,250091,519949
135.5,18,597497,103022,2273059,234142,563507
136.5,42,661273,72572,1946704,223405,610863
137.5,97,723619,51487,1643439,217494,660761
138.5,220,782947,37000,1371100,216228,711711
139.5,486,837653,27066,1133633,219630,762069
140.5,1049,886205,20237,931720,227938,810164
141.5,2205,927240,15518,763647,241617,854450
142.5,4507,959641,12238,626193,261380,893654
143.5,8934,982612,9949,515395,288212,926902
144.5,17141,995724,8352,427129,323382,953802
145.5,31757,998933,7249,357490,368451,974458
146.5,56695,992571,6512,303009,425243,989440
147.5,97321,977304,6059,260740,495768,999698
148.5,160301,954078,5839,228271,582062,1006454
149.5,252861,924040,5830,203681,685928,1011084
150.5,381296,888462,6027,185483,808543,1015010
151.5,548763,848658,6448,172551,949938,1019605
152.5,752764,805914,7132,164070,1108381,1026130
153.5,983142,761433,8147,159472,1279764,1035687
154.5,1221581,716292,9594,158406,1457135,1049187
155.5,1443418,671412,11626,160698,1630587,1067326
156.5,1621811,627551,14467,166335,1787696,1090567
157.5,1733372,585301,18439,175447,1914649,1119113
158.5,1763548,545097,24005,188297,1998017,1152865
159.5,1709973,507238,31822,205276,2026929,1191385
160.5,1582643,471900,42812,226896,1995183,1233835
161.5,1400992,439161,58247,253778,1902750,1278929
162.5,1189033,409019,79836,286644,1756182,1324895
163.5,970234,381413,109809,326286,1567732,1369467
164.5,763602,356237,150944,373533,1353357,1409926
165.5,581701,333358,206496,429200,1130094,1443209
166.5,430575,312622,279951,494010,913490,1466090
167.5,310962,293868,374522,568507,715657,1475443
168.5,220076,276932,492325,652936,544301,1468554
169.5,153328,261653,633260,747118,402733,1443456
170.5,105654,247874,793753,850306,290623,1399225
171.5,72350,235449,965674,961053,205135,1336184
172.5,49470,224240,1135931,1077094,142091,1255971
173.5,33936,214119,1287245,1195270,96932,1161425
174.5,23463,204970,1400423,1311526,65378,1056328
175.5,16423,196684,1457948,1420986,43777,945013
176.5,11687,189164,1448144,1518150,29226,831920
177.5,8489,182320,1368619,1597204,19540,721179
178.5,6315,176071,1227678,1652451,13143,616264
179.5,4828,170344,1042965,1678841,8933,519787
180.5,3803,165071,837559,1672539,6163,433416
181.5,3095,160191,634783,1631482,4334,357931
182.5,2606,155649,453451,1555819,3120,293354
183.5,2273,151393,304994,1448154,2308,239134
184.5,2057,147378,193018,1313515,1761,194341
185.5,1931,143561,114885,1159002,1389,157842
186.5,1880,139904,64303,993137,1137,128437
187.5,1898,136373,33851,824976,967,104969
188.5,1985,132937,16767,663136,857,86377
189.5,2148,129568,7820,514887,792,71737
190.5,2400,126243,3437,385469,763,60267
191.5,2764,122942,1425,277757,766,51324
192.5,3274,119647,559,192301,803,44393
193.5,3977,116345,207,127707,875,39066
194.5,4943,113026,73,81219,993,35027
195.5,6267,109685,24,49391,1167,32037
196.5,8083,106317,8,28679,1420,29917
197.5,10573,102922,2,15880,1782,28541
198.5,13986,99505,0,8375,2298,27825
199.5,18650,96070,0,4203,3035,27721
200.5,25000,92625,0,2005,4089,28212
201.5,33589,89181,0,909,5595,29311
202.5,45101,85748,0,391,7744,31059
203.5,60359,82340,0,160,10793,33526
204.5,80297,78970,0,62,15080,36809
205.5,105916,75652,0,23,21034,41037
206.5,138190,72398,0,8,29159,46362
207.5,177930,69221,0,3,40008,52967
208.5,225601,66134,0,0,54107,61047
209.5,281108,63146,0,0,71846,70805
210.5,343579,60268,0,0,93315,82427
211.5,411192,57506,0,0,118135,96047
212.5,481096,54867,0,0,145288,111710
213.5,549487,52355,0,0,173048,129313
214.5,611858,49974,0,0,199041,148549
215.5,663450,47724,0,0,220506,168851
216.5,699824,45605,0,0,234726,189351
217.5,717493,43616,0,0,239572,208879
218.5,714473,41753,0,0,233997,226015
219.5,690640,40015,0,0,218349,239199
220.5,647802,38395,0,0,194368,246920
221.5,589459,36888,0,0,164848,247942
222.5,520297,35489,0,0,133068,241546
223.5,445528,34191,0,0,102147,227718
224.5,370199,32987,0,0,74516,207243
225.5,298619,31870,0,0,51634,181646
226.5,233983,30833,0,0,33973,152988
227.5,178227,29867,0,0,21222,123552
228.5,132098,28967,0,0,12585,95481
229.5,95379,28123,0,0,7087,70474
230.5,67175,27328,0,0,3790,49591
231.5,46219,26574,0,0,1925,33214
232.5,31118,25855,0,0,930,21139
233.5,20539,25162,0,0,427,12767
234.5,13318,24488,0,0,187,7307
235.5,8501,23827,0,0,78,3958
236.5,5355,23171,0,0,31,2027
237.5,3338,22514,0,0,12,981
238.5,2063,21851,0,0,4,448
239.5,1269,21177,0,0,1,193
240.5,778,20487,0,0,0,78
241.5,478,19777,0,0,0,30
242.5,294,19045,0,0,0,11
243.5,182,18289,0,0,0,4
244.5,114,17508,0,0,0,1
245.5,73,16702,0,0,0,0
246.5,47,15873,0,0,0,0
247.5,31,15023,0,0,0,0
248.5,21,14155,0,0,0,0
249.5,14,13274,0,0,0,0
250.5,10,12386,0,0,0,0
251.5,7,11496,0,0,0,0
252.5,6,10610,0,0,0,0
253.5,4,9735,0,0,0,0
254.5,4,8877,0,0,0,0
255.5,3,8044,0,0,0,0
256.5,3,7241,0,0,0,0
257.5,2,6474,0,0,0,0
258.5,2,5749,0,0,0,0
259.5,2,5067,0,0,0,0
260.5,2,4434,0,0,0,0
261.5,3,3851,0,0,0,0
262.5,3,3319,0,0,0,0
263.5,3,2839,0,0,0,0
264.5,4,2409,0,0,0,0
265.5,5,2027,0,0,0,0
266.5,7,1693,0,0,0,0
267.5,9,1402,0,0,0,0
268.5,12,1151,0,0,0,0
269.5,17,937,0,0,0,0
270.5,25,757,0,0,0,0
271.5,38,606,0,0,0,0
272.5,57,481,0,0,0,0
273.5,88,379,0,0,0,0
274.5,137,296,0,0,0,0
275.5,215,229,0,0,0,0
276.5,341,176,0,0,0,0
277.5,540,134,0,0,0,0
278.5,857,101,0,0,0,0
279.5,1354,75,0,0,0,0
280.5,2127,56,0,0,0,0
281.5,3313,41,0,0,0,0
282.5,5099,30,0,0,0,0
283.5,7737,22,0,0,0,0
284.5,11546,16,0,0,0,0
285.5,16905,11,0,0,0,0
286.5,24229,8,0,0,0,0
287.5,33920,5,0,0,0,0
288.5,46296,4,0,0,0,0
289.5,61486,3,0,0,0,0
290.5,79324,2,0,0,0,0
291.5,99252,1,0,0,0,0
292.5,120264,0,0,0,0,0
293.5,140931,0,0,0,0,0
294.5,159523,0,0,0,0,0
295.5,174218,0,0,0,0,0
296.5,183393,0,0,0,0,0
297.5,185909,0,0,0,0,0
298.5,181343,0,0,0,0,0
299.5,170092,0,0,0,0,0
300.5,153315,0,0,0,0,0
301.5,132735,0,0,0,0,0
302.5,110331,0,0,0,0,0
303.5,88018,0,0,0,0,0
304.5,67375,0,0,0,0,0
305.5,49476,0,0,0,0,0
306.5,34851,0,0,0,0,0
307.5,23546,0,0,0,0,0
308.5,15259,0,0,0,0,0
309.5,9486,0,0,0,0,0
310.5,5657,0,0,0,0,0
311.5,3238,0,0,0,0,0
312.5,1778,0,0,0,0,0
313.5,938,0,0,0,0,0
314.5,475,0,0,0,0,0
315.5,231,0,0,0,0,0
316.5,108,0,0,0,0,0
317.5,49,0,0,0,0,0
318.5,21,0,0,0,0,0
319.5,9,0,0,0,0,0
320.5,4,0,0,0,0,0
321.5,1,0,0,0,0,0
322.5,0,0,0,0,0,0
323.5,0,0,0,0,0,0
324.5,0,0,0,0,0,0
325.5,0,0,0,0,0,0
326.5,0,0,0,0,0,0
327.5,0,0,0,0,0,0
328.5,0,0,0,0,0,0
329.5,0,0,0,0,0,0
330.5,0,0,0,0,0,0
331.5,0,0,0,0,0,0
332.5,0,0,0,0,0,0
333.5,0,0,0,0,0,0
334.5,0,0,0,0,0,0
335.5,0,0,0,0,0,0
336.5,0,0,0,0,0,0
337.5,0,0,0,0,0,0
338.5,0,0,0,0,0,0
339.5,0,0,0,0,0,0
340.5,0,0,0,0,0,0
341.5,0,0,0,0,0,0
342.5,0,0,0,0,0,0
343.5,0,0,0,0,0,0
344.5,0,0,0,0,0,0
345.5,0,0,0,0,0,0
346.5,0,0,0,0,0,0
347.5,0,0,0,0,0,0
348.5,0,0,0,0,0,0
349.5,0,0,0,0,0,0
350.5,0,0,0,0,0,0
351.5,0,0,0,0,0,0
352.5,0,0,0,0,0,0
353.5,0,0,0,0,0,0
354.5,0,0,0,0,0,0
355.5,0,0,0,0,0,0
356.5,0,0,0,0,0,0
357.5,0,0,0,0,0,0
358.5,0,0,0,0,0,0
359.5,0,0,0,0,0,0
360.5,0,0,0,0,0,0
361.5,0,0,0,0,0,0
362.5,0,0,0,0,0,0
363.5,0,0,0,0,0,0
364.5,0,0,0,0,0,0
365.5,0,0,0,0,0,0
366.5,0,0,0,0,0,0
367.5,0,0,0,0,0,0
368.5,0,0,0,0,0,0
369.5,0,0,0,0,0,0
370.5,0,0,0,0,0,0
371.5,0,0,0,0,0,0
372.5,0,0,0,0,0,0
373.5,0,0,0,0,0,0
374.5,0,0,0,0,0,0
375.5,0,0,0,0,0,0
376.5,0,0,0,0,0,0
377.5,0,0,0,0,0,0
378.5,0,0,0,0,0,0
379.5,0,0,0,0,0,0
380.5,0,0,0,0,0,0
381.5,0,0,0,0,0,0
382.5,0,0,0,0,0,0
383.5,0,0,0,0,0,0
384.5,0,0,0,0,0,0
385.5,0,0,0,0,0,0
386.5,0,0,0,0,0,0
387.5,0,0,0,0,0,0
388.5,0,0,0,0,0,0
389.5,0,0,0,0,0,0
390.5,0,0,0,0,0,0
391.5,0,0,0,0,0,0
392.5,0,0,0,0,0,0
393.5,0,0,0,0,0,0
394.5,0,0,0,0,0,0
395.5,0,0,0,0,0,0
396.5,0,0,0,0,0,0
397.5,0,0,0,0,0,0
398.5,0,0,0,0,0,0
399.5,0,0,0,0,0,0
400.5,0,0,0,0,0,0
401.5,0,0,0,0,0,0
402.5,0,0,0,0,0,0
403.5,0,0,0,0,0,0
404.5,0,0,0,0,0,0
405.5,0,0,0,0,0,0
406.5,0,0,0,0,0,0
407.5,0,0,0,0,0,0
408.5,0,0,0,0,0,0
409.5,0,0,0,0,0,0
410.5,0,0,0,0,0,0
411.5,0,0,0,0,0,0
412.5,0,0,0,0,0,0
413.5,0,0,0,0,0,0
414.5,0,0,0,0,0,0
415.5,0,0,0,0,0,0
416.5,0,0,0,0,0,0
417.5,0,0,0,0,0,0
418.5,0,0,0,0,0,0
419.5,0,0,0,0,0,0
420.5,0,0,0,0,0,0
421.5,0,0,0,0,0,0
422.5,0,0,0,0,0,0
423.5,0,0,0,0,0,0
424.5,0,0,0,0,0,0
425.5,0,0,0,0,0,0
426.5,0,0,0,0,0,0
427.5,0,0,0,0,0,0
428.5,0,0,0,0,0,0
429.5,0,0,0,0,0,0
430.5,0,0,0,0,0,0
431.5,0,0,0,0,0,0
432.5,0,0,0,0,0,0
433.5,0,0,0,0,0,0
434.5,0,0,0,0,0,0
435.5,0,0,0,0,0,0
436.5,0,0,0,0,0,0
437.5,0,0,0,0,0,0
438.5,0,0,0,0,0,0
439.5,0,0,0,0,0,0
440.5,0,0,0,0,0,0
441.5,0,0,0,0,0,0
442.5,0,0,0,0,0,0
443.5,0,0,0,0,0,0
444.5,0,0,0,0,0,0
445.5,0,0,0,0,0,0
446.5,0,0,0,0,0,0
447.5,0,0,0,0,0,0
448.5,0,0,0,0,0,0
449.5,0,0,0,0,0,0
450.5,0,0,0,0,0,0
451.5,0,0,0,0,0,0
452.5,0,0,0,0,0,0
453.5,0,0,0,0,0,0
454.5,0,0,0,0,0,0
455.5,0,0,0,0,0,0
456.5,0,0,0,0,0,0
457.5,0,0,0,0,0,0
458.5,0,0,0,0,0,0
459.5,0,0,0,0,0,0
460.5,0,0,0,0,0,0
461.5,0,0,0,0,0,0
462.5,0,0,0,0,0,0
463.5,0,0,0,0,0,0
464.5,0,0,0,0,0,0
465.5,0,0,0,0,0,0
466.5,0,0,0,0,0,0
467.5,0,0,0,0,0,0
468.5,0,0,0,0,0,0
469.5,0,0,0,0,0,0
470.5,0,0,0,0,0,0
471.5,0,0,0,0,0,0
472.5,0,0,0,0,0,0
473.5,0,0,0,0,0,0
474.5,0,0,0,0,0,0
475.5,0,0,0,0,0,0
476.5,0,0,0,0,0,0
477.5,0,0,0,0,0,0
478.5,0,0,0,0,0,0
479.5,0,0,0,0,0,0
480.5,0,0,0,0,0,0
481.5,0,0,0,0,0,0
482.5,0,0,0,0,0,0
483.5,0,0,0,0,0,0
484.5,0,0,0,0,0,0
485.5,0,0,0,0,0,0
486.5,0,0,0,0,0,0
487.5,0,0,0,0,0,0
488.5,0,0,0,0,0,0
489.5,0,0,0,0,0,0
490.5,0,0,0,0,0,0
491.5,0,0,0,0,0,0
492.5,0,0,0,0,0,0
493.5,0,0,0,0,0,0
494.5,0,0,0,0,0,0
495.5,0,0,0,0,0,0
496.5,0,0,0,0,0,0
497.5,0,0,0,0,0,0
498.5,0,0,0,0,0,0
499.5,0,0,0,0,0,0
500.5,0,0,0,0,0,0
501.5,0,0,0,0,0,0
502.5,0,0,0,0,0,0
503.5,0,0,0,0,0,0
504.5,0,0,0,0,0,0
505.5,0,0,0,0,0,0
506.5,0,0,0,0,0,0
507.5,0,0,0,0,0,0
508.5,0,0,0,0,0,0
509.5,0,0,0,0,0,0
510.5,0,0,0,0,0,0
511.5,0,0,0,0,0,0
512.5,0,0,0,0,0,0
513.5,0,0,0,0,0,0
514.5,0,0,0,0,0,0
515.5,0,0,0,0,0,0
516.5,0,0,0,0,0,0
517.5,0,0,0,0,0,0
518.5,0,0,0,0,0,0
519.5,0,0,0,0,0,0
520.5,0,0,0,0,0,0
521.5,0,0,0,0,0,0
522.5,0,0,0,0,0,0
523.5,0,0,0,0,0,0
524.5,0,0,0,0,0,0
525.5,0,0,0,0,0,0
526.5,0,0,0,0,0,0
527.5,0,0,0,0,0,0
528.5,0,0,0,0,0,0
529.5,0,0,0,0,0,0
530.5,0,0,0,0,0,0
531.5,0,0,0,0,0,0
532.5,0,0,0,0,0,0
533.5,0,0,0,0,0,0
534.5,0,0,0,0,0,0
535.5,0,0,0,0,0,0
536.5,0,0,0,0,0,0
537.5,0,0,0,0,0,0
538.5,0,0,0,0,0,0
539.5,0,0,0,0,0,0
540.5,0,0,0,0,0,0
541.5,0,0,0,0,0,0
542.5,0,0,0,0,0,0
543.5,0,0,0,0,0,0
544.5,0,0,0,0,0,0
545.5,0,0,0,0,0,0
546.5,0,0,0,0,0,0
547.5,0,0,0,0,0,0
548.5,0,0,0,0,0,0
549.5,0,0,0,0,0,0
550.5,0,0,0,0,0,0
551.5,0,0,0,0,0,0
552.5,0,0,0,0,0,0
553.5,0,0,0,0,0,0
554.5,0,0,0,0,0,0
555.5,0,0,0,0,0,0
556.5,0,0,0,0,0,0
557.5,0,0,0,0,0,0
558.5,0,0,0,0,0,0
559.5,0,0,0,0,0,0
560.5,0,0,0,0,0,0
561.5,0,0,0,0,0,0
562.5,0,0,0,0,0,0
563.5,0,0,0,0,0,0
564.5,0,0,0,0,0,0
565.5,0,0,0,0,0,0
566.5,0,0,0,0,0,0
567.5,0,0,0,0,0,0
568.5,0,0,0,0,0,0
569.5,0,0,0,0,0,0
570.5,0,0,0,0,0,0
571.5,0,0,0,0,0,0
572.5,0,0,0,0,0,0
573.5,0,0,0,0,0,0
574.5,0,0,0,0,0,0
575.5,0,0,0,0,0,0
576.5,0,0,0,0,0,0
577.5,0,0,0,0,0,0
578.5,0,0,0,0,0,0
579.5,0,0,0,0,0,0
580.5,0,0,0,0,0,0
581.5,0,0,0,0,0,0
582.5,0,0,0,0,0,0
583.5,0,0,0,0,0,0
584.5,0,0,0,0,0,0
585.5,0,0,0,0,0,0
586.5,0,0,0,0,0,0
587.5,0,0,0,0,0,0
588.5,0,0,0,0,0,0
589.5,0,0,0,0,0,0
590.5,0,0,0,0,0,0
591.5,0,0,0,0,0,0
592.5,0,0,0,0,0,0
593.5,0,0,0,0,0,0
594.5,0,0,0,0,0,0
595.5,0,0,0,0,0,0
596.5,0,0,0,0,0,0
597.5,0,0,0,0,0,0
598.5,0,0,0,0,0,0
599.5,0,0,0,0,0,0
600.5,0,0,0,0,0,0
601.5,0,0,0,0,0,0
602.5,0,0,0,0,0,0
603.5,0,0,0,0,0,0
604.5,0,0,0,0,0,0
605.5,0,0,0,0,0,0
606.5,0,0,0,0,0,0
607.5,0,0,0,0,0,0
608.5,0,0,0,0,0,0
609.5,0,0,0,0,0,0
610.5,0,0,0,0,0,0
611.5,0,0,0,0,0,0
612.5,0,0,0,0,0,0
613.5,0,0,0,0,0,0
614.5,0,0,0,0,0,0
615.5,0,0,0,0,0,0
616.5,0,0,0,0,0,0
617.5,0,0,0,0,0,0
618.5,0,0,0,0,0,0
619.5,0,0,0,0,0,0
620.5,0,0,0,0,0,0
621.5,0,0,0,0,0,0
622.5,0,0,0,0,0,0
623.5,0,0,0,0,0,0
624.5,0,0,0,0,0,0
625.5,0,0,0,0,0,0
626.5,0,0,0,0,0,0
627.5,0,0,0,0,0,0
628.5,0,0,0,0,0,0
629.5,0,0,0,0,0,0
630.5,0,0,0,0,0,0
631.5,0,0,0,0,0,0
632.5,0,0,0,0,0,0
633.5,0,0,0,0,0,0
634.5,0,0,0,0,0,0
635.5,0,0,0,0,0,0
636.5,0,0,0,0,0,0
637.5,0,0,0,0,0,0
638.5,0,0,0,0,0,0
639.5,0,0,0,0,0,0
640.5,0,0,0,0,0,0
641.5,0,0,0,0,0,0
642.5,0,0,0,0,0,0
643.5,0,0,0,0,0,0
644.5,0,0,0,0,0,0
645.5,0,0,0,0,0,0
646.5,0,0,0,0,0,0
647.5,0,0,0,0,0,0
648.5,0,0,0,0,0,0
649.5,0,0,0,0,0,0
650.5,0,0,0,0,0,0
651.5,0,0,0,0,0,0
652.5,0,0,0,0,0,0
653.5,0,0,0,0,0,0
654.5,0,0,0,0,0,0
655.5,0,0,0,0,0,0
656.5,0,0,0,0,0,0
657.5,0,0,0,0,0,0
658.5,0,0,0,0,0,0
659.5,0,0,0,0,0,0
660.5,0,0,0,0,0,0
661.5,0,0,0,0,0,0
662.5,0,0,0,0,0,0
663.5,0,0,0,0,0,0
664.5,0,0,0,0,0,0
665.5,0,0,0,0,0,0
666.5,0,0,0,0,0,0
667.5,0,0,0,0,0,0
668.5,0,0,0,0,0,0
669.5,0,0,0,0,0,0
670.5,0,0,0,0,0,0
671.5,0,0,0,0,0,0
672.5,0,0,0,0,0,0
673.5,0,0,0,0,0,0
674.5,0,0,0,0,0,0
675.5,0,0,0,0,0,0
676.5,0,0,0,0,0,0
677.5,0,0,0,0,0,0
678.5,0,0,0,0,0,0
679.5,0,0,0,0,0,0
680.5,0,0,0,0,0,0
681.5,0,0,0,0,0,0
682.5,0,0,0,0,0,0
683.5,0,0,0,0,0,0
684.5,0,0,0,0,0,0
685.5,0,0,0,0,0,0
686.5,0,0,0,0,0,0
687.5,0,0,0,0,0,0
688.5,0,0,0,0,0,0
689.5,0,0,0,0,0,0
690.5,0,0,0,0,0,0
691.5,0,0,0,0,0,0
692.5,0,0,0,0,0,0
693.5,0,0,0,0,0,0
694.5,0,0,0,0,0,0
695.5,0,0,0,0,0,0
696.5,0,0,0,0,0,0
697.5,0,0,0,0,0,0
698.5,0,0,0,0,0,0
699.5,0,0,0,0,0,0
700.5,0,0,0,0,0,0
701.5,0,0,0,0,0,0
702.5,0,0,0,0,0,0
703.5,0,0,0,0,0,0
704.5,0,0,0,0,0,0
705.5,0,0,0,0,0,0
706.5,0,0,0,0,0,0
707.5,0,0,0,0,0,0
708.5,0,0,0,0,0,0
709.5,0,0,0,0,0,0
710.5,0,0,0,0,0,0
711.5,0,0,0,0,0,0
712.5,0,0,0,0,0,0
713.5,0,0,0,0,0,0
714.5,0,0,0,0,0,0
715.5,0,0,0,0,0,0
716.5,0,0,0,0,0,0
717.5,0,0,0,0,0,0
718.5,0,0,0,0,0,0
719.5,0,0,0,0,0,0
720.5,0,0,0,0,0,0
721.5,0,0,0,0,0,0
722.5,0,0,0,0,0,0
723.5,0,0,0,0,0,0
724.5,0,0,0,0,0,0
725.5,0,0,0,0,0,0
726.5,0,0,0,0,0,0
727.5,0,0,0,0,0,0
728.5,0,0,0,0,0,0
729.5,0,0,0,0,0,0
730.5,0,0,0,0,0,0
731.5,0,0,0,0,0,0
732.5,0,0,0,0,0,0
733.5,0,0,0,0,0,0
734.5,0,0,0,0,0,0
735.5,0,0,0,0,0,0
736.5,0,0,0,0,0,0
737.5,0,0,0,0,0,0
738.5,0,0,0,0,0,0
739.5,0,0,0,0,0,0
740.5,0,0,0,0,0,0
741.5,0,0,0,0,0,0
742.5,0,0,0,0,0,0
743.5,0,0,0,0,0,0
744.5,0,0,0,0,0,0
745.5,0,0,0,0,0,0
746.5,0,0,0,0,0,0
747.5,0,0,0,0,0,0
748.5,0,0,0,0,0,0
749.5,0,0,0,0,0,0
750.5,0,0,0,0,0,0
751.5,0,0,0,0,0,0
752.5,0,0,0,0,0,0
753.5,0,0,0,0,0,0
754.5,0,0,0,0,0,0
755.5,0,0,0,0,0,0
756.5,0,0,0,0,0,0
757.5,0,0,0,0,0,0
758.5,0,0,0,0,0,0
759.5,0,0,0,0,0,0
760.5,0,0,0,0,0,0
761.5,0,0,0,0,0,0
762.5,0,0,0,0,0,0
763.5,0,0,0,0,0,0
764.5,0,0,0,0,0,0
765.5,0,0,0,0,0,0
766.5,0,0,0,0,0,0
767.5,0,0,0,0,0,0
768.5,0,0,0,0,0,0
769.5,0,0,0,0,0,0
770.5,0,0,0,0,0,0
771.5,0,0,0,0,0,0
772.5,0,0,0,0,0,0
773.5,0,0,0,0,0,0
774.5,0,0,0,0,0,0
775.5,0,0,0,0,0,0
776.5,0,0,0,0,0,0
777.5,0,0,0,0,0,0
778.5,0,0,0,0,0,0
779.5,0,0,0,0,0,0
780.5,0,0,0,0,0,0
781.5,0,0,0,0,0,0
782.5,0,0,0,0,0,0
783.5,0,0,0,0,0,0
784.5,0,0,0,0,0,0
785.5,0,0,0,0,0,0
786.5,0,0,0,0,0,0
787.5,0,0,0,0,0,0
788.5,0,0,0,0,0,0
789.5,0,0,0,0,0,0
790.5,0,0,0,0,0,0
791.5,0,0,0,0,0,0
792.5,0,0,0,0,0,0
793.5,0,0,0,0,0,0
794.5,0,0,0,0,0,0
795.5,0,0,0,0,0,0
796.5,0,0,0,0,0,0
797.5,0,0,0,0,0,0
798.5,0,0,0,0,0,0
799.5,0,0,0,0,0,0
800.5,0,0,0,0,0,0
801.5,0,0,0,0,0,0
802.5,0,0,0,0,0,0
803.5,0,0,0,0,0,0
804.5,0,0,0,0,0,0
805.5,0,0,0,0,0,0
806.5,0,0,0,0,0,0
807.5,0,0,0,0,0,0
808.5,0,0,0,0,0,0
809.5,0,0,0,0,0,0
810.5,0,0,0,0,0,0
811.5,0,0,0,0,0,0
812.5,0,0,0,0,0,0
813.5,0,0,0,0,0,0
814.5,0,0,0,0,0,0
815.5,0,0,0,0,0,0
816.5,0,0,0,0,0,0
817.5,0,0,0,0,0,0
818.5,0,0,0,0,0,0
819.5,0,0,0,0,0,0
820.5,0,0,0,0,0,0
821.5,0,0,0,0,0,0
822.5,0,0,0,0,0,0
823.5,0,0,0,0,0,0
824.5,0,0,0,0,0,0
825.5,0,0,0,0,0,0
826.5,0,0,0,0,0,0
827.5,0,0,0,0,0,0
828.5,0,0,0,0,0,0
829.5,0,0,0,0,0,0
830.5,0,0,0,0,0,0
831.5,0,0,0,0,0,0
832.5,0,0,0,0,0,0
833.5,0,0,0,0,0,0
834.5,0,0,0,0,0,0
835.5,0,0,0,0,0,0
836.5,0,0,0,0,0,0
837.5,0,0,0,0,0,0
838.5,0,0,0,0,0,0
839.5,0,0,0,0,0,0
840.5,0,0,0,0,0,0
841.5,0,0,0,0,0,0
842.5,0,0,0,0,0,0
843.5,0,0,0,0,0,0
844.5,0,0,0,0,0,0
845.5,0,0,0,0,0,0
846.5,0,0,0,0,0,0
847.5,0,0,0,0,0,0
848.5,0,0,0,0,0,0
849.5,0,0,0,0,0,0
850.5,0,0,0,0,0,0
851.5,0,0,0,0,0,0
852.5,0,0,0,0,0,0
853.5,0,0,0,0,0,0
854.5,0,0,0,0,0,0
855.5,0,0,0,0,0,0
856.5,0,0,0,0,0,0
857.5,0,0,0,0,0,0
858.5,0,0,0,0,0,0
859.5,0,0,0,0,0,0
860.5,0,0,0,0,0,0
861.5,0,0,0,0,0,0
862.5,0,0,0,0,0,0
863.5,0,0,0,0,0,0
864.5,0,0,0,0,0,0
865.5,0,0,0,0,0,0
866.5,0,0,0,0,0,0
867.5,0,0,0,0,0,0
868.5,0,0,0,0,0,0
869.5,0,0,0,0,0,0
870.5,0,0,0,0,0,0
871.5,0,0,0,0,0,0
872.5,0,0,0,0,0,0
873.5,0,0,0,0,0,0
874.5,0,0,0,0,0,0
875.5,0,0,0,0,0,0
876.5,0,0,0,0,0,0
877.5,0,0,0,0,0,0
878.5,0,0,0,0,0,0
879.5,0,0,0,0,0,0
880.5,0,0,0,0,0,0
881.5,0,0,0,0,0,0
882.5,0,0,0,0,0,0
883.5,0,0,0,0,0,0
884.5,0,0,0,0,0,0
885.5,0,0,0,0,0,0
886.5,0,0,0,0,0,0
887.5,0,0,0,0,0,0
888.5,0,0,0,0,0,0
889.5,0,0,0,0,0,0
890.5,0,0,0,0,0,0
891.5,0,0,0,0,0,0
892.5,0,0,0,0,0,0
893.5,0,0,0,0,0,0
894.5,0,0,0,0,0,0
895.5,0,0,0,0,0,0
896.5,0,0,0,0,0,0
897.5,0,0,0,0,0,0
898.5,0,0,0,0,0,0
899.5,0,0,0,0,0,0
900.5,0,0,0,0,0,0
901.5,0,0,0,0,0,0
902.5,0,0,0,0,0,0
903.5,0,0,0,0,0,0
904.5,0,0,0,0,0,0
905.5,0,0,0,0,0,0
906.5,0,0,0,0,0,0
907.5,0,0,0,0,0,0
908.5,0,0,0,0,0,0
909.5,0,0,0,0,0,0
910.5,0,0,0,0,0,0
911.5,0,0,0,0,0,0
912.5,0,0,0,0,0,0
913.5,0,0,0,0,0,0
914.5,0,0,0,0,0,0
915.5,0,0,0,0,0,0
916.5,0,0,0,0,0,0
917.5,0,0,0,0,0,0
918.5,0,0,0,0,0,0
919.5,0,0,0,0,0,0
920.5,0,0,0,0,0,0
921.5,0,0,0,0,0,0
922.5,0,0,0,0,0,0
923.5,0,0,0,0,0,0
924.5,0,0,0,0,0,0
925.5,0,0,0,0,0,0
926.5,0,0,0,0,0,0
927.5,0,0,0,0,0,0
928.5,0,0,0,0,0,0
929.5,0,0,0,0,0,0
930.5,0,0,0,0,0,0
931.5,0,0,0,0,0,0
932.5,0,0,0,0,0,0
933.5,0,0,0,0,0,0
934.5,0,0,0,0,0,0
935.5,0,0,0,0,0,0
936.5,0,0,0,0,0,0
937.5,0,0,0,0,0,0
938.5,0,0,0,0,0,0
939.5,0,0,0,0,0,0
940.5,0,0,0,0,0,0
941.5,0,0,0,0,0,0
942.5,0,0,0,0,0,0
943.5,0,0,0,0,0,0
944.5,0,0,0,0,0,0
945.5,0,0,0,0,0,0
946.5,0,0,0,0,0,0
947.5,0,0,0,0,0,0
948.5,0,0,0,0,0,0
949.5,0,0,0,0,0,0
950.5,0,0,0,0,0,0
951.5,0,0,0,0,0,0
952.5,0,0,0,0,0,0
953.5,0,0,0,0,0,0
954.5,0,0,0,0,0,0
955.5,0,0,0,0,0,0
956.5,0,0,0,0,0,0
957.5,0,0,0,0,0,0
958.5,0,0,0,0,0,0
959.5,0,0,0,0,0,0
960.5,0,0,0,0,0,0
961.5,0,0,0,0,0,0
962.5,0,0,0,0,0,0
963.5,0,0,0,0,0,0
964.5,0,0,0,0,0,0
965.5,0,0,0,0,0,0
966.5,0,0,0,0,0,0
967.5,0,0,0,0,0,0
968.5,0,0,0,0,0,0
969.5,0,0,0,0,0,0
970.5,0,0,0,0,0,0
971.5,0,0,0,0,0,0
972.5,0,0,0,0,0,0
973.5,0,0,0,0,0,0
974.5,0,0,0,0,0,0
975.5,0,0,0,0,0,0
976.5,0,0,0,0,0,0
977.5,0,0,0,0,0,0
978.5,0,0,0,0,0,0
979.5,0,0,0,0,0,0
980.5,0,0,0,0,0,0
981.5,0,0,0,0,0,0
982.5,0,0,0,0,0,0
983.5,0,0,0,0,0,0
984.5,0,0,0,0,0,0
985.5,0,0,0,0,0,0
986.5,0,0,0,0,0,0
987.5,0,0,0,0,0,0
988.5,0,0,0,0,0,0
989.5,0,0,0,0,0,0
990.5,0,0,0,0,0,0
991.5,0,0,0,0,0,0
992.5,0,0,0,0,0,0
993.5,0,0,0,0,0,0
994.5,0,0,0,0,0,0
995.5,0,0,0,0,0,0
996.5,0,0,0,0,0,0
997.5,0,0,0,0,0,0
998.5,0,0,0,0,0,0
999.5,0,0,0,0,0,0
