particle_size,std_10000_no_1_00,std_10000_no_1_01,std_10000_no_1_02,std_10000_yes_1_00,std_10000_yes_1_01,std_10000_yes_1_02,std_10000_no_2_00,std_10000_no_2_01,std_10000_no_2_02,std_10000_yes_2_00,std_10000_yes_2_01,std_10000_yes_2_02,std_10000_no_3_00,std_10000_no_3_01,std_10000_no_3_02,std_10000_yes_3_00,std_10000_yes_3_01,std_10000_yes_3_02
0.5,0,0,0,0,0,0,0,0,0,0,0,0,0,0,0,0,0,0
1.5,0,0,0,0,0,0,0,0,0,0,0,0,0,0,0,0,0,0
2.5,0,0,0,0,0,0,0,0,0,0,0,0,0,0,0,0,0,0
3.5,0,0,0,0,0,0,0,0,0,0,0,0,0,0,0,0,0,0
4.5,0,0,0,0,0,0,0,0,0,0,0,0,0,0,0,0,0,0
5.5,0,0,0,0,0,0,0,0,0,0,0,0,0,0,0,0,0,0
6.5,0,0,0,0,0,0,0,0,0,0,0,0,0,0,0,0,0,0
7.5,0,0,0,0,0,0,0,0,0,0,0,0,0,0,0,0,0,0
8.5,0,0,0,0,0,0,0,0,0,0,0,0,0,0,0,0,0,0
9.5,0,0,0,0,0,0,0,0,0,0,0,0,0,0,0,0,0,0
10.5,0,0,0,0,0,0,0,0,0,0,0,0,0,0,0,0,0,0
11.5,0,0,0,0,0,0,0,0,0,0,0,0,0,0,0,0,0,0
12.5,0,0,0,0,0,0,0,0,0,0,0,0,0,0,0,0,0,0
13.5,0,0,0,0,0,0,0,0,0,0,0,0,0,0,0,0,0,0
14.5,0,0,0,0,0,0,0,0,0,0,0,0,0,0,0,0,0,0
15.5,0,0,0,0,0,0,0,0,0,0,0,0,0,0,0,0,0,0
16.5,0,0,0,0,0,0,0,0,0,0,0,0,0,0,0,0,0,0
17.5,0,0,0,0,0,0,0,0,0,0,0,0,0,0,0,0,0,0
18.5,0,0,0,0,0,0,0,0,0,0,0,0,0,0,0,0,0,0
19.5,0,0,0,0,0,0,0,0,0,0,0,0,0,0,0,0,0,0
20.5,0,0,0,0,0,0,0,0,0,0,0,0,0,0,0,0,0,0
21.5,0,0,0,0,0,0,0,0,0,0,0,0,0,0,0,0,0,0
22.5,0,0,0,0,0,0,0,0,0,0,0,0,0,0,0,0,0,0
23.5,0,0,0,0,0,0,0,0,0,0,0,0,0,0,0,0,0,0
24.5,0,0,0,0,0,0,0,0,0,0,0,0,0,0,0,0,0,0
25.5,0,0,0,0,0,0,0,0,0,0,0,0,0,0,0,0,0,0
26.5,0,0,0,0,0,0,0,0,0,0,0,0,0,0,0,0,0,0
27.5,0,0,0,0,0,0,0,0,0,0,0,0,0,0,0,0,0,0
28.5,0,0,0,0,0,0,0,0,0,0,0,0,0,0,0,0,0,0
29.5,0,0,0,0,0,0,0,0,0,0,0,0,0,0,0,0,0,0
30.5,0,0,0,0,0,0,0,0,0,0,0,0,0,0,0,0,0,0
31.5,0,0,0,0,0,0,0,0,7,0,0,0,0,0,0,0,0,0
32.5,0,0,0,0,0,0,0,0,60,0,0,0,0,0,0,0,0,0
33.5,0,0,0,0,0,0,0,0,326,0,0,0,0,0,0,0,0,38
34.5,0,0,0,0,0,0,0,0,1238,0,0,0,0,0,0,0,0,686
35.5,0,0,0,0,0,0,0,0,3460,0,0,11,0,0,0,0,0,6250
36.5,0,0,0,0,0,0,0,0,7519,0,0,261,0,0,0,0,0,30035
37.5,0,0,0,0,0,0,1,4,13331,0,1,3195,0,0,0,0,0,80575
38.5,0,0,0,0,0,0,4,20,20135,0,6,21829,0,0,0,0,0,127911
39.5,0,0,0,0,0,0,16,94,26911,0,19,86599,0,0,0,0,0,127582
40.5,0,0,0,0,0,0,54,392,32876,0,39,208970,0,0,0,0,0,85041
41.5,0,0,0,0,0,0,160,1439,37727,0,57,322807,0,0,0,0,0,40350
42.5,0,0,0,0,0,0,439,4718,41576,0,61,337164,0,0,0,0,0,14532
43.5,0,1,0,0,0,0,1111,13856,44774,0,52,252174,0,0,0,0,0,4239
44.5,0,2,0,0,0,0,2621,36492,47739,0,35,143291,0,0,0,0,0,1068
45.5,0,4,0,0,0,0,5791,86199,50865,0,21,65684,0,0,0,0,0,248
46.5,3,6,0,0,0,0,12038,182569,54485,0,11,25788,3,0,0,0,0,56
47.5,11,9,0,0,0,0,23647,346832,58874,0,5,9194,7,0,0,0,0,13
48.5,38,13,0,0,0,0,44050,591944,64262,0,3,3148,19,0,0,0,0,3
49.5,120,18,0,0,0,0,78053,910724,70847,0,1,1091,47,0,0,0,0,1
50.5,349,26,0,0,0,0,131918,1269988,78813,0,0,401,107,0,0,0,0,0
51.5,927,37,0,0,0,0,213196,1617263,88336,0,0,163,229,0,0,0,0,0
52.5,2268,55,0,0,0,0,330266,1898514,99600,0,0,76,467,0,0,0,0,0
53.5,5118,85,0,0,0,0,491562,2077094,112812,0,0,41,911,0,0,0,0,0
54.5,10714,136,0,0,0,0,704603,2143566,128228,0,0,27,1706,0,4,0,0,0
55.5,20899,224,0,0,0,0,974989,2113136,146180,0,0,21,3089,0,17,0,0,0
56.5,38196,380,0,0,0,0,1305587,2015148,167123,0,0,20,5424,2,63,0,0,0
57.5,65767,660,0,0,0,0,1696112,1881649,191678,0,0,22,9260,4,200,0,0,0
58.5,107277,1164,0,2,0,0,2143209,1739715,220700,0,0,29,15408,11,549,0,0,0
59.5,166700,2075,0,8,0,0,2641050,1608503,255346,0,0,44,25023,26,1329,0,0,0
60.5,248113,3707,3,25,0,0,3182333,1499697,297170,0,0,76,39711,62,2884,0,0,2
61.5,355557,6593,8,75,0,0,3759495,1419513,348235,0,0,143,61639,145,5696,0,0,6
62.5,493012,11604,26,211,0,0,4365932,1370945,411258,0,0,291,93631,334,10381,0,0,19
63.5,664492,20107,80,556,0,0,4997055,1355629,489792,0,1,619,139256,758,17688,0,0,59
64.5,874253,34168,235,1385,0,0,5651073,1375195,588462,2,2,1350,202874,1686,28509,0,0,179
65.5,1127074,56778,666,3275,0,1,6329469,1432196,713244,7,6,2958,289617,3674,43922,0,2,534
66.5,1428567,92109,1819,7369,1,6,7037212,1530774,871812,26,13,6401,405312,7813,65273,2,11,1520
67.5,1785479,145771,4764,15825,5,29,7782765,1677209,1073929,94,33,13494,556316,16149,94291,11,55,4085
68.5,2205954,225088,11913,32501,20,125,8577987,1880437,1331877,316,83,27416,749282,32313,133235,56,244,10280
69.5,2699720,339371,28364,63954,78,487,9437991,2152626,1660901,994,214,53311,990859,62346,185063,243,960,24115
70.5,3278189,500230,64144,120740,276,1741,10381023,2509815,2079598,2920,554,98800,1287367,115598,253611,920,3337,52644
71.5,3954439,721922,137513,218928,917,5694,11428389,2972628,2610198,8012,1432,174249,1644459,205391,343777,3063,10293,107061
72.5,4743051,1021739,279115,381556,2853,17014,12604403,3567008,3278624,20534,3655,292659,2066823,349022,461691,9045,28304,203415
73.5,5659768,1420423,536078,639611,8302,46459,13936350,4324897,4114222,49211,9146,469235,2557950,566676,614849,23956,69788,362625
74.5,6720956,1942557,974329,1031970,22580,116005,15454374,5284691,5149036,110480,22273,720889,3119994,879094,812196,57521,155331,609663
75.5,7942824,2616859,1676947,1603822,57392,265203,17191217,6491263,6416509,232911,52451,1065999,3753738,1304360,1064138,126489,314391,972068
76.5,9340423,3476271,2736665,2403336,136331,556293,19181686,7995238,7949553,462366,118796,1524689,4458675,1854665,1382500,257163,583209,1478178
77.5,10926419,4557703,4242178,3476801,302770,1073891,21461728,9851146,9777961,866890,257591,2119683,5233178,2534170,1780416,487553,999727,2155457
78.5,12709708,5901294,6260173,4863018,629077,1915307,24066958,12114090,11925272,1539750,532805,2877571,6074767,3338778,2272222,868578,1596931,3029146
79.5,14693947,7549012,8817242,6587987,1224138,3170947,27030522,14834586,14405296,2598661,1048401,3830148,6980412,4258001,2873376,1463737,2397138,4121240
80.5,16876136,9542469,11886743,8661004,2234177,4899824,30380193,18051517,17218609,4179376,1958829,5015432,7946877,5278358,3600448,2346770,3409585,5449649
81.5,19245384,11919829,15384759,11072838,3831392,7109476,34134681,21783464,20349450,6422555,3471432,6477916,8971049,6387292,4471195,3597020,4632183,7027349
82.5,21781997,14711794,19176777,13796105,6187247,9749095,38299260,26019277,23763482,9454211,5833223,8267590,10050249,7576612,5504693,5292511,6056617,8861372
83.5,24457031,17936754,23093605,16787374,9432748,12719086,42860959,30709304,27406844,13361905,9296399,10437281,11182486,8844787,6721406,7501182,7674838,10951603
84.5,27232378,21595352,26952677,19990197,13614814,15893080,47783787,35759220,31206840,18170675,14063015,13037860,12366662,10197877,8143078,10271177,9484936,13289462
85.5,30061431,25664911,30579903,23338280,18662441,19143726,53004623,41028539,35074419,23823895,20218264,16111052,13602700,11649256,9792225,13621482,11495013,15856618
86.5,32890287,30094366,33827891,26758240,24375730,22363690,58430569,46335494,38908374,30174205,27670051,19679928,14891606,13218435,11691032,17534346,13724546,18623957
87.5,35659435,34800558,36587882,30171801,30444344,25476917,63938594,51468927,42600944,36988028,36115736,23737727,16235448,14929278,13859442,21950771,16203268,21551004
88.5,38305808,39666793,38794686,33497615,36492131,28439631,69378177,56206371,46044294,43964260,45052114,28236458,17637264,16807801,16312303,26769842,18967860,24585967
89.5,40765093,44544589,40425381,36653104,42135982,31233716,74577357,60335886,49137199,50764331,53832767,33077511,19100880,18879625,19055548,31852059,22056632,27666504
90.5,42974201,49259260,41493502,39556754,47043197,33856184,79352145,63678050,51791224,57048072,61762303,38107033,20630642,21167024,22081563,37026174,25502221,30721226
91.5,44873800,53619537,42040664,42131112,50973750,36308028,83518639,66104220,53935762,62508645,68205285,43118789,22231039,23685525,25364188,42098684,29322280,33671889
92.5,46410840,57430824,42127411,44306510,53800122,38584672,86906688,67547867,55521465,66900535,72683519,47866284,23906218,26440019,28854045,46864975,33508307,36436139
93.5,47541003,60510911,41824580,46025179,55504721,40669259,89373479,68007332,56521828,70056810,74939757,52084146,25659362,29420512,32475210,51121290,38013295,38930685
94.5,48230982,62706361,41206003,47245229,56160433,42529273,90815328,67540213,56932940,71894702,74956627,55516454,27491926,32597804,36124374,54676930,42739741,41074742
95.5,48460473,63907345,40342887,47943795,55902306,44116647,91176094,66251249,56771629,72411064,72932191,57947522,29402726,35919624,39673541,57366244,47530538,42793623
96.5,48223715,64058722,39299903,48118735,54897943,45371223,90451144,64276505,56072407,71670770,69223804,59229378,31386876,39307975,42976909,59059983,52166152,44022366
97.5,47530395,63165564,38132802,47788470,53322012,46227140,88686449,61766864,54883667,69791532,64277093,59300408,33434607,42658576,45881830,59675372,56371687,44709305
98.5,46405741,61292231,36887267,46989898,51337585,46621377,85973125,58873283,53263617,66928074,58556504,58191420,35530015,45843297,48242798,59183928,59836511,44819423
99.5,44889653,58555127,35598715,45774667,49084787,46503210,82438382,55735405,51276335,63257620,52489530,56018232,37649828,48716228,49936524,57615822,62246803,44337317
100.5,43034834,55110333,34292751,44204361,46675778,45843059,78234217,52474105,48988260,58967610,46430562,52962899,39762310,51123543,50875598,55059597,63327832,43269471
101.5,40903981,51138088,32986065,42345309,44194419,44639082,73525359,49187809,46465284,54245750,40644656,49247970,41826495,52916611,51018269,51656447,62889023,41645493
102.5,38566250,46826422,31687573,40263719,41698970,42920232,68477824,45951875,43770518,49272088,35307583,45109029,43791938,53966978,50372542,47589056,60862153,39517951
103.5,36093309,42356131,30399715,38021684,39226380,40745097,63249150,42820179,40962706,44212649,30516728,40770295,45599223,54181187,48993921,43065996,57322892,36960511
104.5,33555370,37888741,29119815,35674387,36797160,38196746,57980956,39827994,38095208,39214371,26307453,36426487,47181456,53513010,46977449,38303611,52488832,34064238
105.5,31017598,33558414,27841479,33268606,34420170,35374586,52794067,36995456,35215440,34401231,22670614,32232278,48466870,51970851,44445739,33507927,46692786,30932200
106.5,28537224,29467964,26555996,30842432,32096932,32384764,47786101,34331081,32364664,29871676,19568429,28298901,49382636,49618751,41535270,28859125,40336485,27672818
107.5,26161578,25688545,25253735,28425941,29825293,29330793,43031156,31834989,29578004,25697524,16947312,24696417,49859731,46570607,38383226,24500565,33834905,24392650
108.5,23927128,22262164,23925513,26042534,27602333,26305757,38581120,29501668,26884633,21924455,14747309,21459593,49838573,42978441,35116615,20533368,27563275,21189468
109.5,21859450,19206031,22563881,23710610,25426516,23386956,34468077,27322209,24308056,18574019,12908432,18595510,49274897,39016699,31844673,17016446,21817124,18146482
110.5,19973982,16517776,21164267,21445272,23299070,20633234,30707327,25286013,21866455,15646925,11374487,16091363,48145198,34865169,28654783,13970976,16791261,15328354
111.5,18277309,14180768,19725906,19259817,21224638,18084713,27300629,23382034,19573084,13127187,10095054,13921463,46450970,30693126,25611512,11387753,12578202,12779358
112.5,16768759,12168972,18252450,17166816,19211264,15764371,24239362,21599623,17436705,10986632,9026218,12052961,44221031,26646808,22758025,9235736,9182107,10523656
113.5,15442072,10451040,16752195,15178678,17269813,13680753,21507396,19929041,15462052,9189297,8130516,10450141,41511411,22841414,20119019,7470399,6541857,8567357
114.5,14286972,8993505,15237855,13307664,15412970,11831170,19083586,18361713,13650323,7695328,7376458,9077410,38402590,19357880,17704386,6040885,4556674,6901786
115.5,13290531,7763103,13725898,11565431,13653994,10204891,16943814,16890299,11999689,6464149,6737847,7901190,34994266,16243832,15512999,4895497,3109172,5507353
116.5,12438253,6728326,12235476,9962225,12005411,8785993,15062609,15508626,10505812,5456796,6193038,6890992,31398219,13517636,13536186,3985442,2082876,4357435
117.5,11714878,5860347,10787063,8505955,10477834,7555696,13414368,14211534,9162353,4637459,5724233,6019896,27730120,11174234,11760687,3267026,1373377,3421840
118.5,11104901,5133465,9400947,7201321,9079042,6494150,11974227,12994682,7961453,3974335,5316837,5264658,24101295,9191602,10170989,2702630,893770,2669599
119.5,10592872,4525224,8095752,6049234,7813412,5581698,10718654,11854344,6894179,3439937,4958902,4605570,20611411,7536885,8751040,2260841,575827,2071002
120.5,10163506,4016295,6887162,5046603,6681731,4799702,9625814,10787213,5950917,3011032,4640648,4026215,17342851,6171631,7485424,1916048,368495,1598898
121.5,9801679,3590243,5786962,4186567,5681353,4131025,8675752,9790237,5121715,2668328,4354061,3513153,14357257,5055867,6360053,1647761,235073,1229386
122.5,9492361,3233209,4802504,3459086,4806637,3560258,7850456,8860497,4396560,2396038,4092564,3055600,11694328,4150959,5362479,1439838,150066,942039
123.5,9220553,2933586,3936591,2851807,4049562,3073769,7133824,7995125,3765599,2181386,3850733,2645112,9372690,3421425,4481923,1279709,96261,719810
124.5,8971283,2681690,3187764,2351019,3400427,2659645,6511570,7191257,3219313,2014122,3624074,2275270,7392392,2835881,3709070,1157689,62315,548738
125.5,8729727,2469462,2550895,1942598,2848544,2307565,5971092,6446021,2748634,1886066,3408839,1941382,5738451,2367357,3035755,1066369,40895,417570
126.5,8481488,2290196,2017976,1612797,2382865,2008645,5501323,5756560,2345037,1790703,3201891,1640171,4384888,1993199,2454565,1000119,27334,317341
127.5,8213060,2138306,1579009,1348848,1992495,1755270,5092567,5120053,2000592,1722822,3000602,1369465,3298739,1694713,1958459,954675,18695,240983
128.5,7912477,2009129,1222865,1139343,1667080,1540935,4736343,4533760,1707992,1678205,2802800,1127877,2443649,1456685,1540453,926797,13146,182965
129.5,7570086,1898755,938069,974420,1397072,1360099,4425232,3995059,1460573,1653361,2606744,914489,1782837,1266864,1193400,913986,9549,138987
130.5,7179369,1803891,713424,845801,1173882,1208055,4152735,3501475,1252305,1645292,2411145,728544,1281298,1115460,909907,914235,7196,105721
131.5,6737681,1721748,538488,746712,989937,1080818,3913145,3050696,1077789,1651284,2215203,569193,907286,994678,682369,925805,5649,80603
132.5,6246757,1649955,403872,671746,838679,975028,3701430,2640583,932228,1668734,2018667,435282,633124,898327,503115,947006,4638,61666
133.5,5712839,1586485,301401,616698,714507,887880,3513139,2269150,811410,1695001,1821888,325235,435498,821468,364619,975985,3995,47405
134.5,5146348,1529602,224155,578393,612700,817049,3344312,1934543,711668,1727292,1625861,237018,295359,760137,259727,1010514,3620,36672
135.5,4561049,1477823,166416,554533,529314,760649,3191416,1634993,629848,1762591,1432217,168193,197561,711105,181874,1047813,3457,28597
136.5,3972805,1429885,123569,543557,461090,717185,3051288,1368773,563267,1797637,1243158,116042,130370,671689,125244,1084407,3484,22520
137.5,3398050,1384723,91957,544529,405351,685529,2921093,1134148,509673,1828966,1061322,77730,84904,639599,84862,1116098,3705,17945
138.5,2852233,1341455,68736,557039,359916,664896,2798302,929322,467206,1853016,889564,50490,54591,612820,56618,1138081,4155,14499
139.5,2348421,1299370,51731,581117,323017,654831,2680674,752406,434353,1866294,730693,31767,34669,589524,37229,1145260,4907,11903
140.5,1896306,1257914,39298,617146,293233,655204,2566251,601394,409917,1865601,587174,19343,21756,568022,24152,1132805,6083,9950
141.5,1501686,1216685,30212,665764,269433,666206,2453363,474155,392976,1848277,460856,11391,13498,546743,15476,1096889,7889,8487
142.5,1166473,1175415,23571,727738,250724,688353,2340640,368447,382854,1812446,352765,6484,8284,524260,9808,1035519,10655,7400
143.5,889138,1133963,18712,803804,236414,722478,2227016,281950,379088,1757221,263004,3566,5032,499339,6157,949263,14902,6609
144.5,665458,1092295,15156,894452,225981,769718,2111750,212310,381399,1682831,190776,1896,3027,471024,3833,841634,21447,6054
145.5,489403,1050468,12559,999665,219049,831470,1994421,157199,389659,1590640,134527,974,1805,438733,2371,718937,31543,5695
146.5,354014,1008611,10674,1118620,215370,909306,1874934,114366,403851,1483064,92167,484,1067,402345,1459,589488,47049,5509
147.5,252153,966905,9327,1249383,214812,1004816,1753502,81700,424016,1363370,61334,232,626,362255,894,462319,70600,5482
148.5,177071,925565,8397,1388656,217353,1119355,1630622,57275,450194,1235400,39647,108,365,319364,547,345659,105689,5615
149.5,122765,884817,7802,1531644,223076,1253664,1507037,39379,482331,1103250,24903,49,211,275004,334,245617,156499,5918
150.5,84160,844886,7494,1672110,232172,1407348,1383686,26541,520166,970945,15209,21,122,230784,205,165406,227250,6417
151.5,57140,805977,7449,1802695,244942,1578223,1261646,17526,563100,842159,9041,9,70,188380,125,105302,320848,7153
152.5,38489,768266,7665,1915494,261808,1761600,1142065,11335,610047,719994,5238,4,40,149315,77,63236,436793,8186
153.5,25767,731891,8168,2002862,283321,1949637,1026097,7177,659285,606846,2962,2,23,114773,48,35753,568780,9604
154.5,17176,696945,9010,2058322,310168,2130990,914841,4448,708366,504354,1638,0,13,85470,30,19003,703074,11533
155.5,11422,663476,10276,2077415,343188,2291032,809281,2698,754092,413428,887,0,7,61624,18,9484,819141,14145
156.5,7592,631481,12100,2058326,383376,2412913,710245,1600,792649,334324,472,0,4,43005,12,4441,893686,17678
157.5,5054,600913,14679,2002134,431885,2479603,618373,929,819898,266762,247,0,2,29051,7,1950,907671,22458
158.5,3376,571680,18300,1912649,490017,2476753,534100,527,831860,210057,128,0,1,19005,5,803,853776,28925
159.5,2267,543653,23368,1795862,559201,2395888,457652,293,825322,163251,65,0,0,12048,3,310,740471,37662
160.5,1533,516666,30458,1659141,640947,2237066,389056,159,798473,125228,33,0,0,7409,2,112,589975,49436
161.5,1046,490528,40354,1510325,736781,2010087,328163,84,751405,94812,17,0,0,4426,1,38,430604,65221
162.5,722,465029,54112,1356905,848132,1733591,274668,44,686330,70846,8,0,0,2572,0,12,287309,86232
163.5,504,439947,73093,1205379,976203,1432006,228147,22,607401,52237,4,0,0,1457,0,4,175028,113915
164.5,357,415062,98967,1060879,1121789,1131099,188086,11,520150,37998,2,0,0,806,0,1,97310,149917
165.5,257,390165,133635,927033,1285075,853382,153916,5,430644,27261,1,0,0,436,0,0,49392,195977
166.5,188,365076,179026,806034,1465410,614686,125038,3,344569,19283,0,0,0,231,0,0,22913,253748
167.5,140,339654,236712,698856,1661088,422743,100848,1,266471,13442,0,0,0,121,0,0,9734,324508
168.5,106,313815,307323,605514,1869155,277796,80758,0,199295,9231,0,0,0,62,0,0,3796,408781
169.5,82,287547,389814,525356,2085293,174661,64214,0,144307,6241,0,0,0,31,0,0,1364,505888
170.5,65,260917,480732,457311,2303798,105282,50698,0,101321,4153,0,0,0,16,0,0,453,613495
171.5,53,234087,573760,400095,2517701,61002,39745,0,69121,2719,0,0,0,8,0,0,140,727276
172.5,43,207304,659882,352363,2719043,34086,30936,0,45929,1749,0,0,0,4,0,0,40,840820
173.5,37,180899,728419,312812,2899304,18439,23906,0,29810,1106,0,0,0,2,0,0,11,945917
174.5,32,155263,768973,280239,3049976,9699,18339,0,18960,687,0,0,0,0,0,0,3,1033312
175.5,28,130824,773870,253579,3163207,4985,13963,0,11860,419,0,0,0,0,0,0,0,1093890
176.5,25,108009,740374,231907,3232476,2517,10549,0,7323,251,0,0,0,0,0,0,0,1120135
177.5,23,87203,671831,214438,3253196,1256,7907,0,4482,147,0,0,0,0,0,0,0,1107571
178.5,22,68713,577159,200518,3223170,624,5878,0,2730,85,0,0,0,0,0,0,0,1055822
179.5,21,52738,468779,189602,3142847,310,4333,0,1662,48,0,0,0,0,0,0,0,968965
180.5,21,39348,359663,181242,3015326,155,3165,0,1016,26,0,0,0,0,0,0,0,855020
181.5,21,28483,260560,175072,2846113,79,2291,0,627,14,0,0,0,0,0,0,0,724641
182.5,22,19966,178254,170789,2642656,41,1642,0,391,8,0,0,0,0,0,0,0,589327
183.5,23,13527,115221,168142,2413729,22,1165,0,248,4,0,0,0,0,0,0,0,459592
184.5,24,8841,70439,166923,2168732,12,818,0,161,2,0,0,0,0,0,0,0,343524
185.5,26,5566,40787,166953,1916994,7,568,0,107,1,0,0,0,0,0,0,0,246031
186.5,29,3369,22411,168076,1667155,4,390,0,73,0,0,0,0,0,0,0,0,168832
187.5,32,1957,11711,170152,1426680,3,265,0,51,0,0,0,0,0,0,0,0,111029
188.5,37,1090,5836,173055,1201535,2,177,0,37,0,0,0,0,0,0,0,0,70005
189.5,42,581,2781,176664,996040,1,117,0,28,0,0,0,0,0,0,0,0,42349
190.5,49,296,1272,180864,812876,0,76,0,22,0,0,0,0,0,0,0,0,24604
191.5,58,144,560,185544,653221,0,49,0,18,0,0,0,0,0,0,0,0,13744
192.5,70,67,238,190596,516973,0,31,0,15,0,0,0,0,0,0,0,0,7394
193.5,84,30,99,195920,403028,0,19,0,14,0,0,0,0,0,0,0,0,3838
194.5,102,12,40,201419,309565,0,12,0,13,0,0,0,0,0,0,0,0,1925
195.5,124,5,16,207006,234322,0,7,0,12,0,0,0,0,0,0,0,0,936
196.5,153,2,6,212604,174829,0,4,0,12,0,0,0,0,0,0,0,0,442
197.5,189,0,2,218149,128606,1,3,0,13,0,0,0,0,0,0,0,0,203
198.5,235,0,0,223591,93297,1,1,0,14,0,0,0,0,0,0,0,0,91
199.5,294,0,0,228896,66765,2,0,0,16,0,0,0,0,0,0,0,0,40
200.5,367,0,0,234048,47145,3,0,0,18,0,0,0,0,0,0,0,0,17
201.5,460,0,0,239046,32861,5,0,0,22,0,0,0,0,0,0,0,0,7
202.5,577,0,0,243905,22617,8,0,0,28,0,0,0,0,0,0,0,0,3
203.5,723,0,0,248658,15377,14,0,0,35,0,0,0,0,0,0,0,0,1
204.5,905,0,0,253346,10333,25,0,0,46,0,0,3,0,0,0,0,0,0
205.5,1130,0,0,258027,6865,46,0,0,62,0,0,11,0,0,0,0,0,0
206.5,1407,0,0,262765,4513,88,0,0,86,0,0,37,0,0,0,0,0,0
207.5,1746,0,0,267631,2937,170,0,0,120,0,0,116,0,0,0,0,0,0
208.5,2156,0,0,272704,1893,334,0,0,170,0,0,351,0,0,0,0,0,0
209.5,2648,0,0,278064,1210,661,0,0,243,0,0,1006,0,0,0,0,0,0
210.5,3231,0,0,283793,767,1308,0,0,353,0,0,2720,0,0,0,0,0,0
211.5,3915,0,0,289976,483,2578,0,0,514,0,0,6906,0,0,0,0,0,0
212.5,4707,0,0,296696,302,5028,0,0,753,0,0,16381,0,0,0,0,0,0
213.5,5610,0,0,304035,188,9656,0,0,1105,0,0,36135,0,0,0,0,0,0
214.5,6624,0,0,312073,117,18170,0,0,1620,0,0,73823,0,0,0,0,0,0
215.5,7742,0,0,320891,72,33352,0,0,2369,0,0,139148,0,0,0,0,0,0
216.5,8951,0,0,330564,45,59455,0,0,3447,0,0,241154,1,0,0,0,0,0
217.5,10231,0,0,341166,28,102532,0,0,4982,0,0,383089,3,0,0,0,0,0
218.5,11552,0,0,352770,17,170439,0,0,7137,0,0,556289,6,0,0,0,0,0
219.5,12876,0,0,365445,11,272203,0,0,10118,0,0,736629,14,0,0,0,0,0
220.5,14159,0,0,379255,7,416449,0,0,14175,0,0,887649,31,0,0,0,0,0
221.5,15352,0,0,394264,4,608764,0,0,19593,0,0,971648,68,0,0,0,0,0
222.5,16401,0,0,410530,3,848341,0,0,26685,0,0,964751,145,0,0,0,0,0
223.5,17256,0,0,428107,2,1124814,0,0,35769,0,0,867863,306,0,0,0,0,0
224.5,17868,0,0,447044,1,1416678,0,0,47137,0,0,706693,633,0,0,0,0,0
225.5,18199,0,0,467384,0,1692629,0,0,61011,0,0,520576,1279,0,0,0,0,0
226.5,18225,0,0,489162,0,1916458,0,0,77497,0,0,346783,2517,0,0,0,0,0
227.5,17933,0,0,512406,0,2054705,0,0,96532,0,0,208884,4813,0,2,0,0,0
228.5,17331,0,0,537134,0,2084941,0,0,117840,0,0,113785,8919,0,4,0,0,0
229.5,16442,0,0,563351,0,2001808,0,0,140904,0,0,56073,15970,0,7,0,0,0
230.5,15306,0,0,591049,0,1818567,0,0,164955,0,0,25014,27566,0,15,0,0,0
231.5,13975,0,0,620203,0,1563532,0,0,189003,0,0,10109,45756,0,31,0,0,0
232.5,12510,0,0,650767,0,1272740,0,0,211892,0,0,3705,72870,0,64,0,0,0
233.5,10974,0,0,682674,0,981522,0,0,232392,0,0,1233,111100,0,131,0,0,0
234.5,9431,0,0,715827,0,717699,0,0,249308,0,0,373,161826,0,265,0,0,0
235.5,7936,0,0,750096,0,498077,0,0,261601,0,0,103,224757,0,529,0,0,0
236.5,6538,0,0,785314,0,328448,0,0,268495,0,0,26,297112,0,1039,0,0,0
237.5,5271,0,0,821269,0,206073,0,0,269562,0,0,6,373196,0,1996,0,0,0
238.5,4157,0,0,857696,0,123194,0,0,264768,0,0,1,444714,0,3748,0,0,0
239.5,3207,0,0,894276,0,70285,0,0,254468,0,0,0,502025,0,6850,0,0,0
240.5,2418,0,0,930622,0,38333,0,0,239365,0,0,0,536162,0,12148,0,0,0
241.5,1783,0,0,966280,0,20023,0,0,220428,0,0,0,541091,0,20842,0,0,0
242.5,1285,0,0,1000719,0,10035,0,0,198788,0,0,0,515437,0,34486,0,0,0
243.5,904,0,0,1033333,0,4836,0,0,175622,0,0,0,463011,0,54875,0,0,0
244.5,622,0,0,1063440,0,2245,0,0,152055,0,0,0,391871,0,83729,0,0,0
245.5,418,0,0,1090286,0,1006,0,0,129073,0,0,0,312253,0,122172,0,0,0
246.5,274,0,0,1113057,0,437,0,0,107466,0,0,0,234102,0,170031,0,0,0
247.5,175,0,0,1130896,0,184,0,0,87803,0,0,0,165046,0,225146,0,0,0
248.5,110,0,0,1142924,0,75,0,0,70431,0,0,0,109375,0,282974,0,0,0
249.5,67,0,0,1148278,0,30,0,0,55494,0,0,0,68108,0,336825,0,0,0
250.5,40,0,0,1146144,0,12,0,0,42972,0,0,0,39843,0,378891,0,0,0
251.5,23,0,0,1135808,0,4,0,0,32720,0,0,0,21893,0,401990,0,0,0
252.5,13,0,0,1116707,0,2,0,0,24511,0,0,0,11299,0,401515,0,0,0
253.5,7,0,0,1088484,0,0,0,0,18074,0,0,0,5478,0,376898,0,0,0
254.5,4,0,0,1051037,0,0,0,0,13127,0,0,0,2495,0,331963,0,0,0
255.5,2,0,0,1004567,0,0,0,0,9395,0,0,0,1067,0,273945,0,0,0
256.5,1,0,0,949609,0,0,0,0,6630,0,0,0,429,0,211526,0,0,0
257.5,0,0,0,887044,0,0,0,0,4615,0,0,0,162,0,152640,0,0,0
258.5,0,0,0,818088,0,0,0,0,3172,0,0,0,58,0,102828,0,0,0
259.5,0,0,0,744259,0,0,0,0,2152,0,0,0,19,0,64605,0,0,0
260.5,0,0,0,667309,0,0,0,0,1443,0,0,0,6,0,37825,0,0,0
261.5,0,0,0,589135,0,0,0,0,957,0,0,0,2,0,20623,0,0,0
262.5,0,0,0,511676,0,0,0,0,628,0,0,0,0,0,10464,0,0,1
263.5,0,0,0,436795,0,0,0,0,407,0,0,0,0,0,4939,0,0,2
264.5,0,0,0,366163,0,0,0,0,262,0,0,0,0,0,2168,0,0,2
265.5,0,0,0,301166,0,0,0,0,167,0,0,0,0,0,884,0,0,3
266.5,0,0,0,242831,0,0,0,0,105,0,0,0,0,0,335,0,0,4
267.5,0,0,0,191782,0,0,0,0,66,0,0,0,0,0,118,0,0,6
268.5,0,0,0,148244,0,0,0,0,41,0,0,0,0,0,39,0,0,7
269.5,0,0,0,112068,0,0,0,0,25,0,0,0,0,0,12,0,0,10
270.5,0,0,0,82798,1,0,0,0,15,0,0,0,0,0,3,0,0,12
271.5,0,0,0,59744,2,0,0,0,9,0,0,0,0,0,0,0,0,15
272.5,0,0,0,42078,3,0,0,0,6,0,0,0,0,0,0,0,0,18
273.5,0,0,0,28910,5,0,0,0,3,0,0,0,0,0,0,0,0,21
274.5,0,0,0,19368,8,0,0,0,2,0,0,0,0,0,0,0,0,24
275.5,0,0,0,12646,12,0,0,0,1,0,0,0,0,0,0,0,0,27
276.5,0,0,0,8046,18,0,0,0,0,0,0,0,0,0,0,0,0,30
277.5,0,0,0,4986,28,0,0,0,0,0,0,0,0,0,0,0,0,33
278.5,0,0,0,3009,43,0,0,0,0,0,0,0,0,0,0,0,0,35
279.5,0,0,0,1768,67,0,0,0,0,0,0,0,0,0,0,0,0,36
280.5,0,0,0,1012,103,0,0,0,0,0,0,0,0,0,0,0,0,37
281.5,0,0,0,564,158,0,0,0,0,0,0,0,0,0,0,0,0,37
282.5,0,0,0,306,243,0,0,0,0,0,0,0,0,0,0,0,0,36
283.5,0,0,0,162,371,0,0,0,0,0,0,0,0,0,0,0,0,34
284.5,0,0,0,83,565,0,0,0,0,0,0,0,0,0,0,0,0,32
285.5,0,0,0,42,856,0,0,0,0,0,0,0,0,0,0,0,0,29
286.5,0,0,0,21,1289,0,0,0,0,0,0,0,0,0,0,0,0,26
287.5,0,0,0,10,1928,0,0,0,0,0,0,0,0,0,0,0,0,23
288.5,0,0,0,5,2864,0,0,0,0,0,0,0,0,0,0,0,0,20
289.5,0,0,0,2,4220,0,0,0,0,0,0,0,0,0,0,0,0,16
290.5,0,0,0,0,6165,0,0,0,0,0,0,0,0,0,0,0,0,13
291.5,0,0,0,0,8920,0,0,0,0,0,0,0,0,0,0,0,0,11
292.5,0,0,0,0,12776,0,0,0,0,0,0,0,0,0,0,0,0,8
293.5,0,0,0,0,18106,0,0,0,0,0,0,0,0,0,0,0,0,6
294.5,0,0,0,0,25370,0,0,0,0,0,0,0,0,0,0,0,0,5
295.5,0,0,0,0,35130,0,0,0,0,0,0,0,0,0,0,0,0,4
296.5,0,0,0,0,48043,0,0,0,0,0,0,0,0,0,0,0,0,3
297.5,0,0,0,0,64860,0,0,0,0,0,0,0,0,0,0,0,0,2
298.5,0,0,0,0,86400,0,0,0,0,0,0,0,0,0,0,0,0,1
299.5,0,0,0,0,113511,0,0,0,0,0,0,0,0,0,0,0,0,0
300.5,0,0,0,0,147022,0,0,0,0,0,0,0,0,0,0,0,0,0
301.5,0,0,0,0,187664,0,0,0,0,0,0,0,0,0,0,0,0,0
302.5,0,0,0,0,235987,0,0,0,0,0,0,0,0,0,0,0,0,0
303.5,0,0,0,0,292261,0,0,0,0,0,0,0,0,0,0,0,0,0
304.5,0,0,0,0,356381,0,0,0,0,0,0,0,0,0,0,0,0,0
305.5,0,0,0,0,427775,0,0,0,0,0,0,0,0,0,0,0,0,0
306.5,0,0,0,0,505343,0,0,0,0,0,0,0,0,0,0,0,0,0
307.5,0,0,0,0,587429,0,0,0,0,0,0,0,0,0,0,0,0,0
308.5,0,0,0,0,671836,0,0,0,0,0,0,0,0,0,0,0,0,0
309.5,0,0,0,0,755904,0,0,0,0,0,0,0,0,0,0,0,0,0
310.5,0,0,0,0,836631,0,0,0,0,0,0,0,0,0,0,0,0,0
311.5,0,0,0,0,910852,0,0,0,0,0,0,0,0,0,0,0,0,0
312.5,0,0,0,0,975447,0,0,0,0,0,0,0,0,0,0,0,0,0
313.5,0,0,0,0,1027563,0,0,0,0,0,0,0,0,0,0,0,0,0
314.5,0,0,0,0,1064835,0,0,0,0,0,0,0,0,0,0,0,0,0
315.5,0,0,0,0,1085563,0,0,0,0,0,0,0,0,0,0,0,0,0
316.5,0,0,0,0,1088849,0,0,0,0,0,0,0,0,0,0,0,0,0
317.5,0,0,0,0,1074659,0,0,0,0,0,0,0,0,0,0,0,0,0
318.5,0,0,0,0,1043817,0,0,0,0,0,0,0,0,0,0,0,0,0
319.5,0,0,0,0,997922,0,0,0,0,0,0,0,0,0,0,0,0,0
320.5,0,0,0,0,939211,0,0,0,0,0,0,0,0,0,0,0,0,0
321.5,0,0,0,0,870378,0,0,0,0,0,0,0,0,0,0,0,0,0
322.5,0,0,0,0,794363,0,0,0,0,0,0,0,0,0,0,0,0,0
323.5,0,0,0,0,714154,0,0,0,0,0,0,0,0,0,0,0,0,0
324.5,0,0,0,0,632594,0,0,0,0,0,0,0,0,0,0,0,0,0
325.5,0,0,0,0,552232,0,0,0,0,0,0,0,0,0,0,0,0,0
326.5,0,0,0,0,475211,0,0,0,0,0,0,0,0,0,0,0,0,0
327.5,0,0,0,0,403209,0,0,0,0,0,0,0,0,0,0,0,0,0
328.5,0,0,0,0,337411,0,0,0,0,0,0,0,0,0,0,0,0,0
329.5,0,0,0,0,278539,0,0,0,0,0,0,0,0,0,0,0,0,0
330.5,0,0,0,0,226893,0,0,0,0,0,0,0,0,0,0,0,0,0
331.5,0,0,0,0,182419,0,0,0,0,0,0,0,0,0,0,0,0,0
332.5,0,0,0,0,144792,0,0,0,0,0,0,0,0,0,0,0,0,0
333.5,0,0,0,0,113488,0,0,0,0,0,0,0,0,0,0,0,0,0
334.5,0,0,0,0,87859,0,0,0,0,0,0,0,0,0,0,0,0,0
335.5,0,0,0,0,67198,0,0,0,0,0,0,0,0,0,0,0,0,0
336.5,0,0,0,0,50786,0,0,0,0,0,0,0,0,0,0,0,0,0
337.5,0,0,0,0,37936,0,0,0,0,0,0,0,0,0,0,0,0,0
338.5,0,0,0,0,28013,0,0,0,0,0,0,0,0,0,0,0,0,0
339.5,0,0,0,0,20453,0,0,0,0,0,0,0,0,0,0,0,0,0
340.5,0,0,0,0,14767,0,0,0,0,0,0,0,0,0,0,0,0,0
341.5,0,0,0,0,10545,0,0,0,0,0,0,0,0,0,0,0,0,0
342.5,0,0,0,0,7449,0,0,0,0,0,0,0,0,0,0,0,0,0
343.5,0,0,0,0,5205,0,0,0,0,0,0,0,0,0,0,0,0,0
344.5,0,0,0,0,3599,0,0,0,0,0,0,0,0,0,0,0,0,0
345.5,0,0,0,0,2462,0,0,0,0,0,0,0,0,0,0,0,0,0
346.5,0,0,0,0,1667,0,0,0,0,0,0,0,0,0,0,0,0,0
347.5,0,0,0,0,1117,0,0,0,0,0,0,0,0,0,0,0,0,0
348.5,0,0,0,0,740,0,0,0,0,0,0,0,0,0,0,0,0,0
349.5,0,0,0,0,486,0,0,0,0,0,0,0,0,0,0,0,0,0
350.5,0,0,0,0,315,0,0,0,0,0,0,0,0,0,0,0,0,0
351.5,0,0,0,0,203,0,0,0,0,0,0,0,0,0,0,0,0,0
352.5,0,0,0,0,129,0,0,0,0,0,0,0,0,0,0,0,0,0
353.5,0,0,0,0,81,0,0,0,0,0,0,0,0,0,0,0,0,0
354.5,0,0,0,0,50,0,0,0,0,0,0,0,0,0,0,0,0,0
355.5,0,0,0,0,31,2,0,0,0,0,0,0,0,0,0,0,0,0
356.5,0,0,0,0,19,3,0,0,0,0,0,0,0,0,0,0,0,0
357.5,0,0,0,0,11,5,0,0,0,0,0,0,0,0,0,0,0,0
358.5,0,0,0,0,7,9,0,0,0,0,0,0,0,0,0,0,0,0
359.5,0,0,0,0,4,17,0,0,0,0,0,0,0,0,0,0,0,0
360.5,0,0,0,0,2,29,0,0,0,0,0,0,0,0,0,0,0,0
361.5,0,0,0,0,1,51,0,0,0,0,0,0,0,0,0,0,0,0
362.5,0,0,0,0,0,86,0,0,0,0,0,0,0,0,0,0,0,0
363.5,0,0,0,0,0,142,0,0,0,0,0,0,0,0,0,0,0,0
364.5,0,0,0,0,0,233,0,0,0,0,0,0,0,0,0,0,0,0
365.5,0,0,0,0,0,374,0,0,0,0,0,0,0,0,0,0,0,0
366.5,0,0,0,0,0,589,0,0,0,0,0,0,0,0,0,0,0,0
367.5,0,0,0,0,0,913,0,0,0,0,0,0,0,0,0,0,0,0
368.5,0,0,0,0,0,1387,0,0,0,0,0,0,0,0,0,0,0,0
369.5,0,0,0,0,0,2069,0,0,0,0,0,0,0,0,0,0,0,0
370.5,0,0,0,0,0,3029,0,0,0,0,0,0,0,0,0,0,0,0
371.5,0,0,0,0,0,4349,0,0,0,0,0,0,0,0,0,0,0,0
372.5,0,0,0,0,0,6127,0,0,0,0,0,0,0,0,0,0,0,0
373.5,0,0,0,0,0,8464,0,0,0,0,0,0,0,0,0,0,0,0
374.5,0,0,0,0,0,11466,0,0,0,0,0,0,0,0,0,0,0,0
375.5,0,0,0,0,0,15231,0,0,0,0,0,0,0,0,0,0,0,0
376.5,0,0,0,0,0,19837,0,0,0,0,0,0,0,0,0,0,0,0
377.5,0,0,0,1,0,25328,0,0,0,0,0,0,0,0,0,0,0,0
378.5,0,0,0,3,0,31702,0,0,0,0,0,0,0,0,0,0,0,0
379.5,0,0,0,5,0,38895,0,0,0,0,0,0,0,0,0,0,0,0
380.5,0,0,0,9,0,46775,0,0,0,0,0,0,0,0,0,0,0,0
381.5,0,0,0,17,0,55136,0,0,0,0,0,0,0,0,0,0,0,0
382.5,0,0,0,30,0,63700,0,0,0,0,0,0,0,0,0,0,0,0
383.5,0,0,0,53,0,72132,0,0,0,0,0,0,0,0,0,0,0,0
384.5,0,0,0,92,0,80057,0,0,0,0,0,0,0,0,0,0,0,0
385.5,0,0,0,157,0,87087,0,0,0,0,0,0,0,0,0,0,0,0
386.5,0,0,0,262,0,92856,0,0,0,0,0,0,0,0,0,0,0,0
387.5,0,0,0,430,0,97044,0,0,0,0,0,0,0,0,0,0,0,0
388.5,0,0,0,691,0,99415,0,0,0,0,0,0,0,0,0,0,0,0
389.5,0,0,0,1089,0,99834,0,0,0,0,0,0,0,0,0,0,0,0
390.5,0,0,0,1682,0,98282,0,0,0,0,0,0,0,0,0,0,0,0
391.5,0,0,0,2546,0,94857,0,0,0,0,0,0,0,0,0,0,0,0
392.5,0,0,0,3779,0,89760,0,0,0,0,0,0,0,0,0,0,0,0
393.5,0,0,0,5499,0,83284,0,0,0,0,0,0,0,0,0,0,0,0
394.5,0,0,0,7846,0,75776,0,0,0,0,0,0,0,0,0,0,0,0
395.5,0,0,0,10980,0,67615,0,0,0,0,0,0,0,0,0,0,0,0
396.5,0,0,0,15070,0,59173,0,0,0,0,0,0,0,0,0,0,0,0
397.5,0,0,0,20292,0,50797,0,0,0,0,0,0,0,0,0,0,0,0
398.5,0,0,0,26809,0,42778,0,0,0,0,0,0,0,0,0,0,0,0
399.5,0,0,0,34761,0,35344,0,0,0,0,0,0,0,0,0,0,0,0
400.5,0,0,0,44245,0,28654,0,0,0,0,0,0,0,0,0,0,0,0
401.5,0,0,0,55298,0,22798,0,0,0,0,0,0,0,0,0,0,0,0
402.5,0,0,0,67881,0,17803,0,0,0,0,0,0,0,0,0,0,0,0
403.5,0,0,0,81868,0,13647,0,0,0,0,0,0,0,0,0,0,0,0
404.5,0,0,0,97036,0,10270,0,0,0,0,0,0,0,0,0,0,0,0
405.5,0,0,0,113072,0,7589,0,0,0,0,0,0,0,0,0,0,0,0
406.5,0,0,0,129575,0,5507,0,0,0,0,0,0,0,0,0,0,0,0
407.5,0,0,0,146077,0,3925,0,0,0,0,0,0,0,0,0,0,0,0
408.5,0,0,0,162068,0,2748,0,0,0,0,0,0,0,0,0,0,0,0
409.5,0,0,0,177020,0,1891,0,0,0,0,0,0,0,0,0,0,0,0
410.5,0,0,0,190427,0,1278,0,0,0,0,0,0,0,0,0,0,0,0
411.5,0,0,0,201828,0,849,0,0,0,0,0,0,0,0,0,0,0,0
412.5,0,0,0,210840,0,555,0,0,0,0,0,0,0,0,0,0,0,0
413.5,0,0,0,217180,0,356,0,0,0,0,0,0,0,0,0,0,0,0
414.5,0,0,0,220677,0,225,0,0,0,0,0,0,0,0,0,0,0,0
415.5,0,0,0,221282,0,140,0,0,0,0,0,0,0,0,0,0,0,0
416.5,0,0,0,219063,0,85,0,0,0,0,0,0,0,0,0,0,0,0
417.5,0,0,0,214195,0,51,0,0,0,0,0,0,0,0,0,0,0,0
418.5,0,0,0,206945,0,30,0,0,0,0,0,0,0,0,0,0,0,0
419.5,0,0,0,197647,0,18,0,0,0,0,0,0,0,0,0,0,0,0
420.5,0,0,0,186682,0,10,0,0,0,0,0,0,0,0,0,0,0,0
421.5,0,0,0,174456,0,6,0,0,0,0,0,0,0,0,0,0,0,0
422.5,0,0,0,161371,0,3,0,0,0,0,0,0,0,0,0,0,0,0
423.5,0,0,0,147812,0,2,0,0,0,0,0,0,0,0,0,0,0,0
424.5,0,0,0,134133,0,0,0,0,0,0,0,0,0,0,0,0,0,0
425.5,0,0,0,120640,0,0,0,0,0,0,0,0,0,0,0,0,0,0
426.5,0,0,0,107588,0,0,0,0,0,0,0,0,0,0,0,0,0,0
427.5,0,0,0,95181,0,0,0,0,0,0,0,0,0,0,0,0,0,0
428.5,0,0,0,83567,0,0,0,0,0,0,0,0,0,0,0,0,0,0
429.5,0,0,0,72847,0,0,0,0,0,0,0,0,0,0,0,0,0,0
430.5,0,0,0,63077,0,0,0,0,0,0,0,0,0,0,0,0,0,0
431.5,0,0,0,54275,0,0,0,0,0,0,0,0,0,0,0,0,0,0
432.5,0,0,0,46429,0,0,0,0,0,0,0,0,0,0,0,0,0,0
433.5,0,0,0,39502,0,0,0,0,0,0,0,0,0,0,0,0,0,0
434.5,0,0,0,33441,0,0,0,0,0,0,0,0,0,0,0,0,0,0
435.5,0,0,0,28182,0,0,0,0,0,0,0,0,0,0,0,0,0,0
436.5,0,0,0,23651,0,0,0,0,0,0,0,0,0,0,0,0,0,0
437.5,0,0,0,19775,0,0,0,0,0,0,0,0,0,0,0,0,0,0
438.5,0,0,0,16480,0,0,0,0,0,0,0,0,0,0,0,0,0,0
439.5,0,0,0,13695,0,0,0,0,0,0,0,0,0,0,0,0,0,0
440.5,0,0,0,11352,0,0,0,0,0,0,0,0,0,0,0,0,0,0
441.5,0,0,0,9391,0,0,0,0,0,0,0,0,0,0,0,0,0,0
442.5,0,0,0,7756,0,0,0,0,0,0,0,0,0,0,0,0,0,0
443.5,0,0,0,6397,0,0,0,0,0,0,0,0,0,0,0,0,0,0
444.5,0,0,0,5272,0,0,0,0,0,0,0,0,0,0,0,0,0,0
445.5,0,0,0,4343,0,0,0,0,0,0,0,0,0,0,0,0,0,0
446.5,0,0,0,3577,0,0,0,0,0,0,0,0,0,0,0,0,0,0
447.5,0,0,0,2948,0,0,0,0,0,0,0,0,0,0,0,0,0,0
448.5,0,0,0,2431,0,0,0,0,0,0,0,0,0,0,0,0,0,0
449.5,0,0,0,2006,0,0,0,0,0,0,0,0,0,0,0,0,0,0
450.5,0,0,0,1659,0,0,0,0,0,0,0,0,0,0,0,0,0,0
451.5,0,0,0,1374,0,0,0,0,0,0,0,0,0,0,0,0,0,0
452.5,0,0,0,1140,0,0,0,0,0,0,0,0,0,0,0,0,0,0
453.5,0,0,0,949,0,0,0,0,0,0,0,0,0,0,0,0,0,0
454.5,0,0,0,792,0,0,0,0,0,0,0,0,0,0,0,0,0,0
455.5,0,0,0,663,0,0,0,0,0,0,0,0,0,0,0,0,0,0
456.5,0,0,0,557,0,0,0,0,0,0,0,0,0,0,0,0,0,0
457.5,0,0,0,470,0,0,0,0,0,0,0,0,0,0,0,0,0,0
458.5,0,0,0,398,0,0,0,0,0,0,0,0,0,0,0,0,0,0
459.5,0,0,0,339,0,0,0,0,0,0,0,0,0,0,0,0,0,0
460.5,0,0,0,290,0,0,0,0,0,0,0,0,0,0,0,0,0,0
461.5,0,0,0,249,0,0,0,0,0,0,0,0,0,0,0,0,0,0
462.5,0,0,0,215,0,0,0,0,0,0,0,0,0,0,0,0,0,0
463.5,0,0,0,187,0,0,0,0,0,0,0,0,0,0,0,0,0,0
464.5,0,0,0,163,0,0,0,0,0,0,0,0,0,0,0,0,0,0
465.5,0,0,0,144,0,0,0,0,0,0,0,0,0,0,0,0,0,0
466.5,0,0,0,127,0,0,0,0,0,0,0,0,0,0,0,0,0,0
467.5,0,0,0,113,0,0,0,0,0,0,0,0,0,0,0,0,0,0
468.5,0,0,0,102,0,0,0,0,0,0,0,0,0,0,0,0,0,0
469.5,0,0,0,92,0,0,0,0,0,0,0,0,0,0,0,0,0,0
470.5,0,0,0,84,0,0,0,0,0,0,0,0,0,0,0,0,0,0
471.5,0,0,0,77,0,0,0,0,0,0,0,0,0,0,0,0,0,0
472.5,0,0,0,71,0,0,0,0,0,0,0,0,0,0,0,0,0,0
473.5,0,0,0,66,0,0,0,0,0,0,0,0,0,0,0,0,0,0
474.5,0,0,0,62,0,0,0,0,0,0,0,0,0,0,0,0,0,0
475.5,0,0,0,59,0,0,0,0,0,0,0,0,0,0,0,0,0,0
476.5,0,0,0,56,0,0,0,0,0,0,0,0,0,0,0,0,0,0
477.5,0,0,0,54,0,0,0,0,0,0,0,0,0,0,0,0,0,0
478.5,0,0,0,52,0,0,0,0,0,0,0,0,0,0,0,0,0,0
479.5,0,0,0,51,0,0,0,0,0,0,0,0,0,0,0,0,0,0
480.5,0,0,0,51,0,0,0,0,0,0,0,0,0,0,0,0,0,0
481.5,0,0,0,50,0,0,0,0,0,0,0,0,0,0,0,0,0,0
482.5,0,0,0,51,0,0,0,0,0,0,0,0,0,0,0,0,0,0
483.5,0,0,0,51,0,0,0,0,0,0,0,0,0,0,0,0,0,0
484.5,0,0,0,52,0,0,0,0,0,0,0,0,0,0,0,0,0,0
485.5,0,0,0,54,0,0,0,0,0,0,0,0,0,0,0,0,0,0
486.5,0,0,0,56,0,0,0,0,0,0,0,0,0,0,0,0,0,0
487.5,0,0,0,58,0,0,0,0,0,0,0,0,0,0,0,0,0,0
488.5,0,0,0,62,0,0,0,0,0,0,0,0,0,0,0,0,0,0
489.5,0,0,0,66,0,0,0,0,0,0,0,0,0,0,0,0,0,0
490.5,0,0,0,70,0,0,0,0,0,0,0,0,0,0,0,0,0,0
491.5,0,0,0,76,0,0,0,0,0,0,0,0,0,0,0,0,0,0
492.5,0,0,0,83,0,0,0,0,0,0,0,0,0,0,0,0,0,0
493.5,0,0,0,91,0,0,0,0,0,0,0,0,0,0,0,0,0,0
494.5,0,0,0,101,0,0,0,0,0,0,0,0,0,0,0,0,0,0
495.5,0,0,0,112,0,0,0,0,0,0,0,0,0,0,0,0,0,0
496.5,0,0,0,126,0,0,0,0,0,0,0,0,0,0,0,0,0,0
497.5,0,0,0,142,0,0,0,0,0,0,0,0,0,0,0,0,0,0
498.5,0,0,0,161,0,0,0,0,0,0,0,0,0,0,0,0,0,0
499.5,0,0,0,185,0,0,0,0,0,0,0,0,0,0,0,0,0,0
500.5,0,0,0,212,0,0,0,0,0,0,0,0,0,0,0,0,0,0
501.5,0,0,0,245,0,0,0,0,0,0,0,0,0,0,0,0,0,0
502.5,0,0,0,285,0,0,0,0,0,0,0,0,0,0,0,0,0,0
503.5,0,0,0,333,0,0,0,0,0,0,0,0,0,0,0,0,0,0
504.5,0,0,0,391,0,0,0,0,0,0,0,0,0,0,0,0,0,0
505.5,0,0,0,462,0,0,0,0,0,0,0,0,0,0,0,0,0,0
506.5,0,0,0,546,0,0,0,0,0,0,0,0,0,0,0,0,0,0
507.5,0,0,0,649,0,0,0,0,0,0,0,0,0,0,0,0,0,0
508.5,0,0,0,774,0,0,0,0,0,0,0,0,0,0,0,0,0,0
509.5,0,0,0,925,0,0,0,0,0,0,0,0,0,0,0,0,0,0
510.5,0,0,0,1109,0,0,0,0,0,0,0,0,0,0,0,0,0,0
511.5,0,0,0,1333,0,0,0,0,0,0,0,0,0,0,0,0,0,0
512.5,0,0,0,1604,0,0,0,0,0,0,0,0,0,0,0,0,0,0
513.5,0,0,0,1934,0,0,0,0,0,0,0,0,0,0,0,0,0,0
514.5,0,0,0,2334,0,0,0,0,0,0,0,0,0,0,0,0,0,0
515.5,0,0,0,2818,0,0,0,0,0,0,0,0,0,0,0,0,0,0
516.5,0,0,0,3404,0,0,0,0,0,0,0,0,0,0,0,0,0,0
517.5,0,0,0,4112,0,0,0,0,0,0,0,0,0,0,0,0,0,0
518.5,0,0,0,4965,0,0,0,0,0,0,0,0,0,0,0,0,0,0
519.5,0,0,0,5990,0,0,0,0,0,0,0,0,0,0,0,0,0,0
520.5,0,0,0,7217,0,0,0,0,0,0,0,0,0,0,0,0,0,0
521.5,0,0,0,8682,0,0,0,0,0,0,0,0,0,0,0,0,0,0
522.5,0,0,0,10423,0,0,0,0,0,0,0,0,0,0,0,0,0,0
523.5,0,0,0,12483,0,0,0,0,0,0,0,0,0,0,0,0,0,0
524.5,0,0,0,14909,0,0,0,0,0,0,0,0,0,0,0,0,0,0
525.5,0,0,0,17752,0,0,0,0,0,0,0,0,0,0,0,0,0,0
526.5,0,0,0,21062,0,0,0,0,0,0,0,0,0,0,0,0,0,0
527.5,0,0,0,24892,0,0,0,0,0,0,0,0,0,0,0,0,0,0
528.5,0,0,0,29295,0,0,0,0,0,0,0,0,0,0,0,0,0,0
529.5,0,0,0,34319,0,0,0,0,0,0,0,0,0,0,0,0,0,0
530.5,0,0,0,40007,0,0,0,0,0,0,0,0,0,0,0,0,0,0
531.5,0,0,0,46391,0,0,0,0,0,0,0,0,0,0,0,0,0,0
532.5,0,0,0,53493,0,0,0,0,0,0,0,0,0,0,0,0,0,0
533.5,0,0,0,61316,0,0,0,0,0,0,0,0,0,0,0,0,0,0
534.5,0,0,0,69844,0,0,0,0,0,0,0,0,0,0,0,0,0,0
535.5,0,0,0,79036,0,0,0,0,0,0,0,0,0,0,0,0,0,0
536.5,0,0,0,88824,0,0,0,0,0,0,0,0,0,0,0,0,0,0
537.5,0,0,0,99109,0,0,0,0,0,0,0,0,0,0,0,0,0,0
538.5,0,0,0,109761,0,0,0,0,0,0,0,0,0,0,0,0,0,0
539.5,0,0,0,120620,0,0,0,0,0,0,0,0,0,0,0,0,0,0
540.5,0,0,0,131493,0,0,0,0,0,0,0,0,0,0,0,0,0,0
541.5,0,0,0,142163,0,0,0,0,0,0,0,0,0,0,0,0,0,0
542.5,0,0,0,152392,0,0,0,0,0,0,0,0,0,0,0,0,0,0
543.5,0,0,0,161929,0,0,0,0,0,0,0,0,0,0,0,0,0,0
544.5,0,0,0,170519,0,0,0,0,0,0,0,0,0,0,0,0,0,0
545.5,0,0,0,177912,0,0,0,0,0,0,0,0,0,0,0,0,0,0
546.5,0,0,0,183880,0,0,0,0,0,0,0,0,0,0,0,0,0,0
547.5,0,0,0,188223,0,0,0,0,0,0,0,0,0,0,0,0,0,0
548.5,0,0,0,190779,0,0,0,0,0,0,0,0,0,0,0,0,0,0
549.5,0,0,0,191440,0,0,0,0,0,0,0,0,0,0,0,0,0,0
550.5,0,0,0,190153,0,0,0,0,0,0,0,0,0,0,0,0,0,0
551.5,0,0,0,186927,0,0,0,0,0,0,0,0,0,0,0,0,0,0
552.5,0,0,0,181832,0,0,0,0,0,0,0,0,0,0,0,0,0,0
553.5,0,0,0,175001,0,0,0,0,0,0,0,0,0,0,0,0,0,0
554.5,0,0,0,166617,0,0,0,0,0,0,0,0,0,0,0,0,0,0
555.5,0,0,0,156914,0,0,0,0,0,0,0,0,0,0,0,0,0,0
556.5,0,0,0,146155,0,0,0,0,0,0,0,0,0,0,0,0,0,0
557.5,0,0,0,134627,0,0,0,0,0,0,0,0,0,0,0,0,0,0
558.5,0,0,0,122625,0,0,0,0,0,0,0,0,0,0,0,0,0,0
559.5,0,0,0,110438,0,0,0,0,0,0,0,0,0,0,0,0,0,0
560.5,0,0,0,98338,0,0,0,0,0,0,0,0,0,0,0,0,0,0
561.5,0,0,0,86569,0,0,0,0,0,0,0,0,0,0,0,0,0,0
562.5,0,0,0,75338,0,0,0,0,0,0,0,0,0,0,0,0,0,0
563.5,0,0,0,64814,0,0,0,0,0,0,0,0,0,0,0,0,0,0
564.5,0,0,0,55120,0,0,0,0,0,0,0,0,0,0,0,0,0,0
565.5,0,0,0,46337,0,0,0,0,0,0,0,0,0,0,0,0,0,0
566.5,0,0,0,38505,0,0,0,0,0,0,0,0,0,0,0,0,0,0
567.5,0,0,0,31629,0,0,0,0,0,0,0,0,0,0,0,0,0,0
568.5,0,0,0,25682,0,0,0,0,0,0,0,0,0,0,0,0,0,0
569.5,0,0,0,20614,0,0,0,0,0,0,0,0,0,0,0,0,0,0
570.5,0,0,0,16357,0,0,0,0,0,0,0,0,0,0,0,0,0,0
571.5,0,0,0,12831,0,0,0,0,0,0,0,0,0,0,0,0,0,0
572.5,0,0,0,9951,0,0,0,0,0,0,0,0,0,0,0,0,0,0
573.5,0,0,0,7630,0,0,0,0,0,0,0,0,0,0,0,0,0,0
574.5,0,0,0,5785,0,0,0,0,0,0,0,0,0,0,0,0,0,0
575.5,0,0,0,4337,0,0,0,0,0,0,0,0,0,0,0,0,0,0
576.5,0,0,0,3216,0,0,0,0,0,0,0,0,0,0,0,0,0,0
577.5,0,0,0,2358,0,0,0,0,0,0,0,0,0,0,0,0,0,0
578.5,0,0,0,1711,0,0,0,0,0,0,0,0,0,0,0,0,0,0
579.5,0,0,0,1228,0,0,0,0,0,0,0,0,0,0,0,0,0,0
580.5,0,0,0,872,0,0,0,0,0,0,0,0,0,0,0,0,0,0
581.5,0,0,0,612,0,0,0,0,0,0,0,0,0,0,0,0,0,0
582.5,0,0,0,426,0,0,0,0,0,0,0,0,0,0,0,0,0,0
583.5,0,0,0,293,0,0,0,0,0,0,0,0,0,0,0,0,0,0
584.5,0,0,0,200,0,0,0,0,0,0,0,0,0,0,0,0,0,0
585.5,0,0,0,135,0,0,0,0,0,0,0,0,0,0,0,0,0,0
586.5,0,0,0,90,0,0,0,0,0,0,0,0,0,0,0,0,0,0
587.5,0,0,0,60,0,0,0,0,0,0,0,0,0,0,0,0,0,0
588.5,0,0,0,39,0,0,0,0,0,0,0,0,0,0,0,0,0,0
589.5,0,0,0,25,0,0,0,0,0,0,0,0,0,0,0,0,0,0
590.5,0,0,0,16,0,0,0,0,0,0,0,0,0,0,0,0,0,0
591.5,0,0,0,10,0,0,0,0,0,0,0,0,0,0,0,0,0,0
592.5,0,0,0,7,0,0,0,0,0,0,0,0,0,0,0,0,0,0
593.5,0,0,0,4,0,0,0,0,0,0,0,0,0,0,0,0,0,0
594.5,0,0,0,3,0,0,0,0,0,0,0,0,0,0,0,0,0,0
595.5,0,0,0,2,0,0,0,0,0,0,0,0,0,0,0,0,0,0
596.5,0,0,0,0,0,0,0,0,0,0,0,0,0,0,0,0,0,0
597.5,0,0,0,0,0,0,0,0,0,0,0,0,0,0,0,0,0,0
598.5,0,0,0,0,0,0,0,0,0,0,0,0,0,0,0,0,0,0
599.5,0,0,0,0,0,0,0,0,0,0,0,0,0,0,0,0,0,0
600.5,0,0,0,0,0,0,0,0,0,0,0,0,0,0,0,0,0,0
601.5,0,0,0,0,0,0,0,0,0,0,0,0,0,0,0,0,0,0
602.5,0,0,0,0,0,0,0,0,0,0,0,0,0,0,0,0,0,0
603.5,0,0,0,0,0,0,0,0,0,0,0,0,0,0,0,0,0,0
604.5,0,0,0,0,0,0,0,0,0,0,0,0,0,0,0,0,0,0
605.5,0,0,0,0,0,0,0,0,0,0,0,0,0,0,0,0,0,0
606.5,0,0,0,0,0,0,0,0,0,0,0,0,0,0,0,0,0,0
607.5,0,0,0,0,0,0,0,0,0,0,0,0,0,0,0,0,0,0
608.5,0,0,0,0,0,0,0,0,0,0,0,0,0,0,0,0,0,0
609.5,0,0,0,0,0,0,0,0,0,0,0,0,0,0,0,0,0,0
610.5,0,0,0,0,0,0,0,0,0,0,0,0,0,0,0,0,0,0
611.5,0,0,0,0,0,0,0,0,0,0,0,0,0,0,0,0,0,0
612.5,0,0,0,0,0,0,0,0,0,0,0,0,0,0,0,0,0,0
613.5,0,0,0,0,0,0,0,0,0,0,0,0,0,0,0,0,0,0
614.5,0,0,0,0,0,0,0,0,0,0,0,0,0,0,0,0,0,0
615.5,0,0,0,0,0,0,0,0,0,0,0,0,0,0,0,0,0,0
616.5,0,0,0,0,0,0,0,0,0,0,0,0,0,0,0,0,0,0
617.5,0,0,0,0,0,0,0,0,0,0,0,0,0,0,0,0,0,0
618.5,0,0,0,0,0,0,0,0,0,0,0,0,0,0,0,0,0,0
619.5,0,0,0,0,0,0,0,0,0,0,0,0,0,0,0,0,0,0
620.5,0,0,0,0,0,0,0,0,0,0,0,0,0,0,0,0,0,0
621.5,0,0,0,0,0,0,0,0,0,0,0,0,0,0,0,0,0,0
622.5,0,0,0,0,0,0,0,0,0,0,0,0,0,0,0,0,0,0
623.5,0,0,0,0,0,0,0,0,0,0,0,0,0,0,0,0,0,0
624.5,0,0,0,0,0,0,0,0,0,0,0,0,0,0,0,0,0,0
625.5,0,0,0,0,0,0,0,0,0,0,0,0,0,0,0,0,0,0
626.5,0,0,0,0,0,0,0,0,0,0,0,0,0,0,0,0,0,0
627.5,0,0,0,0,0,0,0,0,0,0,0,0,0,0,0,0,0,0
628.5,0,0,0,0,0,0,0,0,0,0,0,0,0,0,0,0,0,0
629.5,0,0,0,0,0,0,0,0,0,0,0,0,0,0,0,0,0,0
630.5,0,0,0,0,0,0,0,0,0,0,0,0,0,0,0,0,0,0
631.5,0,0,0,0,0,0,0,0,0,0,0,0,0,0,0,0,0,0
632.5,0,0,0,0,0,0,0,0,0,0,0,0,0,0,0,0,0,0
633.5,0,0,0,0,0,0,0,0,0,0,0,0,0,0,0,0,0,0
634.5,0,0,0,0,0,0,0,0,0,0,0,0,0,0,0,0,0,0
635.5,0,0,0,0,0,0,0,0,0,0,0,0,0,0,0,0,0,0
636.5,0,0,0,0,0,0,0,0,0,0,0,0,0,0,0,0,0,0
637.5,0,0,0,0,0,0,0,0,0,0,0,0,0,0,0,0,0,0
638.5,0,0,0,0,0,0,0,0,0,0,0,0,0,0,0,0,0,0
639.5,0,0,0,0,0,0,0,0,0,0,0,0,0,0,0,0,0,0
640.5,0,0,0,0,0,0,0,0,0,0,0,0,0,0,0,0,0,0
641.5,0,0,0,0,0,0,0,0,0,0,0,0,0,0,0,0,0,0
642.5,0,0,0,0,0,0,0,0,0,0,0,0,0,0,0,0,0,0
643.5,0,0,0,0,0,0,0,0,0,0,0,0,0,0,0,0,0,0
644.5,0,0,0,0,0,0,0,0,0,0,0,0,0,0,0,0,0,0
645.5,0,0,0,0,0,0,0,0,0,0,0,0,0,0,0,0,0,0
646.5,0,0,0,0,0,0,0,0,0,0,0,0,0,0,0,0,0,0
647.5,0,0,0,0,0,0,0,0,0,0,0,0,0,0,0,0,0,0
648.5,0,0,0,0,0,0,0,0,0,0,0,0,0,0,0,0,0,0
649.5,0,0,0,0,0,0,0,0,0,0,0,0,0,0,0,0,0,0
650.5,0,0,0,0,0,0,0,0,0,0,0,0,0,0,0,0,0,0
651.5,0,0,0,0,0,0,0,0,0,0,0,0,0,0,0,0,0,0
652.5,0,0,0,0,0,0,0,0,0,0,0,0,0,0,0,0,0,0
653.5,0,0,0,0,0,0,0,0,0,0,0,0,0,0,0,0,0,0
654.5,0,0,0,0,0,0,0,0,0,0,0,0,0,0,0,0,0,0
655.5,0,0,0,0,0,0,0,0,0,0,0,0,0,0,0,0,0,0
656.5,0,0,0,0,0,0,0,0,0,0,0,0,0,0,0,0,0,0
657.5,0,0,0,0,0,0,0,0,0,0,0,0,0,0,0,0,0,0
658.5,0,0,0,0,0,0,0,0,0,0,0,0,0,0,0,0,0,0
659.5,0,0,0,0,0,0,0,0,0,0,0,0,0,0,0,0,0,0
660.5,0,0,0,0,0,0,0,0,0,0,0,0,0,0,0,0,0,0
661.5,0,0,0,0,0,0,0,0,0,0,0,0,0,0,0,0,0,0
662.5,0,0,0,0,0,0,0,0,0,0,0,0,0,0,0,0,0,0
663.5,0,0,0,0,0,0,0,0,0,0,0,0,0,0,0,0,0,0
664.5,0,0,0,0,0,0,0,0,0,0,0,0,0,0,0,0,0,0
665.5,0,0,0,0,0,0,0,0,0,0,0,0,0,0,0,0,0,0
666.5,0,0,0,0,0,0,0,0,0,0,0,0,0,0,0,0,0,0
667.5,0,0,0,0,0,0,0,0,0,0,0,0,0,0,0,0,0,0
668.5,0,0,0,0,0,0,0,0,0,0,0,0,0,0,0,0,0,0
669.5,0,0,0,0,0,0,0,0,0,0,0,0,0,0,0,0,0,0
670.5,0,0,0,0,0,0,0,0,0,0,0,0,0,0,0,0,0,0
671.5,0,0,0,0,0,0,0,0,0,0,0,0,0,0,0,0,0,0
672.5,0,0,0,0,0,0,0,0,0,0,0,0,0,0,0,0,0,0
673.5,0,0,0,0,0,0,0,0,0,0,0,0,0,0,0,0,0,0
674.5,0,0,0,0,0,0,0,0,0,0,0,0,0,0,0,0,0,0
675.5,0,0,0,0,0,0,0,0,0,0,0,0,0,0,0,0,0,0
676.5,0,0,0,0,0,0,0,0,0,0,0,0,0,0,0,0,0,0
677.5,0,0,0,0,0,0,0,0,0,0,0,0,0,0,0,0,0,0
678.5,0,0,0,0,0,0,0,0,0,0,0,0,0,0,0,0,0,0
679.5,0,0,0,0,0,0,0,0,0,0,0,0,0,0,0,0,0,0
680.5,0,0,0,0,0,0,0,0,0,0,0,0,0,0,0,0,0,0
681.5,0,0,0,0,0,0,0,0,0,0,0,0,0,0,0,0,0,0
682.5,0,0,0,0,0,0,0,0,0,0,0,0,0,0,0,0,0,0
683.5,0,0,0,0,0,0,0,0,0,0,0,0,0,0,0,0,0,0
684.5,0,0,0,0,0,0,0,0,0,0,0,0,0,0,0,0,0,0
685.5,0,0,0,0,0,0,0,0,0,0,0,0,0,0,0,0,0,0
686.5,0,0,0,0,0,0,0,0,0,0,0,0,0,0,0,0,0,0
687.5,0,0,0,0,0,0,0,0,0,0,0,0,0,0,0,0,0,0
688.5,0,0,0,0,0,0,0,0,0,0,0,0,0,0,0,0,0,0
689.5,0,0,0,0,0,0,0,0,0,0,0,0,0,0,0,0,0,0
690.5,0,0,0,0,0,0,0,0,0,0,0,0,0,0,0,0,0,0
691.5,0,0,0,0,0,0,0,0,0,0,0,0,0,0,0,0,0,0
692.5,0,0,0,0,0,0,0,0,0,0,0,0,0,0,0,0,0,0
693.5,0,0,0,0,0,0,0,0,0,0,0,0,0,0,0,0,0,0
694.5,0,0,0,0,0,0,0,0,0,0,0,0,0,0,0,0,0,0
695.5,0,0,0,0,0,0,0,0,0,0,0,0,0,0,0,0,0,0
696.5,0,0,0,0,0,0,0,0,0,0,0,0,0,0,0,0,0,0
697.5,0,0,0,0,0,0,0,0,0,0,0,0,0,0,0,0,0,0
698.5,0,0,0,0,0,0,0,0,0,0,0,0,0,0,0,0,0,0
699.5,0,0,0,0,0,0,0,0,0,0,0,0,0,0,0,0,0,0
700.5,0,0,0,0,0,0,0,0,0,0,0,0,0,0,0,0,0,0
701.5,0,0,0,0,0,0,0,0,0,0,0,0,0,0,0,0,0,0
702.5,0,0,0,0,0,0,0,0,0,0,0,0,0,0,0,0,0,0
703.5,0,0,0,0,0,0,0,0,0,0,0,0,0,0,0,0,0,0
704.5,0,0,0,0,0,0,0,0,0,0,0,0,0,0,0,0,0,0
705.5,0,0,0,0,0,0,0,0,0,0,0,0,0,0,0,0,0,0
706.5,0,0,0,0,0,0,0,0,0,0,0,0,0,0,0,0,0,0
707.5,0,0,0,0,0,0,0,0,0,0,0,0,0,0,0,0,0,0
708.5,0,0,0,0,0,0,0,0,0,0,0,0,0,0,0,0,0,0
709.5,0,0,0,0,0,0,0,0,0,0,0,0,0,0,0,0,0,0
710.5,0,0,0,0,0,0,0,0,0,0,0,0,0,0,0,0,0,0
711.5,0,0,0,0,0,0,0,0,0,0,0,0,0,0,0,0,0,0
712.5,0,0,0,0,0,0,0,0,0,0,0,0,0,0,0,0,0,0
713.5,0,0,0,0,0,0,0,0,0,0,0,0,0,0,0,0,0,0
714.5,0,0,0,0,0,0,0,0,0,0,0,0,0,0,0,0,0,0
715.5,0,0,0,0,0,0,0,0,0,0,0,0,0,0,0,0,0,0
716.5,0,0,0,0,0,0,0,0,0,0,0,0,0,0,0,0,0,0
717.5,0,0,0,0,0,0,0,0,0,0,0,0,0,0,0,0,0,0
718.5,0,0,0,0,0,0,0,0,0,0,0,0,0,0,0,0,0,0
719.5,0,0,0,0,0,0,0,0,0,0,0,0,0,0,0,0,0,0
720.5,0,0,0,0,0,0,0,0,0,0,0,0,0,0,0,0,0,0
721.5,0,0,0,0,0,0,0,0,0,0,0,0,0,0,0,0,0,0
722.5,0,0,0,0,0,0,0,0,0,0,0,0,0,0,0,0,0,0
723.5,0,0,0,0,0,0,0,0,0,0,0,0,0,0,0,0,0,0
724.5,0,0,0,0,0,0,0,0,0,0,0,0,0,0,0,0,0,0
725.5,0,0,0,0,0,0,0,0,0,0,0,0,0,0,0,0,0,0
726.5,0,0,0,0,0,0,0,0,0,0,0,0,0,0,0,0,0,0
727.5,0,0,0,0,0,0,0,0,0,0,0,0,0,0,0,0,0,0
728.5,0,0,0,0,0,0,0,0,0,0,0,0,0,0,0,0,0,0
729.5,0,0,0,0,0,0,0,0,0,0,0,0,0,0,0,0,0,0
730.5,0,0,0,0,0,0,0,0,0,0,0,0,0,0,0,0,0,0
731.5,0,0,0,0,0,0,0,0,0,0,0,0,0,0,0,0,0,0
732.5,0,0,0,0,0,0,0,0,0,0,0,0,0,0,0,0,0,0
733.5,0,0,0,0,0,0,0,0,0,0,0,0,0,0,0,0,0,0
734.5,0,0,0,0,0,0,0,0,0,0,0,0,0,0,0,0,0,0
735.5,0,0,0,0,0,0,0,0,0,0,0,0,0,0,0,0,0,0
736.5,0,0,0,0,0,0,0,0,0,0,0,0,0,0,0,0,0,0
737.5,0,0,0,0,0,0,0,0,0,0,0,0,0,0,0,0,0,0
738.5,0,0,0,0,0,0,0,0,0,0,0,0,0,0,0,0,0,0
739.5,0,0,0,0,0,0,0,0,0,0,0,0,0,0,0,0,0,0
740.5,0,0,0,0,0,0,0,0,0,0,0,0,0,0,0,0,0,0
741.5,0,0,0,0,0,0,0,0,0,0,0,0,0,0,0,0,0,0
742.5,0,0,0,0,0,0,0,0,0,0,0,0,0,0,0,0,0,0
743.5,0,0,0,0,0,0,0,0,0,0,0,0,0,0,0,0,0,0
744.5,0,0,0,0,0,0,0,0,0,0,0,0,0,0,0,0,0,0
745.5,0,0,0,0,0,0,0,0,0,0,0,0,0,0,0,0,0,0
746.5,0,0,0,1,0,0,0,0,0,0,0,0,0,0,0,0,0,0
747.5,0,0,0,2,0,0,0,0,0,0,0,0,0,0,0,0,0,0
748.5,0,0,0,3,0,0,0,0,0,0,0,0,0,0,0,0,0,0
749.5,0,0,0,4,0,0,0,0,0,0,0,0,0,0,0,0,0,0
750.5,0,0,0,6,0,0,0,0,0,0,0,0,0,0,0,0,0,0
751.5,0,0,0,9,0,0,0,0,0,0,0,0,0,0,0,0,0,0
752.5,0,0,0,12,0,0,0,0,0,0,0,0,0,0,0,0,0,0
753.5,0,0,0,18,0,0,0,0,0,0,0,0,0,0,0,0,0,0
754.5,0,0,0,25,0,0,0,0,0,0,0,0,0,0,0,0,0,0
755.5,0,0,0,36,0,0,0,0,0,0,0,0,0,0,0,0,0,0
756.5,0,0,0,50,0,0,0,0,0,0,0,0,0,0,0,0,0,0
757.5,0,0,0,70,0,0,0,0,0,0,0,0,0,0,0,0,0,0
758.5,0,0,0,97,0,0,0,0,0,0,0,0,0,0,0,0,0,0
759.5,0,0,0,134,0,0,0,0,0,0,0,0,0,0,0,0,0,0
760.5,0,0,0,183,0,0,0,0,0,0,0,0,0,0,0,0,0,0
761.5,0,0,0,249,0,0,0,0,0,0,0,0,0,0,0,0,0,0
762.5,0,0,0,336,0,0,0,0,0,0,0,0,0,0,0,0,0,0
763.5,0,0,0,449,0,0,0,0,0,0,0,0,0,0,0,0,0,0
764.5,0,0,0,597,0,0,0,0,0,0,0,0,0,0,0,0,0,0
765.5,0,0,0,787,0,0,0,0,0,0,0,0,0,0,0,0,0,0
766.5,0,0,0,1030,0,0,0,0,0,0,0,0,0,0,0,0,0,0
767.5,0,0,0,1338,0,0,0,0,0,0,0,0,0,0,0,0,0,0
768.5,0,0,0,1725,0,0,0,0,0,0,0,0,0,0,0,0,0,0
769.5,0,0,0,2207,0,0,0,0,0,0,0,0,0,0,0,0,0,0
770.5,0,0,0,2803,0,0,0,0,0,0,0,0,0,0,0,0,0,0
771.5,0,0,0,3533,0,0,0,0,0,0,0,0,0,0,0,0,0,0
772.5,0,0,0,4419,0,0,0,0,0,0,0,0,0,0,0,0,0,0
773.5,0,0,0,5485,0,0,0,0,0,0,0,0,0,0,0,0,0,0
774.5,0,0,0,6756,0,0,0,0,0,0,0,0,0,0,0,0,0,0
775.5,0,0,0,8257,0,0,0,0,0,0,0,0,0,0,0,0,0,0
776.5,0,0,0,10014,0,0,0,0,0,0,0,0,0,0,0,0,0,0
777.5,0,0,0,12052,0,0,0,0,0,0,0,0,0,0,0,0,0,0
778.5,0,0,0,14392,0,0,0,0,0,0,0,0,0,0,0,0,0,0
779.5,0,0,0,17053,0,0,0,0,0,0,0,0,0,0,0,0,0,0
780.5,0,0,0,20051,0,0,0,0,0,0,0,0,0,0,0,0,0,0
781.5,0,0,0,23393,0,0,0,0,0,0,0,0,0,0,0,0,0,0
782.5,0,0,0,27082,0,0,0,0,0,0,0,0,0,0,0,0,0,0
783.5,0,0,0,31110,0,0,0,0,0,0,0,0,0,0,0,0,0,0
784.5,0,0,0,35461,0,0,0,0,0,0,0,0,0,0,0,0,0,0
785.5,0,0,0,40109,0,0,0,0,0,0,0,0,0,0,0,0,0,0
786.5,0,0,0,45018,0,0,0,0,0,0,0,0,0,0,0,0,0,0
787.5,0,0,0,50138,0,0,0,0,0,0,0,0,0,0,0,0,0,0
788.5,0,0,0,55413,0,0,0,0,0,0,0,0,0,0,0,0,0,0
789.5,0,0,0,60775,0,0,0,0,0,0,0,0,0,0,0,0,0,0
790.5,0,0,0,66146,0,0,0,0,0,0,0,0,0,0,0,0,0,0
791.5,0,0,0,71444,0,0,0,0,0,0,0,0,0,0,0,0,0,0
792.5,0,0,0,76581,0,0,0,0,0,0,0,0,0,0,0,0,0,0
793.5,0,0,0,81467,0,0,0,0,0,0,0,0,0,0,0,0,0,0
794.5,0,0,0,86012,0,0,0,0,0,0,0,0,0,0,0,0,0,0
795.5,0,0,0,90128,0,0,0,0,0,0,0,0,0,0,0,0,0,0
796.5,0,0,0,93736,0,0,0,0,0,0,0,0,0,0,0,0,0,0
797.5,0,0,0,96764,0,0,0,0,0,0,0,0,0,0,0,0,0,0
798.5,0,0,0,99149,0,0,0,0,0,0,0,0,0,0,0,0,0,0
799.5,0,0,0,100844,0,0,0,0,0,0,0,0,0,0,0,0,0,0
800.5,0,0,0,101816,0,0,0,0,0,0,0,0,0,0,0,0,0,0
801.5,0,0,0,102048,0,0,0,0,0,0,0,0,0,0,0,0,0,0
802.5,0,0,0,101539,0,0,0,0,0,0,0,0,0,0,0,0,0,0
803.5,0,0,0,100304,0,0,0,0,0,0,0,0,0,0,0,0,0,0
804.5,0,0,0,98374,0,0,0,0,0,0,0,0,0,0,0,0,0,0
805.5,0,0,0,95795,0,0,0,0,0,0,0,0,0,0,0,0,0,0
806.5,0,0,0,92622,0,0,0,0,0,0,0,0,0,0,0,0,0,0
807.5,0,0,0,88926,0,0,0,0,0,0,0,0,0,0,0,0,0,0
808.5,0,0,0,84782,0,0,0,0,0,0,0,0,0,0,0,0,0,0
809.5,0,0,0,80270,0,0,0,0,0,0,0,0,0,0,0,0,0,0
810.5,0,0,0,75477,0,0,0,0,0,0,0,0,0,0,0,0,0,0
811.5,0,0,0,70485,0,0,0,0,0,0,0,0,0,0,0,0,0,0
812.5,0,0,0,65378,0,0,0,0,0,0,0,0,0,0,0,0,0,0
813.5,0,0,0,60234,0,0,0,0,0,0,0,0,0,0,0,0,0,0
814.5,0,0,0,55124,0,0,0,0,0,0,0,0,0,0,0,0,0,0
815.5,0,0,0,50116,0,0,0,0,0,0,0,0,0,0,0,0,0,0
816.5,0,0,0,45264,0,0,0,0,0,0,0,0,0,0,0,0,0,0
817.5,0,0,0,40617,0,0,0,0,0,0,0,0,0,0,0,0,0,0
818.5,0,0,0,36212,0,0,0,0,0,0,0,0,0,0,0,0,0,0
819.5,0,0,0,32080,0,0,0,0,0,0,0,0,0,0,0,0,0,0
820.5,0,0,0,28240,0,0,0,0,0,0,0,0,0,0,0,0,0,0
821.5,0,0,0,24705,0,0,0,0,0,0,0,0,0,0,0,0,0,0
822.5,0,0,0,21478,0,0,0,0,0,0,0,0,0,0,0,0,0,0
823.5,0,0,0,18559,0,0,0,0,0,0,0,0,0,0,0,0,0,0
824.5,0,0,0,15940,0,0,0,0,0,0,0,0,0,0,0,0,0,0
825.5,0,0,0,13608,0,0,0,0,0,0,0,0,0,0,0,0,0,0
826.5,0,0,0,11549,0,0,0,0,0,0,0,0,0,0,0,0,0,0
827.5,0,0,0,9744,0,0,0,0,0,0,0,0,0,0,0,0,0,0
828.5,0,0,0,8173,0,0,0,0,0,0,0,0,0,0,0,0,0,0
829.5,0,0,0,6816,0,0,0,0,0,0,0,0,0,0,0,0,0,0
830.5,0,0,0,5653,0,0,0,0,0,0,0,0,0,0,0,0,0,0
831.5,0,0,0,4662,0,0,0,0,0,0,0,0,0,0,0,0,0,0
832.5,0,0,0,3823,0,0,0,0,0,0,0,0,0,0,0,0,0,0
833.5,0,0,0,3118,0,0,0,0,0,0,0,0,0,0,0,0,0,0
834.5,0,0,0,2530,0,0,0,0,0,0,0,0,0,0,0,0,0,0
835.5,0,0,0,2042,0,0,0,0,0,0,0,0,0,0,0,0,0,0
836.5,0,0,0,1639,0,0,0,0,0,0,0,0,0,0,0,0,0,0
837.5,0,0,0,1309,0,0,0,0,0,0,0,0,0,0,0,0,0,0
838.5,0,0,0,1040,0,0,0,0,0,0,0,0,0,0,0,0,0,0
839.5,0,0,0,822,0,0,0,0,0,0,0,0,0,0,0,0,0,0
840.5,0,0,0,647,0,0,0,0,0,0,0,0,0,0,0,0,0,0
841.5,0,0,0,506,0,0,0,0,0,0,0,0,0,0,0,0,0,0
842.5,0,0,0,394,0,0,0,0,0,0,0,0,0,0,0,0,0,0
843.5,0,0,0,306,0,0,0,0,0,0,0,0,0,0,0,0,0,0
844.5,0,0,0,236,0,0,0,0,0,0,0,0,0,0,0,0,0,0
845.5,0,0,0,181,0,0,0,0,0,0,0,0,0,0,0,0,0,0
846.5,0,0,0,139,0,0,0,0,0,0,0,0,0,0,0,0,0,0
847.5,0,0,0,106,0,0,0,0,0,0,0,0,0,0,0,0,0,0
848.5,0,0,0,80,0,0,0,0,0,0,0,0,0,0,0,0,0,0
849.5,0,0,0,60,0,0,0,0,0,0,0,0,0,0,0,0,0,0
850.5,0,0,0,45,0,0,0,0,0,0,0,0,0,0,0,0,0,0
851.5,0,0,0,34,0,0,0,0,0,0,0,0,0,0,0,0,0,0
852.5,0,0,0,25,0,0,0,0,0,0,0,0,0,0,0,0,0,0
853.5,0,0,0,19,0,0,0,0,0,0,0,0,0,0,0,0,0,0
854.5,0,0,0,14,0,0,0,0,0,0,0,0,0,0,0,0,0,0
855.5,0,0,0,10,0,0,0,0,0,0,0,0,0,0,0,0,0,0
856.5,0,0,0,8,0,0,0,0,0,0,0,0,0,0,0,0,0,0
857.5,0,0,0,5,0,0,0,0,0,0,0,0,0,0,0,0,0,0
858.5,0,0,0,4,0,0,0,0,0,0,0,0,0,0,0,0,0,0
859.5,0,0,0,3,0,0,0,0,0,0,0,0,0,0,0,0,0,0
860.5,0,0,0,2,0,0,0,0,0,0,0,0,0,0,0,0,0,0
861.5,0,0,0,2,0,0,0,0,0,0,0,0,0,0,0,0,0,0
862.5,0,0,0,1,0,0,0,0,0,0,0,0,0,0,0,0,0,0
863.5,0,0,0,0,0,0,0,0,0,0,0,0,0,0,0,0,0,0
864.5,0,0,0,0,0,0,0,0,0,0,0,0,0,0,0,0,0,0
865.5,0,0,0,0,0,0,0,0,0,0,0,0,0,0,0,0,0,0
866.5,0,0,0,0,0,0,0,0,0,0,0,0,0,0,0,0,0,0
867.5,0,0,0,0,0,0,0,0,0,0,0,0,0,0,0,0,0,0
868.5,0,0,0,0,0,0,0,0,0,0,0,0,0,0,0,0,0,0
869.5,0,0,0,0,0,0,0,0,0,0,0,0,0,0,0,0,0,0
870.5,0,0,0,0,0,0,0,0,0,0,0,0,0,0,0,0,0,0
871.5,0,0,0,0,0,0,0,0,0,0,0,0,0,0,0,0,0,0
872.5,0,0,0,0,0,0,0,0,0,0,0,0,0,0,0,0,0,0
873.5,0,0,0,0,0,0,0,0,0,0,0,0,0,0,0,0,0,0
874.5,0,0,0,0,0,0,0,0,0,0,0,0,0,0,0,0,0,0
875.5,0,0,0,0,0,0,0,0,0,0,0,0,0,0,0,0,0,0
876.5,0,0,0,0,0,0,0,0,0,0,0,0,0,0,0,0,0,0
877.5,0,0,0,0,0,0,0,0,0,0,0,0,0,0,0,0,0,0
878.5,0,0,0,0,0,0,0,0,0,0,0,0,0,0,0,0,0,0
879.5,0,0,0,0,0,0,0,0,0,0,0,0,0,0,0,0,0,0
880.5,0,0,0,0,0,0,0,0,0,0,0,0,0,0,0,0,0,0
881.5,0,0,0,0,0,0,0,0,0,0,0,0,0,0,0,0,0,0
882.5,0,0,0,0,0,0,0,0,0,0,0,0,0,0,0,0,0,0
883.5,0,0,0,0,0,0,0,0,0,0,0,0,0,0,0,0,0,0
884.5,0,0,0,0,0,0,0,0,0,0,0,0,0,0,0,0,0,0
885.5,0,0,0,0,0,0,0,0,0,0,0,0,0,0,0,0,0,0
886.5,0,0,0,0,0,0,0,0,0,0,0,0,0,0,0,0,0,0
887.5,0,0,0,0,0,0,0,0,0,0,0,0,0,0,0,0,0,0
888.5,0,0,0,0,0,0,0,0,0,0,0,0,0,0,0,0,0,0
889.5,0,0,0,0,0,0,0,0,0,0,0,0,0,0,0,0,0,0
890.5,0,0,0,0,0,0,0,0,0,0,0,0,0,0,0,0,0,0
891.5,0,0,0,0,0,0,0,0,0,0,0,0,0,0,0,0,0,0
892.5,0,0,0,0,0,0,0,0,0,0,0,0,0,0,0,0,0,0
893.5,0,0,0,0,0,0,0,0,0,0,0,0,0,0,0,0,0,0
894.5,0,0,0,0,0,0,0,0,0,0,0,0,0,0,0,0,0,0
895.5,0,0,0,0,0,0,0,0,0,0,0,0,0,0,0,0,0,0
896.5,0,0,0,0,0,0,0,0,0,0,0,0,0,0,0,0,0,0
897.5,0,0,0,0,0,0,0,0,0,0,0,0,0,0,0,0,0,0
898.5,0,0,0,0,0,0,0,0,0,0,0,0,0,0,0,0,0,0
899.5,0,0,0,0,0,0,0,0,0,0,0,0,0,0,0,0,0,0
900.5,0,0,0,0,0,0,0,0,0,0,0,0,0,0,0,0,0,0
901.5,0,0,0,0,0,0,0,0,0,0,0,0,0,0,0,0,0,0
902.5,0,0,0,0,0,0,0,0,0,0,0,0,0,0,0,0,0,0
903.5,0,0,0,0,0,0,0,0,0,0,0,0,0,0,0,0,0,0
904.5,0,0,0,0,0,0,0,0,0,0,0,0,0,0,0,0,0,0
905.5,0,0,0,0,0,0,0,0,0,0,0,0,0,0,0,0,0,0
906.5,0,0,0,0,0,0,0,0,0,0,0,0,0,0,0,0,0,0
907.5,0,0,0,0,0,0,0,0,0,0,0,0,0,0,0,0,0,0
908.5,0,0,0,0,0,0,0,0,0,0,0,0,0,0,0,0,0,0
909.5,0,0,0,0,0,0,0,0,0,0,0,0,0,0,0,0,0,0
910.5,0,0,0,0,0,0,0,0,0,0,0,0,0,0,0,0,0,0
911.5,0,0,0,0,0,0,0,0,0,0,0,0,0,0,0,0,0,0
912.5,0,0,0,0,0,0,0,0,0,0,0,0,0,0,0,0,0,0
913.5,0,0,0,0,0,0,0,0,0,0,0,0,0,0,0,0,0,0
914.5,0,0,0,0,0,0,0,0,0,0,0,0,0,0,0,0,0,0
915.5,0,0,0,0,0,0,0,0,0,0,0,0,0,0,0,0,0,0
916.5,0,0,0,0,0,0,0,0,0,0,0,0,0,0,0,0,0,0
917.5,0,0,0,0,0,0,0,0,0,0,0,0,0,0,0,0,0,0
918.5,0,0,0,0,0,0,0,0,0,0,0,0,0,0,0,0,0,0
919.5,0,0,0,0,0,0,0,0,0,0,0,0,0,0,0,0,0,0
920.5,0,0,0,0,0,0,0,0,0,0,0,0,0,0,0,0,0,0
921.5,0,0,0,0,0,0,0,0,0,0,0,0,0,0,0,0,0,0
922.5,0,0,0,0,0,0,0,0,0,0,0,0,0,0,0,0,0,0
923.5,0,0,0,0,0,0,0,0,0,0,0,0,0,0,0,0,0,0
924.5,0,0,0,0,0,0,0,0,0,0,0,0,0,0,0,0,0,0
925.5,0,0,0,0,0,0,0,0,0,0,0,0,0,0,0,0,0,0
926.5,0,0,0,0,0,0,0,0,0,0,0,0,0,0,0,0,0,0
927.5,0,0,0,0,0,0,0,0,0,0,0,0,0,0,0,0,0,0
928.5,0,0,0,0,0,0,0,0,0,0,0,0,0,0,0,0,0,0
929.5,0,0,0,0,0,0,0,0,0,0,0,0,0,0,0,0,0,0
930.5,0,0,0,0,0,0,0,0,0,0,0,0,0,0,0,0,0,0
931.5,0,0,0,0,0,0,0,0,0,0,0,0,0,0,0,0,0,0
932.5,0,0,0,0,0,0,0,0,0,0,0,0,0,0,0,0,0,0
933.5,0,0,0,0,0,0,0,0,0,0,0,0,0,0,0,0,0,0
934.5,0,0,0,0,0,0,0,0,0,0,0,0,0,0,0,0,0,0
935.5,0,0,0,0,0,0,0,0,0,0,0,0,0,0,0,0,0,0
936.5,0,0,0,0,0,0,0,0,0,0,0,0,0,0,0,0,0,0
937.5,0,0,0,0,0,0,0,0,0,0,0,0,0,0,0,0,0,0
938.5,0,0,0,0,0,0,0,0,0,0,0,0,0,0,0,0,0,0
939.5,0,0,0,0,0,0,0,0,0,0,0,0,0,0,0,0,0,0
940.5,0,0,0,0,0,0,0,0,0,0,0,0,0,0,0,0,0,0
941.5,0,0,0,0,0,0,0,0,0,0,0,0,0,0,0,0,0,0
942.5,0,0,0,0,0,0,0,0,0,0,0,0,0,0,0,0,0,0
943.5,0,0,0,0,0,0,0,0,0,0,0,0,0,0,0,0,0,0
944.5,0,0,0,0,0,0,0,0,0,0,0,0,0,0,0,0,0,0
945.5,0,0,0,0,0,0,0,0,0,0,0,0,0,0,0,0,0,0
946.5,0,0,0,0,0,0,0,0,0,0,0,0,0,0,0,0,0,0
947.5,0,0,0,0,0,0,0,0,0,0,0,0,0,0,0,0,0,0
948.5,0,0,0,0,0,0,0,0,0,0,0,0,0,0,0,0,0,0
949.5,0,0,0,0,0,0,0,0,0,0,0,0,0,0,0,0,0,0
950.5,0,0,0,0,0,0,0,0,0,0,0,0,0,0,0,0,0,0
951.5,0,0,0,0,0,0,0,0,0,0,0,0,0,0,0,0,0,0
952.5,0,0,0,0,0,0,0,0,0,0,0,0,0,0,0,0,0,0
953.5,0,0,0,0,0,0,0,0,0,0,0,0,0,0,0,0,0,0
954.5,0,0,0,0,0,0,0,0,0,0,0,0,0,0,0,0,0,0
955.5,0,0,0,0,0,0,0,0,0,0,0,0,0,0,0,0,0,0
956.5,0,0,0,0,0,0,0,0,0,0,0,0,0,0,0,0,0,0
957.5,0,0,0,0,0,0,0,0,0,0,0,0,0,0,0,0,0,0
958.5,0,0,0,0,0,0,0,0,0,0,0,0,0,0,0,0,0,0
959.5,0,0,0,0,0,0,0,0,0,0,0,0,0,0,0,0,0,0
960.5,0,0,0,0,0,0,0,0,0,0,0,0,0,0,0,0,0,0
961.5,0,0,0,0,0,0,0,0,0,0,0,0,0,0,0,0,0,0
962.5,0,0,0,0,0,0,0,0,0,0,0,0,0,0,0,0,0,0
963.5,0,0,0,0,0,0,0,0,0,0,0,0,0,0,0,0,0,0
964.5,0,0,0,0,0,0,0,0,0,0,0,0,0,0,0,0,0,0
965.5,0,0,0,0,0,0,0,0,0,0,0,0,0,0,0,0,0,0
966.5,0,0,0,0,0,0,0,0,0,0,0,0,0,0,0,0,0,0
967.5,0,0,0,0,0,0,0,0,0,0,0,0,0,0,0,0,0,0
968.5,0,0,0,0,0,0,0,0,0,0,0,0,0,0,0,0,0,0
969.5,0,0,0,0,0,0,0,0,0,0,0,0,0,0,0,0,0,0
970.5,0,0,0,0,0,0,0,0,0,0,0,0,0,0,0,0,0,0
971.5,0,0,0,0,0,0,0,0,0,0,0,0,0,0,0,0,0,0
972.5,0,0,0,0,0,0,0,0,0,0,0,0,0,0,0,0,0,0
973.5,0,0,0,0,0,0,0,0,0,0,0,0,0,0,0,0,0,0
974.5,0,0,0,0,0,0,0,0,0,0,0,0,0,0,0,0,0,0
975.5,0,0,0,0,0,0,0,0,0,0,0,0,0,0,0,0,0,0
976.5,0,0,0,0,0,0,0,0,0,0,0,0,0,0,0,0,0,0
977.5,0,0,0,0,0,0,0,0,0,0,0,0,0,0,0,0,0,0
978.5,0,0,0,0,0,0,0,0,0,0,0,0,0,0,0,0,0,0
979.5,0,0,0,0,0,0,0,0,0,0,0,0,0,0,0,0,0,0
980.5,0,0,0,0,0,0,0,0,0,0,0,0,0,0,0,0,0,0
981.5,0,0,0,0,0,0,0,0,0,0,0,0,0,0,0,0,0,0
982.5,0,0,0,0,0,0,0,0,0,0,0,0,0,0,0,0,0,0
983.5,0,0,0,0,0,0,0,0,0,0,0,0,0,0,0,0,0,0
984.5,0,0,0,0,0,0,0,0,0,0,0,0,0,0,0,0,0,0
985.5,0,0,0,0,0,0,0,0,0,0,0,0,0,0,0,0,0,0
986.5,0,0,0,0,0,0,0,0,0,0,0,0,0,0,0,0,0,0
987.5,0,0,0,0,0,0,0,0,0,0,0,0,0,0,0,0,0,0
988.5,0,0,0,0,0,0,0,0,0,0,0,0,0,0,0,0,0,0
989.5,0,0,0,0,0,0,0,0,0,0,0,0,0,0,0,0,0,0
990.5,0,0,0,0,0,0,0,0,0,0,0,0,0,0,0,0,0,0
991.5,0,0,0,0,0,0,0,0,0,0,0,0,0,0,0,0,0,0
992.5,0,0,0,0,0,0,0,0,0,0,0,0,0,0,0,0,0,0
993.5,0,0,0,0,0,0,0,0,0,0,0,0,0,0,0,0,0,0
994.5,0,0,0,0,0,0,0,0,0,0,0,0,0,0,0,0,0,0
995.5,0,0,0,0,0,0,0,0,0,0,0,0,0,0,0,0,0,0
996.5,0,0,0,0,0,0,0,0,0,0,0,0,0,0,0,0,0,0
997.5,0,0,0,0,0,0,0,0,0,0,0,0,0,0,0,0,0,0
998.5,0,0,0,0,0,0,0,0,0,0,0,0,0,0,0,0,0,0
999.5,0,0,0,0,0,0,0,0,0,0,0,0,0,0,0,0,0,0
